sample_index,ground_truth_label,kgtrace_probability,kgtrace_predicted_label
0,1,0.99996924,1
1,0,0.08983307,0
2,1,0.96902978,1
3,0,0.04677379,0
4,1,0.08075086,0
5,0,0.10612493,0
6,0,0.04688383,0
7,0,0.01317801,0
8,0,0.04985645,0
9,0,0.03346711,0
10,0,0.0123442,0
11,1,0.99785233,1
12,0,0.03925429,0
13,0,0.0006177,0
14,0,0.08110408,0
15,1,0.99967182,1
16,0,0.05903257,0
17,0,0.00824708,0
18,0,0.02376412,0
19,0,0.06556243,0
20,0,0.01284587,0
21,0,0.06938094,0
22,0,0.0352711,0
23,1,0.99106944,1
24,0,0.0304141,0
25,0,0.0943298,0
26,1,0.30309588,0
27,1,0.99947447,1
28,1,0.9908852,1
29,1,0.99999404,1
30,1,0.99993885,1
31,0,0.00770573,0
32,0,0.00582326,0
33,1,0.99997342,1
34,1,0.99936908,1
35,0,0.02243504,0
36,0,0.02605755,0
37,1,0.9999758,1
38,0,0.04677379,0
39,0,0.00595171,0
40,1,0.89574826,1
41,1,0.98316091,1
42,0,0.00284576,0
43,1,0.99998987,1
44,0,0.01645914,0
45,1,0.99993885,1
46,1,0.94220263,1
47,0,0.00819003,0
48,0,0.00824708,0
49,0,0.01472485,0
50,1,0.99986541,1
51,0,0.00802175,0
52,1,0.99946529,1
53,1,0.99131048,1
54,0,0.07218901,0
55,1,0.99999344,1
56,0,0.0280735,0
57,1,0.07835581,0
58,1,0.9990558,1
59,0,0.01197471,0
60,0,0.08110408,0
61,1,0.99979657,1
62,0,0.02157526,0
63,0,0.04523946,0
64,1,0.90460044,1
65,0,0.00435564,0
66,0,0.02309138,0
67,0,0.02957336,0
68,0,0.00727439,0
69,0,0.45981872,0
70,1,0.99988532,1
71,0,0.0352711,0
72,0,0.03166699,0
73,1,0.99755907,1
74,0,0.02946344,0
75,0,0.00521742,0
76,0,0.01840257,0
77,1,0.75958443,1
78,0,0.00848173,0
79,1,0.99913603,1
80,1,0.99989176,1
81,1,0.10245953,0
82,0,0.02603799,0
83,1,0.17417119,0
84,0,0.0352711,0
85,1,0.99988735,1
86,0,0.00808964,0
87,0,0.00616483,0
88,0,0.05565191,0
89,0,0.05783816,0
90,0,0.0352711,0
91,0,0.00392344,0
92,0,0.01815389,0
93,0,0.05565191,0
94,0,0.09415478,0
95,0,0.03737721,0
96,1,0.99992692,1
97,0,0.06489804,0
98,0,0.03503451,0
99,0,0.07800677,0
100,1,0.99953938,1
101,1,0.99942183,1
102,0,0.05565191,0
103,0,0.0352711,0
104,1,0.99995828,1
105,0,0.03699444,0
106,1,0.99898273,1
107,1,0.99769503,1
108,1,0.94552755,1
109,1,0.99993277,1
110,1,0.99720722,1
111,0,0.11454452,0
112,0,0.05949487,0
113,0,0.07224625,0
114,0,0.03777917,0
115,0,0.00516693,0
116,0,0.09269022,0
117,1,0.71657807,1
118,0,0.01051132,0
119,1,0.999605,1
120,0,0.02290208,0
121,0,0.02394548,0
122,0,0.02073487,0
123,0,0.05753564,0
124,0,0.03606504,0
125,1,0.11498999,0
126,0,0.02957336,0
127,1,0.9937523,1
128,0,0.04035642,0
129,1,0.99853075,1
130,1,0.99625248,1
131,0,0.01924278,0
132,0,0.04311605,0
133,0,0.01730013,0
134,1,0.99978131,1
135,0,0.0772238,0
136,0,0.12430606,0
137,0,0.03046369,0
138,1,0.99356914,1
139,0,0.03800184,0
140,0,0.99937612,1
141,0,0.12952995,0
142,0,0.03044416,0
143,0,0.03202385,0
144,1,0.9718076,1
145,1,0.9950766,1
146,1,0.97447872,1
147,0,0.0173653,0
148,0,0.09415478,0
149,0,0.01560559,0
150,0,0.02138842,0
151,1,0.63994396,1
152,1,0.98896432,1
153,1,0.99976772,1
154,0,0.0352711,0
155,0,0.05273483,0
156,1,0.9961676,1
157,0,0.09443334,0
158,0,0.17714559,0
159,1,0.99567658,1
160,1,0.99326187,1
161,0,0.08983307,0
162,0,0.05443269,0
163,0,0.00193497,0
164,1,0.99923837,1
165,1,0.91174912,1
166,1,0.99978369,1
167,1,0.99957246,1
168,0,0.06180659,0
169,0,0.02567338,0
170,1,0.99106991,1
171,0,0.02177748,0
172,1,0.99997401,1
173,0,0.03464384,0
174,1,0.99679863,1
175,0,0.00359885,0
176,0,0.02074068,0
177,0,0.02535042,0
178,0,0.0352711,0
179,1,0.99492812,1
180,1,0.03696377,0
181,0,3.969e-05,0
182,0,0.03800184,0
183,1,0.10190828,0
184,1,0.99980992,1
185,0,0.04248552,0
186,0,0.00655015,0
187,1,0.99597293,1
188,0,0.06177393,0
189,0,0.01815389,0
190,0,0.03035896,0
191,0,0.0387518,0
192,1,0.71039611,1
193,1,0.99991846,1
194,0,0.02772109,0
195,1,0.05577428,0
196,1,0.99992704,1
197,1,0.98851496,1
198,0,0.01912029,0
199,0,0.01341459,0
200,0,0.99299872,1
201,1,0.99545431,1
202,0,0.01771655,0
203,0,0.06156304,0
204,1,0.99681264,1
205,0,0.04402797,0
206,0,0.02568962,0
207,0,0.01313064,0
208,0,0.01537321,0
209,0,0.05556081,0
210,0,0.22074421,0
211,1,0.99515826,1
212,1,0.03353329,0
213,1,0.9939189,1
214,0,0.02394548,0
215,0,0.05378311,0
216,1,0.99814856,1
217,0,0.08110408,0
218,1,0.09261499,0
219,0,0.04038055,0
220,1,0.99957293,1
221,1,0.99967289,1
222,0,0.05949487,0
223,0,0.09347679,0
224,0,0.01815389,0
225,0,0.08983307,0
226,0,0.03500649,0
227,0,0.0052344,0
228,1,0.09523281,0
229,1,0.96617562,1
230,1,0.99530387,1
231,0,0.01194549,0
232,1,0.99988008,1
233,0,0.02402982,0
234,0,0.01910659,0
235,0,0.0352711,0
236,0,0.06524003,0
237,0,0.05077847,0
238,1,0.99984872,1
239,1,0.99761474,1
240,1,0.98773324,1
241,0,0.01578404,0
242,0,0.02263871,0
243,0,0.03432983,0
244,0,0.01855249,0
245,0,0.0352711,0
246,1,0.99935967,1
247,0,0.0096177,0
248,1,0.99871504,1
249,1,0.99992239,1
250,0,0.03377595,0
251,0,0.05753564,0
252,0,0.04129402,0
253,0,0.09415478,0
254,0,0.04365865,0
255,1,0.9983741,1
256,0,0.0352711,0
257,1,0.99698871,1
258,0,0.0352711,0
259,1,0.99948573,1
260,1,0.97796804,1
261,1,0.99989498,1
262,0,0.01894576,0
263,1,0.999915,1
264,1,0.99993253,1
265,0,0.09415478,0
266,0,0.05345245,0
267,1,0.99920636,1
268,1,0.00793478,0
269,0,0.03735692,0
270,0,0.03800184,0
271,0,0.09415478,0
272,1,0.99894398,1
273,0,0.01051447,0
274,0,0.05180524,0
275,0,0.03184814,0
276,1,0.99993932,1
277,0,0.05949487,0
278,0,0.09261055,0
279,1,0.90859085,1
280,1,0.99982423,1
281,0,0.02430916,0
282,0,0.09415478,0
283,0,0.01733673,0
284,1,0.90431941,1
285,1,0.99005389,1
286,0,0.04727964,0
287,1,0.99998236,1
288,0,0.00531464,0
289,1,0.98360312,1
290,0,0.0352711,0
291,1,0.99932528,1
292,1,0.99765503,1
293,0,0.12757757,0
294,0,0.04677379,0
295,0,0.01144272,0
296,0,0.00762685,0
297,1,0.98936963,1
298,0,0.11363674,0
299,0,0.03337254,0
300,1,0.99972337,1
301,0,0.1077174,0
302,0,0.0352711,0
303,1,0.99459791,1
304,1,0.99958128,1
305,0,0.0943298,0
306,0,0.04579578,0
307,0,0.04260213,0
308,1,0.99967313,1
309,0,0.0774615,0
310,0,0.05724132,0
311,0,0.0352711,0
312,1,0.96713191,1
313,0,0.02927624,0
314,0,0.01397534,0
315,1,0.99809164,1
316,0,0.03360898,0
317,1,0.99929905,1
318,0,0.1077174,0
319,0,0.0147859,0
320,0,0.01052296,0
321,0,0.035145,0
322,0,0.0676733,0
323,1,0.99996352,1
324,0,0.01046003,0
325,1,0.96774685,1
326,0,0.03098666,0
327,1,0.99921107,1
328,0,0.09100513,0
329,1,0.99807322,1
330,0,0.0134557,0
331,0,0.01168667,0
332,1,0.99934524,1
333,1,0.98810881,1
334,0,0.10155006,0
335,0,0.05367048,0
336,0,0.01815389,0
337,0,0.05565191,0
338,0,0.04765614,0
339,1,0.9967494,1
340,1,0.99738616,1
341,0,0.11454452,0
342,0,0.02282877,0
343,1,0.97140324,1
344,0,0.33798641,0
345,1,0.99996138,1
346,1,0.99964345,1
347,1,0.99973887,1
348,0,0.05455002,0
349,0,0.04019051,0
350,0,0.01272121,0
351,0,0.05831425,0
352,0,0.0248913,0
353,1,0.99778605,1
354,1,0.99922538,1
355,1,0.9995895,1
356,0,0.02914559,0
357,0,0.04402797,0
358,1,0.74949622,1
359,0,0.04253325,0
360,1,0.99850804,1
361,1,0.96065837,1
362,1,0.99119276,1
363,0,0.04606067,0
364,0,0.04248552,0
365,1,0.86971027,1
366,1,0.99824983,1
367,0,0.04248552,0
368,0,0.05565191,0
369,0,0.07224625,0
370,0,0.05753564,0
371,0,0.01443614,0
372,1,0.9998461,1
373,1,0.99982339,1
374,0,0.03397751,0
375,0,0.04677379,0
376,1,0.04046248,0
377,1,0.99013305,1
378,0,0.01815389,0
379,0,0.00345913,0
380,0,0.00882575,0
381,0,0.00261786,0
382,1,0.99960941,1
383,1,0.98337585,1
384,1,0.99993289,1
385,0,0.1392684,0
386,0,0.04677379,0
387,1,0.99989498,1
388,1,0.99766183,1
389,1,0.95841253,1
390,1,0.99934524,1
391,1,0.96578938,1
392,1,0.99880147,1
393,1,0.9527601,1
394,0,0.01052296,0
395,1,0.95121026,1
396,0,0.00954263,0
397,0,0.08983307,0
398,1,0.99816626,1
399,0,0.06643109,0
400,0,0.04677379,0
401,1,0.99980885,1
402,0,0.05345204,0
403,0,0.07688405,0
404,0,0.01644255,0
405,1,0.99982613,1
406,1,0.99989665,1
407,0,0.07855552,0
408,0,0.04402797,0
409,1,0.99999869,1
410,1,0.99956268,1
411,1,0.97450328,1
412,0,0.00322274,0
413,0,0.05565191,0
414,0,0.01587311,0
415,0,0.11454452,0
416,0,0.07653333,0
417,0,0.0655769,0
418,0,0.00608402,0
419,1,0.89437914,1
420,0,0.03188149,0
421,1,0.99798191,1
422,0,0.00366909,0
423,1,0.99888879,1
424,0,0.06723259,0
425,1,0.99998868,1
426,1,0.99989831,1
427,1,0.998276,1
428,0,0.22800203,0
429,0,0.02177916,0
430,0,0.05753564,0
431,1,0.99860007,1
432,0,0.04679277,0
433,0,0.00981731,0
434,0,0.00808964,0
435,0,0.04365865,0
436,1,0.03412346,0
437,1,0.99965799,1
438,0,0.04677379,0
439,0,0.0352711,0
440,1,0.88444811,1
441,1,0.98405671,1
442,0,0.0352711,0
443,0,0.0038756,0
444,1,0.99995613,1
445,0,0.01536646,0
446,1,0.99909127,1
447,1,0.8483032,1
448,0,0.02539669,0
449,1,0.95200962,1
450,1,0.99994791,1
451,0,0.00890302,0
452,1,0.99984717,1
453,0,0.0352711,0
454,0,0.0159506,0
455,0,0.1077713,0
456,0,0.335839,0
457,0,0.1037593,0
458,1,0.99989223,1
459,1,0.47625995,0
460,0,0.04123642,0
461,0,0.09415478,0
462,1,0.99962878,1
463,0,0.04402797,0
464,0,0.05753564,0
465,1,0.99915791,1
466,1,0.99956316,1
467,0,0.09415478,0
468,1,0.88414901,1
469,1,0.99805212,1
470,0,0.01010246,0
471,1,0.99998319,1
472,1,0.91058296,1
473,1,0.99964643,1
474,1,0.99904317,1
475,1,0.99913698,1
476,0,0.02428059,0
477,0,0.07203924,0
478,0,0.00783173,0
479,0,0.02903602,0
480,0,0.00223806,0
481,0,0.08347695,0
482,0,0.07109254,0
483,1,0.98780489,1
484,1,0.99994075,1
485,0,0.14174658,0
486,0,0.07727134,0
487,1,0.98265761,1
488,0,0.0352711,0
489,1,0.99947101,1
490,1,0.99915516,1
491,1,0.99692458,1
492,0,0.11454452,0
493,0,0.01710405,0
494,1,0.99984348,1
495,1,0.99995804,1
496,1,0.99869788,1
497,0,0.0352711,0
498,1,0.8686682,1
499,0,0.03164792,0
500,0,0.04354911,0
501,0,0.01976078,0
502,0,0.00567346,0
503,1,0.99935037,1
504,1,0.79065013,1
505,1,0.99297571,1
506,1,0.99761802,1
507,1,0.94649357,1
508,0,0.08110408,0
509,0,0.04402797,0
510,1,0.02092881,0
511,1,0.99847966,1
512,0,0.03649038,0
513,0,0.05753564,0
514,0,0.00261786,0
515,0,0.03971189,0
516,0,0.09415478,0
517,0,0.07578225,0
518,1,0.94457531,1
519,0,0.01627172,0
520,0,0.09209644,0
521,0,0.04613817,0
522,0,0.01052296,0
523,0,0.05262625,0
524,1,0.99874449,1
525,0,0.03824569,0
526,0,0.07218901,0
527,0,0.00346178,0
528,0,0.06612283,0
529,0,0.58198547,1
530,1,0.99837995,1
531,0,0.01126141,0
532,0,0.00783679,0
533,0,0.03476434,0
534,1,0.07203924,0
535,0,0.02535048,0
536,0,0.09415478,0
537,0,0.0170999,0
538,0,0.0104593,0
539,1,0.99989319,1
540,0,0.01146085,0
541,0,0.00313863,0
542,0,0.03972704,0
543,0,0.06861205,0
544,0,0.08933831,0
545,0,0.0352711,0
546,0,0.05186935,0
547,1,0.99692458,1
548,0,0.05949487,0
549,1,0.99853957,1
550,0,0.03432872,0
551,0,0.00356915,0
552,0,0.20569184,0
553,0,0.13929205,0
554,0,0.41458544,0
555,1,0.99695921,1
556,0,0.04402797,0
557,0,0.03264102,0
558,1,0.97746599,1
559,0,0.01882562,0
560,1,0.99385953,1
561,0,0.03642557,0
562,0,0.00808964,0
563,0,0.00768389,0
564,0,0.04681895,0
565,0,0.00827384,0
566,0,0.00583617,0
567,0,0.00740384,0
568,0,0.01266767,0
569,0,0.0484848,0
570,0,0.0352711,0
571,1,0.99934787,1
572,0,0.01596161,0
573,0,0.0289485,0
574,0,0.02476058,0
575,0,0.05695832,0
576,0,0.01339033,0
577,0,0.0352711,0
578,0,0.00276875,0
579,0,0.03549631,0
580,1,0.99437147,1
581,0,0.04548021,0
582,0,0.0352711,0
583,0,0.00728121,0
584,0,0.04402797,0
585,1,0.99480361,1
586,0,0.03208108,0
587,0,0.04281697,0
588,1,0.99986053,1
589,0,0.04705615,0
590,1,0.99982601,1
591,1,0.98774892,1
592,1,0.99997914,1
593,0,0.04592322,0
594,0,0.0607845,0
595,0,0.01447589,0
596,0,0.02703096,0
597,0,0.06333301,0
598,1,0.9956975,1
599,1,0.99853957,1
600,0,0.00574602,0
601,0,0.01718491,0
602,0,0.00799879,0
603,0,0.05724261,0
604,0,0.01061331,0
605,0,0.04677379,0
606,1,0.8761403,1
607,0,0.08197129,0
608,0,0.00824576,0
609,0,0.01815389,0
610,0,0.04677379,0
611,0,0.02358574,0
612,0,0.04191447,0
613,0,0.00438044,0
614,0,0.09415478,0
615,0,0.04248552,0
616,0,0.07835581,0
617,0,0.0249653,0
618,1,0.99954849,1
619,0,0.0907856,0
620,0,0.03254239,0
621,1,0.999982,1
622,1,0.99650621,1
623,0,0.02780816,0
624,0,0.00163118,0
625,0,0.01118962,0
626,0,0.04554618,0
627,0,0.0015302,0
628,0,0.04677379,0
629,0,0.02230561,0
630,0,0.07239681,0
631,0,0.00219,0
632,0,0.02436056,0
633,1,0.98174185,1
634,0,0.09415478,0
635,0,0.19223021,0
636,1,0.9998827,1
637,1,0.99997425,1
638,0,0.0280735,0
639,1,0.98492521,1
640,1,0.99984276,1
641,1,0.60808736,1
642,0,0.06260651,0
643,0,0.06744363,0
644,1,0.99500728,1
645,0,0.02644249,0
646,1,0.99984384,1
647,0,0.01042217,0
648,0,0.00691649,0
649,1,0.99999726,1
650,1,0.99993944,1
651,1,0.20658831,0
652,1,0.99998534,1
653,1,0.95200962,1
654,1,0.99490416,1
655,0,0.00807453,0
656,0,0.01357082,0
657,1,0.99998367,1
658,1,0.9908669,1
659,0,0.05016997,0
660,0,0.00633264,0
661,1,0.97473496,1
662,1,0.99972242,1
663,1,0.99905533,1
664,1,0.94183427,1
665,0,0.01700883,0
666,1,0.95107359,1
667,0,0.02010021,0
668,1,0.99965549,1
669,1,0.95758647,1
670,1,0.99964345,1
671,0,0.0113666,0
672,0,0.08986568,0
673,0,0.03653401,0
674,1,0.1708283,0
675,1,0.99995959,1
676,1,0.0943298,0
677,1,0.99967182,1
678,0,0.03899468,0
679,0,0.02799637,0
680,0,0.05499515,0
681,1,0.63392025,1
682,0,0.0465543,0
683,0,0.04548163,0
684,1,0.0732659,0
685,1,0.99990368,1
686,0,0.04502556,0
687,1,0.99340069,1
688,0,0.00808964,0
689,0,0.01142313,0
690,1,0.99994683,1
691,0,0.03555799,0
692,0,0.04488098,0
693,1,0.99905533,1
694,0,0.16840097,0
695,0,0.04677379,0
696,0,0.07835581,0
697,1,0.99996495,1
698,0,0.0593081,0
699,1,0.99585068,1
700,0,0.03091534,0
701,1,0.9952113,1
702,0,0.05565191,0
703,0,0.11454452,0
704,1,0.90717596,1
705,0,0.00213895,0
706,0,0.11393673,0
707,0,0.02256739,0
708,0,0.20569184,0
709,1,0.99966049,1
710,0,0.01700883,0
711,1,0.9965089,1
712,1,0.99973005,1
713,1,0.99551696,1
714,1,0.99872237,1
715,1,0.99705923,1
716,0,0.01839447,0
717,0,0.99970657,1
718,1,0.99753261,1
719,1,0.9953649,1
720,0,0.01535601,0
721,0,0.02480213,0
722,0,0.04578015,0
723,1,0.03530092,0
724,1,0.9944331,1
725,0,0.11393673,0
726,0,0.06555197,0
727,0,0.0217528,0
728,1,0.89976072,1
729,0,0.04136916,0
730,1,0.99015766,1
731,0,0.02920654,0
732,0,0.00753197,0
733,1,0.99982762,1
734,1,0.99785233,1
735,0,0.03264102,0
736,0,0.01722737,0
737,1,0.99994957,1
738,0,0.0054257,0
739,0,0.01955882,0
740,0,0.04528265,0
741,1,0.19430047,0
742,0,0.03776984,0
743,0,0.03826363,0
744,0,0.02859141,0
745,0,0.05952953,0
746,0,0.09415478,0
747,0,0.02263871,0
748,0,0.09415478,0
749,1,0.98001373,1
750,0,0.0052344,0
751,0,0.04069531,0
752,0,0.09415478,0
753,0,0.02158609,0
754,0,0.03699444,0
755,0,0.04412602,0
756,1,0.99834359,1
757,1,0.99594301,1
758,0,0.14495224,0
759,0,0.01109324,0
760,0,0.01611239,0
761,1,0.99912101,1
762,1,0.99925119,1
763,0,0.03759292,0
764,0,0.01924657,0
765,1,0.99691808,1
766,0,0.0352711,0
767,0,0.00995894,0
768,0,0.44454065,0
769,1,0.99994361,1
770,0,0.04248552,0
771,1,0.98945767,1
772,0,0.01825299,0
773,0,0.03493278,0
774,1,0.99996424,1
775,1,0.96617562,1
776,1,0.9978503,1
777,0,0.0352711,0
778,0,0.07273277,0
779,1,0.99149621,1
780,1,0.97727615,1
781,0,0.075827,0
782,0,0.04677379,0
783,0,0.54956466,1
784,0,0.05949487,0
785,0,0.09415478,0
786,1,0.99943942,1
787,0,0.01051132,0
788,0,0.11454452,0
789,1,0.99826473,1
790,1,0.99628663,1
791,0,0.07956547,0
792,1,0.99965787,1
793,0,0.60808736,1
794,1,0.99999011,1
795,1,0.99991798,1
796,0,0.04402797,0
797,0,0.03195962,0
798,0,0.00843291,0
799,0,0.04831842,0
800,0,0.06996654,0
801,1,0.99994743,1
802,0,0.01472485,0
803,0,0.00926289,0
804,1,0.99962199,1
805,0,0.09386027,0
806,0,0.05949487,0
807,0,0.01149698,0
808,0,0.02505263,0
809,1,0.99995935,1
810,1,0.00583617,0
811,0,0.01864161,0
812,1,0.73035467,1
813,1,0.99736905,1
814,0,0.09415478,0
815,0,0.04525948,0
816,1,0.99955577,1
817,0,0.00848128,0
818,0,0.00749729,0
819,0,0.04758148,0
820,1,0.97515476,1
821,1,0.99217826,1
822,0,0.00027206,0
823,1,0.99393821,1
824,0,0.01153398,0
825,0,0.01646615,0
826,0,0.01722737,0
827,0,0.04677379,0
828,0,0.0139275,0
829,1,0.96602607,1
830,0,0.02975507,0
831,0,0.01700883,0
832,0,0.05436646,0
833,1,0.99985886,1
834,0,0.03358485,0
835,0,0.04677379,0
836,1,0.99469382,1
837,1,0.999964,1
838,0,0.01159724,0
839,0,0.00650165,0
840,0,0.0350804,0
841,0,0.04134954,0
842,0,0.01105731,0
843,0,0.03584093,0
844,0,0.02852784,0
845,0,0.01811413,0
846,0,0.01753522,0
847,1,0.99985516,1
848,1,0.99967182,1
849,0,0.02862892,0
850,0,0.04867516,0
851,1,0.99935061,1
852,0,0.05576994,0
853,0,0.05516316,0
854,1,0.99978095,1
855,0,0.00922135,0
856,0,0.02957336,0
857,1,0.99797457,1
858,1,0.99993849,1
859,0,0.0118878,0
860,0,0.00035157,0
861,0,0.00906993,0
862,0,0.02878308,0
863,0,0.04635519,0
864,0,0.00888733,0
865,0,0.01815389,0
866,0,0.17497313,0
867,0,0.00770296,0
868,1,0.79830605,1
869,0,0.0170818,0
870,0,0.04289106,0
871,1,0.99921536,1
872,0,0.00427986,0
873,1,0.92651099,1
874,0,0.00261786,0
875,0,0.09753276,0
876,0,0.01673595,0
877,0,0.07276385,0
878,1,0.99694699,1
879,0,0.02626674,0
880,0,0.05407761,0
881,1,0.15291464,0
882,1,0.99922872,1
883,0,0.00405966,0
884,0,0.01216342,0
885,0,0.00396039,0
886,0,0.08320906,0
887,1,0.97592145,1
888,1,0.993361,1
889,0,0.00103802,0
890,0,0.0376606,0
891,1,0.99979824,1
892,1,0.99784708,1
893,0,0.02500957,0
894,1,0.60216099,1
895,0,0.0404155,0
896,0,0.00157147,0
897,0,0.06435766,0
898,0,0.04281697,0
899,1,0.99908578,1
900,0,0.07821396,0
901,1,0.99795878,1
902,0,0.07607252,0
903,1,0.99990046,1
904,0,0.0352711,0
905,0,0.00293221,0
906,0,0.05367048,0
907,0,0.06878143,0
908,0,0.02497683,0
909,0,0.11454452,0
910,0,0.09415478,0
911,1,0.98801047,1
912,1,0.99888998,1
913,0,0.01233615,0
914,0,0.03988374,0
915,0,0.02969489,0
916,1,0.99975246,1
917,0,0.00812282,0
918,1,0.99862278,1
919,0,0.01177192,0
920,1,0.98470485,1
921,1,0.99691808,1
922,1,0.99790561,1
923,0,0.01722737,0
924,0,0.01192632,0
925,0,0.03412938,0
926,1,0.99989986,1
927,1,0.99998522,1
928,0,0.01515548,0
929,0,0.06664084,0
930,0,0.07420534,0
931,0,0.0614846,0
932,0,0.01620471,0
933,1,0.99993777,1
934,0,0.05802834,0
935,0,0.00036194,0
936,0,0.0295388,0
937,1,0.99995005,1
938,1,0.98158801,1
939,0,0.03402731,0
940,1,0.95947945,1
941,0,0.094218,0
942,0,0.0557556,0
943,0,0.04500104,0
944,0,0.01322926,0
945,0,0.0352711,0
946,0,0.0352711,0
947,1,0.11287414,0
948,0,0.04402797,0
949,1,0.14471231,0
950,0,0.0081572,0
951,1,0.99980992,1
952,0,0.09678588,0
953,1,0.99866164,1
954,1,0.99999666,1
955,0,0.01673348,0
956,0,0.10423463,0
957,0,0.11454452,0
958,0,0.10241269,0
959,0,0.01606921,0
960,0,0.04677379,0
961,1,0.99995446,1
962,0,0.05377923,0
963,1,0.98977405,1
964,1,0.9928804,1
965,0,0.5254873,1
966,0,0.01554681,0
967,0,0.01262298,0
968,0,0.01758572,0
969,0,0.09415478,0
970,0,0.01697951,0
971,0,0.01624582,0
972,0,0.01397534,0
973,0,0.0387518,0
974,1,0.99968719,1
975,1,0.99994648,1
976,0,0.02480213,0
977,0,0.00949606,0
978,0,0.00945063,0
979,0,0.0352711,0
980,0,0.05753564,0
981,0,0.03706657,0
982,1,0.99976963,1
983,1,0.94351149,1
984,0,0.00808964,0
985,1,0.1907616,0
986,0,0.01624582,0
987,1,0.99171364,1
988,1,0.04123642,0
989,0,0.0784966,0
990,1,0.98840618,1
991,1,0.99405527,1
992,0,0.00983095,0
993,0,0.06878143,0
994,0,0.00178459,0
995,0,0.0538361,0
996,1,0.95200962,1
997,1,0.998577,1
998,0,0.99582857,1
999,1,0.99749506,1
1000,0,0.05949487,0
1001,0,0.07578495,0
1002,0,0.02460548,0
1003,1,0.99998152,1
1004,1,0.9996388,1
1005,0,0.00379828,0
1006,0,0.01186357,0
1007,1,0.99892312,1
1008,0,0.03560106,0
1009,0,0.01869377,0
1010,1,0.994739,1
1011,1,0.99715281,1
1012,1,0.99554175,1
1013,0,0.05949487,0
1014,1,0.99822634,1
1015,0,0.14806315,0
1016,1,0.44025338,0
1017,0,0.50817549,1
1018,0,0.03082367,0
1019,1,0.59599167,1
1020,1,0.47625995,0
1021,1,0.97571063,1
1022,0,0.0315138,0
1023,0,0.05565191,0
1024,0,0.05056476,0
1025,1,0.99692458,1
1026,0,0.02627009,0
1027,0,0.0604799,0
1028,1,0.99630773,1
1029,0,0.02536291,0
1030,0,0.01722737,0
1031,0,0.0352711,0
1032,0,0.0591981,0
1033,0,0.04677379,0
1034,1,0.99893898,1
1035,0,0.16156925,0
1036,0,0.0436049,0
1037,1,0.92720783,1
1038,0,0.09636941,0
1039,0,0.13497686,0
1040,0,0.02072758,0
1041,1,0.99876714,1
1042,0,0.00808964,0
1043,1,0.99565482,1
1044,1,0.99530447,1
1045,0,0.10933769,0
1046,0,0.07542998,0
1047,1,0.99997473,1
1048,0,0.01974765,0
1049,0,0.01052296,0
1050,1,0.99651825,1
1051,1,0.99978787,1
1052,0,0.02501159,0
1053,1,0.99125063,1
1054,0,0.0811511,0
1055,0,0.0537798,0
1056,0,0.05167998,0
1057,1,0.99534047,1
1058,0,0.04677379,0
1059,0,0.01375783,0
1060,0,0.14839035,0
1061,0,0.01107156,0
1062,1,0.98896128,1
1063,0,0.03548868,0
1064,0,0.10266341,0
1065,0,0.02779957,0
1066,0,0.04705615,0
1067,1,0.99999702,1
1068,1,0.99866748,1
1069,1,0.99954081,1
1070,0,0.07218901,0
1071,1,0.8733077,1
1072,1,0.99820709,1
1073,0,0.02815574,0
1074,0,0.05565191,0
1075,0,0.09455477,0
1076,0,0.04402797,0
1077,1,0.9998461,1
1078,0,0.01359051,0
1079,1,0.99964595,1
1080,0,0.04677379,0
1081,0,0.10013159,0
1082,0,0.00808964,0
1083,0,0.01515015,0
1084,0,0.09052298,0
1085,0,0.54985034,1
1086,1,0.96973813,1
1087,0,0.0442448,0
1088,1,0.99694353,1
1089,0,0.03275619,0
1090,1,0.99986494,1
1091,1,0.99978238,1
1092,0,0.06292637,0
1093,0,0.05299146,0
1094,1,0.99125063,1
1095,0,0.06612086,0
1096,1,0.99892932,1
1097,0,0.03852611,0
1098,1,0.99715638,1
1099,0,0.04463766,0
1100,0,0.03800184,0
1101,1,0.99974722,1
1102,1,0.99952936,1
1103,0,0.0226431,0
1104,0,0.07842306,0
1105,0,0.04693971,0
1106,0,0.00940561,0
1107,0,0.04478086,0
1108,0,0.01564964,0
1109,0,0.01840257,0
1110,1,0.97997904,1
1111,1,0.99993992,1
1112,1,0.99957007,1
1113,0,0.02146804,0
1114,1,0.9981913,1
1115,1,0.99289191,1
1116,1,0.99986184,1
1117,0,0.04647234,0
1118,0,0.06555197,0
1119,0,0.1077174,0
1120,0,0.01673348,0
1121,0,0.01723369,0
1122,1,0.99915314,1
1123,0,0.0352711,0
1124,1,0.9998455,1
1125,0,0.04492597,0
1126,0,0.01930974,0
1127,0,0.03672969,0
1128,1,0.99978179,1
1129,0,0.01937965,0
1130,1,0.99998534,1
1131,1,0.75864476,1
1132,0,0.0467515,0
1133,0,0.04677379,0
1134,0,0.09437507,0
1135,0,0.01937965,0
1136,0,0.0089792,0
1137,1,0.36593896,0
1138,1,0.98919863,1
1139,1,0.99860919,1
1140,1,0.99335748,1
1141,1,0.99833089,1
1142,0,0.07463259,0
1143,0,0.05753564,0
1144,1,0.99695921,1
1145,0,0.05949487,0
1146,0,0.04670423,0
1147,0,0.01683203,0
1148,1,0.99999917,1
1149,1,0.99967945,1
1150,0,0.00508082,0
1151,0,0.07712848,0
1152,0,0.01555923,0
1153,0,0.03306883,0
1154,0,0.05438839,0
1155,0,0.00979198,0
1156,0,0.13082238,0
1157,1,0.98953372,1
1158,0,0.09269022,0
1159,1,0.8652873,1
1160,1,0.97173375,1
1161,1,0.9843834,1
1162,1,0.99980122,1
1163,1,0.93422914,1
1164,1,0.47625995,0
1165,1,0.99900985,1
1166,0,0.03397751,0
1167,0,0.04591312,0
1168,1,0.98756033,1
1169,0,0.01840257,0
1170,1,0.04565193,0
1171,1,0.02126253,0
1172,0,0.06543579,0
1173,0,0.00202788,0
1174,1,0.99884367,1
1175,0,0.11265161,0
1176,1,0.99934787,1
1177,0,0.01325093,0
1178,1,0.99944955,1
1179,0,0.03999775,0
1180,1,0.84993052,1
1181,0,0.00420358,0
1182,1,0.99996078,1
1183,1,0.99985921,1
1184,1,0.88725537,1
1185,1,0.98654664,1
1186,1,0.99919301,1
1187,0,0.02180836,0
1188,1,0.99694353,1
1189,1,0.99864978,1
1190,1,0.98384744,1
1191,0,0.03652914,0
1192,1,0.99974841,1
1193,1,0.99998498,1
1194,0,0.05184638,0
1195,0,0.15578581,0
1196,0,0.02029526,0
1197,0,0.0352711,0
1198,0,0.02465868,0
1199,0,0.0387518,0
1200,0,0.02010016,0
1201,0,0.02129913,0
1202,0,0.10626779,0
1203,0,0.00565099,0
1204,0,0.06892906,0
1205,0,0.01722737,0
1206,1,0.03977961,0
1207,0,0.04677379,0
1208,1,0.99996185,1
1209,0,0.03647794,0
1210,0,0.04677379,0
1211,0,0.05513915,0
1212,0,0.08933831,0
1213,1,0.96819222,1
1214,1,0.97339749,1
1215,1,0.9949162,1
1216,1,0.99797922,1
1217,1,0.97998226,1
1218,1,0.7614792,1
1219,0,0.0352711,0
1220,0,0.00254828,0
1221,0,0.03934281,0
1222,1,0.99654168,1
1223,0,0.00955446,0
1224,0,0.0352711,0
1225,1,0.06716137,0
1226,0,0.08933831,0
1227,0,0.02158609,0
1228,0,0.02878308,0
1229,0,0.02504304,0
1230,0,0.0352711,0
1231,0,0.09706829,0
1232,0,0.01716882,0
1233,0,0.01840257,0
1234,1,0.10627238,0
1235,1,0.99999893,1
1236,1,0.99471575,1
1237,1,0.99993086,1
1238,1,0.98018324,1
1239,0,0.0352711,0
1240,0,0.01662851,0
1241,1,0.99441224,1
1242,1,0.99940085,1
1243,0,0.01382137,0
1244,0,0.02662675,0
1245,0,0.10196406,0
1246,1,0.62239951,1
1247,0,0.11428615,0
1248,1,0.99586463,1
1249,1,0.9999758,1
1250,1,0.13517128,0
1251,0,0.00578211,0
1252,0,0.09415478,0
1253,0,0.0406435,0
1254,0,0.01612872,0
1255,0,0.09415478,0
1256,1,0.9992255,1
1257,0,0.01321378,0
1258,0,0.04643517,0
1259,1,0.99254721,1
1260,0,0.01159724,0
1261,0,0.09656134,0
1262,0,0.06145274,0
1263,0,0.04419521,0
1264,0,0.02596841,0
1265,1,0.99956113,1
1266,1,0.60808736,1
1267,1,0.99018061,1
1268,0,0.070647,0
1269,1,0.9993704,1
1270,0,0.00515903,0
1271,0,0.06555197,0
1272,0,0.0352711,0
1273,1,0.69778997,1
1274,0,0.00476698,0
1275,0,0.08933831,0
1276,0,0.0352711,0
1277,0,0.02580314,0
1278,0,0.01030477,0
1279,0,0.07057109,0
1280,0,0.00906491,0
1281,0,0.44053534,0
1282,0,0.04289543,0
1283,0,0.01416577,0
1284,0,0.04402797,0
1285,0,0.16183582,0
1286,0,0.09415478,0
1287,0,0.04035421,0
1288,0,0.01515798,0
1289,0,0.04677379,0
1290,0,0.03121599,0
1291,1,0.08110408,0
1292,0,0.01111771,0
1293,0,0.04677379,0
1294,1,0.91389823,1
1295,1,0.87786764,1
1296,0,0.01980229,0
1297,0,0.1037593,0
1298,0,0.03509182,0
1299,1,0.99435765,1
1300,0,0.02451732,0
1301,0,0.04670423,0
1302,0,0.04677379,0
1303,0,0.02957336,0
1304,0,0.02472614,0
1305,1,0.99942422,1
1306,0,0.03774991,0
1307,0,0.0346758,0
1308,0,0.04402797,0
1309,0,0.04402797,0
1310,0,0.01242171,0
1311,1,0.95492768,1
1312,1,0.99879372,1
1313,0,0.00619943,0
1314,1,0.99955302,1
1315,1,0.99746084,1
1316,1,0.99721742,1
1317,0,0.02129151,0
1318,0,0.07835581,0
1319,0,0.02494296,0
1320,0,0.03367862,0
1321,0,0.03455401,0
1322,1,0.99979001,1
1323,1,0.60640579,1
1324,0,0.09415478,0
1325,0,0.02469351,0
1326,0,0.01117813,0
1327,0,0.00860771,0
1328,1,0.99998248,1
1329,0,0.08819877,0
1330,1,0.0352711,0
1331,1,0.76440173,1
1332,0,0.1077174,0
1333,0,0.01118793,0
1334,0,0.08110408,0
1335,1,0.99989295,1
1336,0,0.0352711,0
1337,0,0.04706088,0
1338,1,0.98181087,1
1339,0,0.04677379,0
1340,1,0.99064738,1
1341,0,0.0352711,0
1342,0,0.03592554,0
1343,0,0.09415478,0
1344,1,0.99990594,1
1345,0,0.00845869,0
1346,0,0.03367217,0
1347,0,0.0387518,0
1348,1,0.99816626,1
1349,1,0.99998534,1
1350,0,0.01713075,0
1351,0,0.00808964,0
1352,1,0.99728084,1
1353,1,0.99658859,1
1354,0,0.08933831,0
1355,0,0.04815665,0
1356,1,0.99252945,1
1357,0,0.01436815,0
1358,0,0.0387518,0
1359,0,0.03025376,0
1360,0,0.04938481,0
1361,0,0.02441936,0
1362,0,0.03125551,0
1363,0,0.00985566,0
1364,1,0.99941337,1
1365,0,0.02298234,0
1366,0,0.00149209,0
1367,0,0.01620128,0
1368,0,0.04251119,0
1369,0,0.01000773,0
1370,0,0.00088033,0
1371,0,0.08021343,0
1372,1,0.99976414,1
1373,0,0.04402797,0
1374,0,0.04530547,0
1375,0,0.87984741,1
1376,1,0.99919015,1
1377,1,0.995884,1
1378,0,0.02957336,0
1379,1,0.99596572,1
1380,1,0.05753564,0
1381,0,0.00889684,0
1382,1,0.99921548,1
1383,1,0.97998226,1
1384,1,0.87583417,1
1385,0,0.00981157,0
1386,0,0.02318594,0
1387,0,0.033646,0
1388,1,0.61887145,1
1389,0,0.10397418,0
1390,0,0.01562953,0
1391,1,0.95905691,1
1392,0,0.00303038,0
1393,1,0.99915051,1
1394,0,0.01146085,0
1395,1,0.83715528,1
1396,1,0.99913824,1
1397,0,0.01981023,0
1398,0,0.00438044,0
1399,0,0.00526469,0
1400,1,0.99983048,1
1401,0,0.00810843,0
1402,1,0.99982256,1
1403,1,0.99818015,1
1404,0,0.04831842,0
1405,0,0.02536291,0
1406,0,0.0950703,0
1407,1,0.99933809,1
1408,0,0.09415478,0
1409,0,0.01237928,0
1410,0,0.04402797,0
1411,1,0.99947578,1
1412,0,0.05949487,0
1413,0,0.11454452,0
1414,0,0.07801044,0
1415,1,0.99967182,1
1416,0,0.04306804,0
1417,0,0.03419447,0
1418,1,0.99955076,1
1419,1,0.9995442,1
1420,1,0.99989545,1
1421,0,0.01149698,0
1422,0,0.00384756,0
1423,0,0.00793055,0
1424,0,0.03582477,0
1425,0,0.04402797,0
1426,0,0.02487601,0
1427,0,0.04365865,0
1428,0,0.01128891,0
1429,0,0.01557011,0
1430,0,0.00116706,0
1431,1,0.74542266,1
1432,0,0.01291999,0
1433,0,0.02366735,0
1434,1,0.99945253,1
1435,0,0.01924657,0
1436,0,0.01436948,0
1437,0,0.02100781,0
1438,1,0.99820137,1
1439,1,0.99830544,1
1440,0,0.0352711,0
1441,0,0.02561057,0
1442,0,0.07628047,0
1443,1,0.99975687,1
1444,0,0.09415478,0
1445,1,0.9997918,1
1446,1,0.9977926,1
1447,0,0.02056224,0
1448,1,0.99378294,1
1449,1,0.99981827,1
1450,0,0.09656134,0
1451,0,0.03436786,0
1452,1,0.97838449,1
1453,0,0.04422043,0
1454,0,0.173079,0
1455,0,0.09413711,0
1456,0,0.0094491,0
1457,1,0.03380155,0
1458,0,0.01033091,0
1459,0,0.05704254,0
1460,0,0.08983307,0
1461,0,0.07628458,0
1462,0,0.01174111,0
1463,1,0.9997806,1
1464,0,0.00630103,0
1465,1,0.99987817,1
1466,0,0.07920483,0
1467,0,0.03412938,0
1468,0,0.10421316,0
1469,0,0.0223543,0
1470,0,0.08933831,0
1471,1,0.97801286,1
1472,0,0.00272634,0
1473,0,0.08110408,0
1474,1,0.9997713,1
1475,1,0.99643719,1
1476,1,0.99764687,1
1477,1,0.99080783,1
1478,0,0.07203924,0
1479,0,0.0419103,0
1480,1,0.99165875,1
1481,0,0.11251066,0
1482,0,0.01248324,0
1483,0,0.17072608,0
1484,0,0.05949487,0
1485,0,0.05949487,0
1486,0,0.99999428,1
1487,0,0.03000021,0
1488,1,0.99543792,1
1489,0,0.0174468,0
1490,0,0.01919158,0
1491,0,0.03845806,0
1492,0,0.56094396,1
1493,0,0.04365865,0
1494,0,0.08347695,0
1495,0,0.01064335,0
1496,0,0.10140481,0
1497,0,0.06938549,0
1498,1,0.99930274,1
1499,0,0.13858747,0
1500,1,0.99844366,1
1501,0,0.03046654,0
1502,0,0.03876673,0
1503,1,0.98247796,1
1504,1,0.62038475,1
1505,0,0.03337571,0
1506,0,0.01515812,0
1507,0,0.02957336,0
1508,1,0.99995565,1
1509,1,0.99819285,1
1510,1,0.99997389,1
1511,0,0.0289485,0
1512,1,0.9992767,1
1513,0,0.04677379,0
1514,0,0.02489664,0
1515,0,0.08983307,0
1516,0,0.4293285,0
1517,0,0.09307072,0
1518,1,0.99968827,1
1519,0,0.03999775,0
1520,0,0.01303243,0
1521,0,0.0352711,0
1522,0,0.00090134,0
1523,0,0.05949487,0
1524,1,0.85269111,1
1525,1,0.99953175,1
1526,0,0.01825299,0
1527,0,0.00967866,0
1528,0,0.00438241,0
1529,1,0.99979848,1
1530,0,0.00440666,0
1531,1,0.99688929,1
1532,0,0.03806235,0
1533,0,0.00386718,0
1534,1,0.99999177,1
1535,1,0.99994278,1
1536,0,0.00968716,0
1537,1,0.98625469,1
1538,0,0.02480112,0
1539,0,0.0352711,0
1540,0,0.0538361,0
1541,0,0.00713798,0
1542,0,0.04524026,0
1543,0,0.08983307,0
1544,1,0.61683643,1
1545,0,0.06375498,0
1546,1,0.97323543,1
1547,1,0.94144982,1
1548,0,0.08325665,0
1549,1,0.01738786,0
1550,0,0.04042709,0
1551,0,0.0352711,0
1552,0,0.06555197,0
1553,0,0.06555197,0
1554,0,0.0352711,0
1555,0,0.02646395,0
1556,0,0.02382566,0
1557,0,0.08663098,0
1558,1,0.99025458,1
1559,0,0.10338042,0
1560,0,0.08455861,0
1561,1,0.99937183,1
1562,1,0.99970514,1
1563,0,0.06632944,0
1564,0,0.01722737,0
1565,1,0.99832636,1
1566,0,0.0352711,0
1567,1,0.57226497,1
1568,0,0.04677379,0
1569,0,0.0352711,0
1570,1,0.99974865,1
1571,1,0.38141111,0
1572,1,0.99937159,1
1573,1,0.99349505,1
1574,1,0.98099822,1
1575,0,0.09368178,0
1576,1,0.95802593,1
1577,0,0.09090433,0
1578,0,0.13562916,0
1579,0,0.04488056,0
1580,0,0.00439793,0
1581,0,0.07628047,0
1582,0,0.0168328,0
1583,0,0.01316141,0
1584,0,0.0352711,0
1585,0,0.01245416,0
1586,1,0.97856754,1
1587,1,0.98358905,1
1588,0,0.0352711,0
1589,1,0.99897707,1
1590,1,0.99450266,1
1591,0,0.02494623,0
1592,0,0.00616483,0
1593,0,0.03043081,0
1594,0,0.03472876,0
1595,1,0.93826592,1
1596,1,0.91296887,1
1597,1,0.98247796,1
1598,1,0.99919516,1
1599,0,0.07731958,0
1600,0,0.08108111,0
1601,1,0.0934215,0
1602,0,0.07542998,0
1603,0,0.04402797,0
1604,0,0.01722737,0
1605,0,0.10647508,0
1606,1,0.99947041,1
1607,0,0.00460603,0
1608,0,0.01424683,0
1609,0,0.02378369,0
1610,1,0.99633968,1
1611,0,0.09415478,0
1612,0,0.01894002,0
1613,0,0.02521427,0
1614,1,0.99990201,1
1615,0,0.11214604,0
1616,0,0.17757793,0
1617,1,0.99930906,1
1618,0,0.02707498,0
1619,1,0.91992527,1
1620,0,0.0091653,0
1621,0,0.33851323,0
1622,0,0.01019486,0
1623,1,0.99838579,1
1624,0,0.03660943,0
1625,1,0.99996018,1
1626,0,0.01201905,0
1627,0,0.01757949,0
1628,0,0.03800184,0
1629,0,0.04677379,0
1630,0,0.0289485,0
1631,0,0.0352711,0
1632,0,0.00073992,0
1633,1,0.99803394,1
1634,1,0.99995327,1
1635,0,0.0651988,0
1636,0,0.01664177,0
1637,1,0.97456044,1
1638,0,0.08933831,0
1639,0,0.03434579,0
1640,1,0.0568726,0
1641,1,0.12737992,0
1642,1,0.80694979,1
1643,0,0.07218901,0
1644,0,0.00415972,0
1645,0,0.07218901,0
1646,1,0.99931073,1
1647,0,0.0223543,0
1648,0,0.03988926,0
1649,1,0.99713045,1
1650,0,0.01078476,0
1651,1,0.98498636,1
1652,1,0.99732637,1
1653,0,0.04677379,0
1654,1,0.9988569,1
1655,0,0.02500378,0
1656,0,0.04362961,0
1657,1,0.97949493,1
1658,0,0.30189714,0
1659,1,0.99760604,1
1660,1,0.99984217,1
1661,0,0.28621238,0
1662,0,0.07203924,0
1663,1,0.98634988,1
1664,0,0.02957336,0
1665,0,0.01801706,0
1666,0,0.00221435,0
1667,0,0.01424597,0
1668,0,0.17389505,0
1669,1,0.04677379,0
1670,0,0.03800184,0
1671,0,0.99937063,1
1672,1,0.99925274,1
1673,0,0.07628047,0
1674,0,0.00119271,0
1675,0,0.01317216,0
1676,0,0.02987749,0
1677,1,0.75236529,1
1678,0,0.07831842,0
1679,0,0.07208148,0
1680,0,0.01275133,0
1681,0,0.07218901,0
1682,0,0.04677379,0
1683,0,0.81522006,1
1684,0,0.09415478,0
1685,1,0.99938309,1
1686,1,0.05663545,0
1687,0,0.00810239,0
1688,0,0.04300741,0
1689,0,0.04402797,0
1690,0,0.11454452,0
1691,0,0.99991906,1
1692,0,0.07885298,0
1693,0,0.0352711,0
1694,0,0.11902512,0
1695,0,0.02028286,0
1696,1,0.99991524,1
1697,1,0.24945362,0
1698,0,0.00572695,0
1699,0,0.00435564,0
1700,0,0.08110408,0
1701,0,0.13809468,0
1702,0,0.05377923,0
1703,1,0.99692458,1
1704,1,0.95880228,1
1705,0,0.19109167,0
1706,0,0.04039799,0
1707,0,0.56308126,1
1708,0,0.02156741,0
1709,1,0.99938166,1
1710,1,0.97341681,1
1711,1,0.99766052,1
1712,0,0.0438113,0
1713,0,0.00954131,0
1714,0,0.0289485,0
1715,1,0.99962354,1
1716,1,0.99760497,1
1717,0,0.03876712,0
1718,0,0.00583617,0
1719,0,0.13740534,0
1720,0,0.01190248,0
1721,1,0.991193,1
1722,1,0.99984038,1
1723,0,0.04106438,0
1724,0,0.00837819,0
1725,1,0.99996865,1
1726,1,0.99155736,1
1727,0,0.02901453,0
1728,0,0.01187934,0
1729,0,0.04205527,0
1730,1,0.99672145,1
1731,0,0.00758885,0
1732,0,0.05949487,0
1733,0,0.02501159,0
1734,1,0.99985862,1
1735,0,0.01874262,0
1736,1,0.99275172,1
1737,0,0.03301463,0
1738,0,0.02783863,0
1739,0,0.01404428,0
1740,1,0.60808736,1
1741,0,0.00814133,0
1742,1,0.99112308,1
1743,0,0.03080448,0
1744,0,0.00988172,0
1745,0,0.06801654,0
1746,0,0.02465868,0
1747,1,0.99984682,1
1748,1,0.99915135,1
1749,1,0.47625995,0
1750,0,0.02147573,0
1751,0,0.00989628,0
1752,0,0.03365389,0
1753,0,0.00856342,0
1754,0,0.04056109,0
1755,1,0.9999603,1
1756,0,0.02465868,0
1757,0,0.09415478,0
1758,0,0.02056224,0
1759,1,0.01343037,0
1760,0,0.03749469,0
1761,0,0.02480213,0
1762,1,0.99534988,1
1763,1,0.99999273,1
1764,0,0.00229083,0
1765,0,0.04677379,0
1766,1,0.99009609,1
1767,1,0.99769175,1
1768,0,0.0086864,0
1769,0,0.00023921,0
1770,1,0.99606162,1
1771,0,0.06570696,0
1772,1,0.99644071,1
1773,0,0.01052296,0
1774,0,0.04677379,0
1775,1,0.78130245,1
1776,1,0.99970335,1
1777,1,0.98832148,1
1778,0,0.02585084,0
1779,1,0.9995271,1
1780,0,0.0922485,0
1781,1,0.90027028,1
1782,0,0.01188036,0
1783,1,0.98921567,1
1784,0,0.0141079,0
1785,1,0.99744534,1
1786,0,0.05957341,0
1787,0,0.02797267,0
1788,0,0.11393673,0
1789,0,0.09415478,0
1790,0,0.03344451,0
1791,0,0.0130584,0
1792,1,0.95203459,1
1793,0,0.05949487,0
1794,1,0.99938178,1
1795,0,0.01573719,0
1796,1,0.99997306,1
1797,0,0.03535889,0
1798,0,0.11454452,0
1799,1,0.99940062,1
1800,0,0.07993467,0
1801,1,0.99981004,1
1802,1,0.98334032,1
1803,0,0.02086389,0
1804,1,0.50532311,1
1805,1,0.90605903,1
1806,0,0.00583617,0
1807,0,0.04677379,0
1808,0,0.03274487,0
1809,1,0.99996018,1
1810,1,0.99958187,1
1811,0,0.05949487,0
1812,0,0.03467986,0
1813,0,0.02465868,0
1814,0,0.0495843,0
1815,0,0.04402797,0
1816,1,0.99638075,1
1817,1,0.99984348,1
1818,0,0.01757321,0
1819,0,0.03258745,0
1820,0,0.04536369,0
1821,0,0.09415478,0
1822,0,0.01764764,0
1823,0,0.02121787,0
1824,0,0.04533726,0
1825,0,0.03774991,0
1826,1,0.99826211,1
1827,1,0.89859635,1
1828,1,0.81155622,1
1829,0,0.05949487,0
1830,0,0.07621749,0
1831,0,0.03623106,0
1832,0,0.08723998,0
1833,1,0.99989176,1
1834,0,0.0352711,0
1835,0,0.50941223,1
1836,0,0.11454452,0
1837,0,0.09269022,0
1838,0,0.08021343,0
1839,1,0.99996471,1
1840,0,0.00296137,0
1841,0,0.03191476,0
1842,0,0.0092669,0
1843,0,0.07218901,0
1844,1,0.00280582,0
1845,0,0.04402797,0
1846,0,0.01862372,0
1847,0,0.03685776,0
1848,0,0.34561032,0
1849,1,0.99967182,1
1850,0,0.11402711,0
1851,0,0.1077174,0
1852,0,0.01331867,0
1853,0,0.10266341,0
1854,0,0.03754417,0
1855,0,0.02412582,0
1856,1,0.99968636,1
1857,0,0.0278567,0
1858,1,0.85911322,1
1859,1,0.99997151,1
1860,1,0.99566454,1
1861,0,0.01854497,0
1862,0,0.01359798,0
1863,0,0.34818703,0
1864,1,0.91036385,1
1865,0,0.03472206,0
1866,1,0.89655954,1
1867,0,0.03202385,0
1868,0,0.0431576,0
1869,0,0.09415478,0
1870,1,0.55801278,1
1871,1,0.99992156,1
1872,1,0.98449206,1
1873,0,0.00409763,0
1874,1,0.99917287,1
1875,0,0.00996481,0
1876,0,0.02095205,0
1877,0,0.00435564,0
1878,0,0.04677379,0
1879,0,0.04677379,0
1880,0,0.0072429,0
1881,0,0.22957422,0
1882,0,0.04365865,0
1883,0,0.01981023,0
1884,1,0.96617562,1
1885,1,0.99753833,1
1886,1,0.9987638,1
1887,1,0.03532621,0
1888,0,0.05041755,0
1889,0,0.02172609,0
1890,1,0.98211229,1
1891,0,0.01544146,0
1892,0,0.00936073,0
1893,0,0.00616483,0
1894,1,0.99885225,1
1895,0,0.05949487,0
1896,0,0.03800184,0
1897,0,0.00435564,0
1898,0,0.00307672,0
1899,1,0.99925452,1
1900,0,0.09415478,0
1901,0,0.04763826,0
1902,1,0.99980682,1
1903,0,0.05261463,0
1904,1,0.97447872,1
1905,0,0.0352711,0
1906,0,0.0090167,0
1907,0,0.03089945,0
1908,1,0.98805249,1
1909,0,0.01566102,0
1910,1,0.99964595,1
1911,0,0.04738797,0
1912,0,0.0008922,0
1913,0,0.03593058,0
1914,0,0.00283038,0
1915,0,0.03148098,0
1916,1,0.99905533,1
1917,1,0.97718155,1
1918,0,0.41484612,0
1919,1,0.998887,1
1920,0,0.04059725,0
1921,0,0.04419521,0
1922,1,0.46778968,0
1923,0,0.00435564,0
1924,0,0.0352711,0
1925,1,0.9998461,1
1926,0,0.0116222,0
1927,0,0.00027206,0
1928,0,0.04402797,0
1929,0,0.05367048,0
1930,0,0.12331356,0
1931,0,0.00261786,0
1932,1,0.9827863,1
1933,1,0.99977034,1
1934,1,0.99959618,1
1935,0,0.03775665,0
1936,1,0.9988274,1
1937,1,0.99048936,1
1938,0,0.03592554,0
1939,0,0.04445442,0
1940,1,0.99690646,1
1941,0,0.10381754,0
1942,0,0.00984174,0
1943,0,0.11454452,0
1944,0,0.04122966,0
1945,0,0.07218901,0
1946,0,0.05949487,0
1947,0,0.1077174,0
1948,0,0.09415478,0
1949,0,0.03800292,0
1950,0,0.03775665,0
1951,1,0.99677855,1
1952,1,0.49766138,0
1953,0,0.02686029,0
1954,0,0.02683712,0
1955,0,0.01829912,0
1956,0,0.04677379,0
1957,0,0.01159724,0
1958,0,0.02154642,0
1959,0,0.01159724,0
1960,1,0.99995506,1
1961,0,0.03573158,0
1962,0,0.02862892,0
1963,1,0.99899715,1
1964,0,0.06879053,0
1965,0,0.08933831,0
1966,1,0.60808736,1
1967,1,0.98040694,1
1968,1,0.99985421,1
1969,0,0.02162208,0
1970,0,0.00597388,0
1971,0,0.0274479,0
1972,0,0.01811893,0
1973,1,0.99798346,1
1974,1,0.99659121,1
1975,0,0.07739455,0
1976,0,0.01334751,0
1977,0,0.00452491,0
1978,1,0.13483866,0
1979,0,0.09415478,0
1980,1,0.95200962,1
1981,0,0.02183879,0
1982,1,0.99021018,1
1983,1,0.50916952,1
1984,1,0.96617562,1
1985,0,0.03399295,0
1986,0,0.05949487,0
1987,0,0.0282717,0
1988,1,0.03553735,0
1989,0,0.03824569,0
1990,0,0.03992722,0
1991,0,0.01146085,0
1992,1,0.98604763,1
1993,1,0.99985898,1
1994,0,0.08983307,0
1995,0,0.00797701,0
1996,0,0.00115215,0
1997,0,0.04677379,0
1998,0,0.04677379,0
1999,1,0.99205822,1
2000,1,0.99959248,1
2001,0,0.00671565,0
2002,0,0.03092487,0
2003,0,0.04053623,0
2004,1,0.09656134,0
2005,0,0.06036993,0
2006,0,0.00770729,0
2007,1,0.99993253,1
2008,1,0.99996769,1
2009,0,0.00203458,0
2010,1,0.99969685,1
2011,1,0.999856,1
2012,0,0.0352711,0
2013,0,0.03832862,0
2014,0,0.04677379,0
2015,0,0.01424782,0
2016,0,0.08933373,0
2017,0,0.05975022,0
2018,1,0.84517884,1
2019,0,0.00579713,0
2020,1,0.85388058,1
2021,0,0.04677379,0
2022,1,0.99210161,1
2023,1,0.96920669,1
2024,0,0.04677379,0
2025,0,0.00970393,0
2026,0,0.02374169,0
2027,1,0.99517089,1
2028,0,0.02590445,0
2029,1,0.99998212,1
2030,0,0.0143019,0
2031,1,0.99932921,1
2032,0,0.04677379,0
2033,0,0.0297961,0
2034,0,0.03202385,0
2035,1,0.99999106,1
2036,0,0.02499841,0
2037,1,0.99905533,1
2038,0,0.0352711,0
2039,0,0.05906104,0
2040,0,0.15394488,0
2041,1,0.99193221,1
2042,0,0.03258745,0
2043,0,0.22957422,0
2044,0,0.04677379,0
2045,0,0.02707498,0
2046,0,0.08021343,0
2047,1,0.99991643,1
2048,0,0.08110408,0
2049,0,0.0352711,0
2050,1,0.99440551,1
2051,1,0.99942529,1
2052,0,0.02183879,0
2053,1,0.9932934,1
2054,1,0.99872226,1
2055,0,0.04402797,0
2056,0,0.00459159,0
2057,0,0.05119086,0
2058,1,0.99902582,1
2059,0,0.03431746,0
2060,1,0.73628229,1
2061,1,0.9269771,1
2062,1,0.60808736,1
2063,0,0.04677379,0
2064,0,0.0260819,0
2065,1,0.99956292,1
2066,1,0.98574615,1
2067,1,0.98649132,1
2068,0,0.0352711,0
2069,0,0.04657932,0
2070,0,0.99990582,1
2071,0,0.00109759,0
2072,0,0.02539453,0
2073,0,0.00696672,0
2074,1,0.99905998,1
2075,0,0.24998851,0
2076,0,0.0089275,0
2077,1,0.96600038,1
2078,0,0.06558071,0
2079,1,0.99967182,1
2080,1,0.07640062,0
2081,1,0.99910516,1
2082,0,0.01894576,0
2083,1,0.99992585,1
2084,1,0.99720097,1
2085,0,0.04402797,0
2086,0,0.00623695,0
2087,1,0.99360341,1
2088,1,0.99931502,1
2089,1,0.9973731,1
2090,0,0.0141273,0
2091,0,0.03800184,0
2092,0,0.04099771,0
2093,1,0.99997365,1
2094,0,0.07218901,0
2095,0,0.09415478,0
2096,1,0.99911267,1
2097,1,0.99991643,1
2098,0,0.16156925,0
2099,0,0.02073487,0
2100,0,0.02603106,0
2101,1,0.99999785,1
2102,1,0.99981385,1
2103,0,0.01063668,0
2104,1,0.99797195,1
2105,0,0.01994755,0
2106,0,0.04677379,0
2107,0,0.00111718,0
2108,0,0.04248552,0
2109,0,0.0387518,0
2110,0,0.09978948,0
2111,1,0.94773072,1
2112,0,0.0352711,0
2113,1,0.99916065,1
2114,0,0.06386354,0
2115,1,0.01266723,0
2116,0,0.01741949,0
2117,0,0.0352711,0
2118,0,0.02670696,0
2119,0,0.04554724,0
2120,1,0.99852461,1
2121,1,0.99982458,1
2122,1,0.99998367,1
2123,0,0.0387518,0
2124,0,0.02025841,0
2125,0,0.0812837,0
2126,0,0.01953768,0
2127,0,0.08938338,0
2128,0,0.60808736,1
2129,1,0.97429669,1
2130,0,0.05016997,0
2131,0,0.04705615,0
2132,0,0.05982068,0
2133,1,0.9995054,1
2134,1,0.99492186,1
2135,0,0.09415478,0
2136,0,0.00262009,0
2137,0,0.02274716,0
2138,1,0.99963784,1
2139,1,0.99843341,1
2140,1,0.99905533,1
2141,1,0.87911254,1
2142,0,0.09415478,0
2143,0,0.03726402,0
2144,0,0.08983307,0
2145,0,0.01266857,0
2146,0,0.0352711,0
2147,0,0.02539453,0
2148,1,0.99999976,1
2149,0,0.1231732,0
2150,0,0.01709242,0
2151,0,0.01728534,0
2152,0,0.01172505,0
2153,1,0.17509109,0
2154,1,0.99696571,1
2155,0,0.00989345,0
2156,1,0.97910601,1
2157,0,0.10424171,0
2158,0,0.02465999,0
2159,0,0.60808736,1
2160,0,0.01753043,0
2161,0,0.04402797,0
2162,1,0.9908058,1
2163,1,0.99999452,1
2164,0,0.03820972,0
2165,1,0.99054074,1
2166,1,0.99993765,1
2167,0,0.00208006,0
2168,0,0.11454452,0
2169,0,0.00955107,0
2170,1,0.99256939,1
2171,1,0.94319731,1
2172,1,0.9972747,1
2173,1,0.99927503,1
2174,0,0.0232785,0
2175,0,0.05367048,0
2176,0,0.02060248,0
2177,0,0.0024162,0
2178,0,0.04402797,0
2179,0,0.04530547,0
2180,1,0.99529737,1
2181,0,0.02072783,0
2182,0,0.05842186,0
2183,0,0.2936421,0
2184,0,0.04792767,0
2185,0,0.01872952,0
2186,0,0.05753564,0
2187,0,0.0352711,0
2188,1,0.99992847,1
2189,0,0.00138782,0
2190,0,0.01052296,0
2191,0,0.00736576,0
2192,0,0.03889269,0
2193,1,0.01036885,0
2194,0,0.04800081,0
2195,0,0.00116497,0
2196,0,0.09415478,0
2197,0,0.09415478,0
2198,1,0.98429769,1
2199,0,0.0015705,0
2200,0,0.01006437,0
2201,0,0.09415478,0
2202,0,0.05949487,0
2203,1,0.99982613,1
2204,0,0.08654015,0
2205,1,0.28067055,0
2206,0,0.05753564,0
2207,1,0.97674096,1
2208,0,0.11454452,0
2209,0,0.07218901,0
2210,1,0.99978787,1
2211,0,0.01561401,0
2212,0,0.03806235,0
2213,0,0.04530547,0
2214,1,0.99692458,1
2215,1,0.99905533,1
2216,0,0.00454121,0
2217,0,0.01274365,0
2218,0,0.02303924,0
2219,0,0.02480213,0
2220,1,0.98688632,1
2221,0,0.0352711,0
2222,1,0.99974602,1
2223,1,0.99999046,1
2224,0,0.02914559,0
2225,0,0.03131896,0
2226,0,0.02160268,0
2227,0,0.10839444,0
2228,1,0.99863654,1
2229,0,0.0168009,0
2230,1,0.99932849,1
2231,0,0.11393673,0
2232,0,0.04677379,0
2233,1,0.99360424,1
2234,0,0.07468586,0
2235,1,0.95200962,1
2236,0,0.0352711,0
2237,1,0.98247796,1
2238,1,0.99991333,1
2239,0,0.00219757,0
2240,0,0.01003694,0
2241,1,0.99741358,1
2242,1,0.99905533,1
2243,0,0.05878629,0
2244,1,0.99991429,1
2245,0,3.383e-05,0
2246,0,0.01591273,0
2247,0,0.00137855,0
2248,0,0.05197637,0
2249,0,0.04677379,0
2250,0,0.0617632,0
2251,1,0.97844404,1
2252,0,0.04677379,0
2253,1,0.68214017,1
2254,0,0.01611652,0
2255,0,0.00506805,0
2256,1,0.07835581,0
2257,0,0.04677379,0
2258,0,0.01722737,0
2259,0,0.0683701,0
2260,1,0.99967182,1
2261,0,0.09981078,0
2262,0,0.15029867,0
2263,1,0.91159141,1
2264,1,0.96914375,1
2265,1,0.99967182,1
2266,0,0.04659075,0
2267,1,0.96617562,1
2268,1,0.99974078,1
2269,1,0.99979895,1
2270,0,0.02208587,0
2271,0,0.03006196,0
2272,0,0.04530547,0
2273,0,0.08933831,0
2274,0,0.10522427,0
2275,1,0.82983977,1
2276,1,0.9008441,1
2277,0,0.02420487,0
2278,0,0.02296982,0
2279,0,0.02673611,0
2280,0,0.02465686,0
2281,0,0.04365865,0
2282,1,0.99992931,1
2283,1,0.99691808,1
2284,0,0.08079887,0
2285,0,0.00684203,0
2286,0,0.07845182,0
2287,1,0.99942303,1
2288,1,0.99034458,1
2289,1,0.99142927,1
2290,1,0.21858542,0
2291,0,0.04985645,0
2292,1,0.98162395,1
2293,1,0.99077821,1
2294,0,0.0041391,0
2295,0,0.03684847,0
2296,1,0.99982738,1
2297,0,0.07628047,0
2298,0,0.00999984,0
2299,0,0.00518034,0
2300,0,0.03523002,0
2301,0,0.04677379,0
2302,0,0.28050098,0
2303,1,0.99996173,1
2304,0,0.01430359,0
2305,0,0.01981023,0
2306,0,0.0424703,0
2307,0,0.04677379,0
2308,1,0.99530447,1
2309,1,0.99473381,1
2310,0,0.03194341,0
2311,0,0.05665195,0
2312,0,0.04248552,0
2313,0,0.0387518,0
2314,1,0.99981946,1
2315,1,0.99997151,1
2316,0,0.03667292,0
2317,0,0.0598767,0
2318,0,0.04677379,0
2319,1,0.99989176,1
2320,0,0.01486853,0
2321,0,0.04648383,0
2322,0,0.08110408,0
2323,0,0.0140404,0
2324,1,0.99858105,1
2325,0,0.03404202,0
2326,1,0.02582448,0
2327,1,0.77962828,1
2328,1,0.47625995,0
2329,1,0.99897087,1
2330,0,0.00261786,0
2331,0,0.22675714,0
2332,1,0.98698503,1
2333,1,0.99800783,1
2334,0,0.01180925,0
2335,0,0.07218901,0
2336,0,0.02017202,0
2337,1,0.9973622,1
2338,0,0.05814883,0
2339,1,0.9893533,1
2340,0,0.05949487,0
2341,0,0.05753564,0
2342,0,0.0230245,0
2343,0,0.02002093,0
2344,1,0.99986887,1
2345,0,0.02707498,0
2346,1,0.99252945,1
2347,0,0.09415478,0
2348,1,0.99463648,1
2349,0,0.03518429,0
2350,0,0.02002169,0
2351,1,0.98601991,1
2352,0,0.09415478,0
2353,0,0.00655459,0
2354,0,0.03271587,0
2355,1,0.99953711,1
2356,1,0.88734573,1
2357,0,0.081839,0
2358,1,0.96617562,1
2359,0,0.04370062,0
2360,1,0.95200962,1
2361,1,0.99919266,1
2362,0,0.04407033,0
2363,1,0.99758279,1
2364,1,0.81123483,1
2365,0,0.01894002,0
2366,0,0.03470803,0
2367,1,0.97305989,1
2368,0,0.04055334,0
2369,1,0.99025458,1
2370,0,0.05949487,0
2371,0,0.09415478,0
2372,1,0.99544674,1
2373,1,0.9993729,1
2374,0,0.11461574,0
2375,1,0.99792153,1
2376,0,0.01924278,0
2377,0,0.01736847,0
2378,1,0.99984336,1
2379,0,0.00501745,0
2380,0,0.03474272,0
2381,1,0.94220263,1
2382,1,0.02215962,0
2383,0,0.04705615,0
2384,1,0.92486584,1
2385,0,0.02465868,0
2386,0,0.04831842,0
2387,1,0.89971721,1
2388,0,0.01498666,0
2389,1,0.86744916,1
2390,1,0.99937952,1
2391,1,0.98823208,1
2392,0,0.03899468,0
2393,1,0.99957138,1
2394,0,0.04633456,0
2395,1,0.51577526,1
2396,1,0.99937195,1
2397,0,0.08933831,0
2398,0,0.0352711,0
2399,0,0.04831842,0
2400,0,0.01266723,0
2401,1,0.99789387,1
2402,1,0.99947637,1
2403,1,0.9821108,1
2404,0,0.09415478,0
2405,0,0.02263871,0
2406,1,0.99623293,1
2407,0,0.09609263,0
2408,1,0.99992228,1
2409,0,0.03928145,0
2410,1,0.99250609,1
2411,0,0.04402797,0
2412,1,0.99025458,1
2413,0,0.71371084,1
2414,0,0.06190692,0
2415,1,0.99992752,1
2416,1,0.99925321,1
2417,0,0.02660351,0
2418,0,0.08110408,0
2419,0,0.01815389,0
2420,0,0.0211169,0
2421,0,0.00166357,0
2422,0,0.04673846,0
2423,1,0.95200962,1
2424,1,0.99979585,1
2425,0,0.0352711,0
2426,0,0.03800184,0
2427,1,0.09863642,0
2428,1,0.9778707,1
2429,0,0.02533046,0
2430,1,0.99630773,1
2431,0,0.11278103,0
2432,0,0.06843321,0
2433,1,0.99769491,1
2434,0,0.01508939,0
2435,0,0.0603659,0
2436,1,0.90431941,1
2437,1,0.99422705,1
2438,0,0.02271865,0
2439,0,0.01825177,0
2440,0,0.01101367,0
2441,0,0.1539304,0
2442,1,0.98932004,1
2443,1,0.8244018,1
2444,0,0.00212228,0
2445,1,0.99951482,1
2446,0,0.05092976,0
2447,1,0.91065907,1
2448,0,0.00583617,0
2449,1,0.99976367,1
2450,0,0.02610721,0
2451,1,0.9985702,1
2452,1,0.99853814,1
2453,0,0.0221987,0
2454,1,0.99273562,1
2455,0,0.04533726,0
2456,1,0.99028659,1
2457,0,0.02183879,0
2458,1,0.99853861,1
2459,0,0.00954131,0
2460,0,0.00533168,0
2461,0,0.02264473,0
2462,0,0.0748942,0
2463,1,0.99691808,1
2464,0,0.14386028,0
2465,0,0.03485999,0
2466,1,0.99968696,1
2467,0,0.04605126,0
2468,1,0.99960417,1
2469,1,0.99326187,1
2470,0,0.02420487,0
2471,1,0.95290005,1
2472,1,0.9999181,1
2473,1,0.99920243,1
2474,0,0.05367048,0
2475,0,0.07835581,0
2476,1,0.13462241,0
2477,1,0.99852777,1
2478,1,0.99863654,1
2479,1,0.02637513,0
2480,0,0.01328922,0
2481,0,0.04402797,0
2482,1,0.86913937,1
2483,0,0.11265161,0
2484,1,0.99858105,1
2485,1,0.99911672,1
2486,1,0.86098659,1
2487,0,0.08983307,0
2488,1,0.98844159,1
2489,1,0.95492768,1
2490,0,0.27126169,0
2491,0,0.01276395,0
2492,0,0.99962735,1
2493,0,0.01191575,0
2494,0,0.16897669,0
2495,0,0.03612169,0
2496,1,0.99024814,1
2497,0,0.01815389,0
2498,0,0.07835581,0
2499,0,0.0352711,0
2500,0,0.00291181,0
2501,0,0.03238162,0
2502,0,0.13701057,0
2503,0,0.01939588,0
2504,0,0.03362808,0
2505,0,0.01753522,0
2506,0,0.03824569,0
2507,1,0.99172467,1
2508,0,0.05367048,0
2509,0,0.04647234,0
2510,1,0.99100667,1
2511,1,0.99958807,1
2512,0,0.08110408,0
2513,0,0.00824976,0
2514,0,0.00033551,0
2515,0,0.02310626,0
2516,0,0.04402797,0
2517,1,0.05707439,0
2518,0,0.00843291,0
2519,1,0.97734374,1
2520,1,0.86936057,1
2521,0,0.00832908,0
2522,0,0.11454452,0
2523,1,0.36085027,0
2524,1,0.94552588,1
2525,1,0.99845111,1
2526,1,0.05753564,0
2527,1,0.99615026,1
2528,1,0.03430511,0
2529,1,0.99920923,1
2530,0,0.0352711,0
2531,0,0.0186184,0
2532,0,0.04677379,0
2533,0,0.09415478,0
2534,1,0.99999177,1
2535,1,0.76956648,1
2536,1,0.99607497,1
2537,0,0.00321979,0
2538,0,0.065965,0
2539,1,0.99977344,1
2540,1,0.99922872,1
2541,0,0.06254694,0
2542,1,0.99995959,1
2543,0,0.04565193,0
2544,0,0.04677379,0
2545,0,0.0542551,0
2546,0,0.09204794,0
2547,0,0.01201905,0
2548,0,0.02500957,0
2549,0,0.00954131,0
2550,1,0.99691808,1
2551,1,0.99969101,1
2552,1,0.9989956,1
2553,1,0.90388894,1
2554,0,0.07301631,0
2555,0,0.07005499,0
2556,0,0.03648465,0
2557,1,0.99934298,1
2558,0,0.10140481,0
2559,1,0.99812239,1
2560,0,0.01179619,0
2561,0,0.00563169,0
2562,1,0.97256088,1
2563,1,0.9999696,1
2564,1,0.99962735,1
2565,0,0.04647234,0
2566,0,0.10217153,0
2567,0,0.17417119,0
2568,0,0.04402797,0
2569,1,0.95200962,1
2570,1,0.99968231,1
2571,1,0.99988437,1
2572,1,0.99991035,1
2573,0,0.01196068,0
2574,0,0.05949487,0
2575,0,0.30545706,0
2576,0,0.01511759,0
2577,0,0.01639198,0
2578,0,0.47625995,0
2579,0,0.00725414,0
2580,1,0.9978714,1
2581,1,0.95492768,1
2582,0,0.07801044,0
2583,0,0.08021343,0
2584,0,0.05974793,0
2585,1,0.9944886,1
2586,0,0.05949487,0
2587,1,0.88168895,1
2588,0,0.03800184,0
2589,0,0.04677379,0
2590,0,0.01856706,0
2591,1,0.99955469,1
2592,0,0.04574862,0
2593,1,0.99865258,1
2594,0,0.04402797,0
2595,0,0.04739079,0
2596,0,0.02342898,0
2597,1,0.99907792,1
2598,0,0.09415478,0
2599,0,0.00346178,0
2600,0,0.03164596,0
2601,1,0.99992466,1
2602,0,0.02622247,0
2603,1,0.9984315,1
2604,1,0.99989331,1
2605,0,0.05949487,0
2606,0,0.11454452,0
2607,0,0.01542286,0
2608,0,0.05897136,0
2609,0,0.02399014,0
2610,1,0.99959081,1
2611,0,0.01436994,0
2612,1,0.99927801,1
2613,0,0.04134954,0
2614,0,0.00809691,0
2615,1,0.99998486,1
2616,1,0.0352711,0
2617,1,0.81533158,1
2618,0,0.00684881,0
2619,1,0.9998734,1
2620,1,0.23877412,0
2621,0,0.11454452,0
2622,1,0.93103391,1
2623,0,0.99339586,1
2624,0,0.04359969,0
2625,0,0.13008626,0
2626,0,0.01776819,0
2627,1,0.99750239,1
2628,1,0.99901903,1
2629,0,0.0052344,0
2630,1,0.99976319,1
2631,1,0.98425585,1
2632,1,0.99210793,1
2633,1,0.9997949,1
2634,1,0.99738401,1
2635,0,0.00400066,0
2636,0,0.0352711,0
2637,0,0.03699444,0
2638,1,0.9952814,1
2639,0,0.99997485,1
2640,1,0.99999845,1
2641,0,0.0252717,0
2642,0,0.00600436,0
2643,0,0.01447589,0
2644,0,0.04985645,0
2645,0,0.18792571,0
2646,0,0.01126981,0
2647,0,0.0348148,0
2648,0,0.09415478,0
2649,0,0.02957336,0
2650,0,0.00244286,0
2651,0,0.0387518,0
2652,0,0.053334,0
2653,0,0.00435564,0
2654,1,0.99326187,1
2655,0,0.06612283,0
2656,0,0.04542645,0
2657,0,0.00310292,0
2658,0,0.00335299,0
2659,1,0.99863654,1
2660,1,0.99994802,1
2661,1,0.99977595,1
2662,0,0.01629033,0
2663,1,0.74407816,1
2664,1,0.05205258,0
2665,1,0.99789196,1
2666,1,0.99805415,1
2667,1,0.99991488,1
2668,1,0.99943942,1
2669,0,0.09839936,0
2670,1,0.99594313,1
2671,0,0.00417974,0
2672,0,0.04402797,0
2673,0,0.09415478,0
2674,0,0.05759608,0
2675,1,0.86210805,1
2676,0,0.04715302,0
2677,0,0.02461503,0
2678,0,0.14446628,0
2679,0,0.01363001,0
2680,0,0.0352711,0
2681,1,0.99928987,1
2682,0,0.93137938,1
2683,1,0.99870229,1
2684,0,0.13082238,0
2685,0,0.04402797,0
2686,1,0.99676645,1
2687,1,0.99906713,1
2688,0,0.04055334,0
2689,0,0.00928158,0
2690,0,0.01600841,0
2691,0,0.0091653,0
2692,0,0.17697753,0
2693,0,0.01224557,0
2694,0,0.00808964,0
2695,0,0.05071083,0
2696,0,0.09415478,0
2697,0,0.07183779,0
2698,0,0.06555197,0
2699,0,0.09415478,0
2700,1,0.99692458,1
2701,1,0.85010624,1
2702,1,0.99972111,1
2703,0,0.0352711,0
2704,0,0.02095662,0
2705,0,0.01326196,0
2706,1,0.99672145,1
2707,1,0.96835798,1
2708,0,0.11454452,0
2709,0,0.11409024,0
2710,1,0.04561454,0
2711,1,0.9678095,1
2712,1,0.99951315,1
2713,1,0.99990165,1
2714,1,0.8652873,1
2715,0,0.00699484,0
2716,1,0.99928975,1
2717,0,0.00816755,0
2718,0,0.00843291,0
2719,0,0.0943298,0
2720,0,0.01444852,0
2721,1,0.99794489,1
2722,0,0.03487463,0
2723,0,0.01706093,0
2724,0,0.02158609,0
2725,1,0.4560245,0
2726,1,0.99779642,1
2727,0,0.03699444,0
2728,1,0.99135524,1
2729,0,0.00116543,0
2730,0,0.01611705,0
2731,1,0.05194701,0
2732,0,0.09415478,0
2733,1,0.99286968,1
2734,0,0.00988955,0
2735,1,0.99897951,1
2736,1,0.9999764,1
2737,0,0.03699444,0
2738,0,0.01722737,0
2739,1,0.99482024,1
2740,0,0.00077106,0
2741,0,0.0730084,0
2742,1,0.9994821,1
2743,0,0.00568737,0
2744,0,0.47625995,0
2745,1,0.00786002,0
2746,0,0.01005279,0
2747,0,0.03800184,0
2748,0,0.02216125,0
2749,0,0.37141857,0
2750,0,0.02497169,0
2751,0,0.01712984,0
2752,1,0.97140324,1
2753,0,0.00438044,0
2754,0,0.04985645,0
2755,0,0.07005499,0
2756,0,0.00606582,0
2757,0,0.05747679,0
2758,1,0.99128914,1
2759,0,0.01970247,0
2760,1,0.99432206,1
2761,0,0.06190692,0
2762,0,0.00725414,0
2763,1,0.05456648,0
2764,1,0.99670547,1
2765,1,0.8058607,1
2766,0,0.14096637,0
2767,0,0.01563942,0
2768,0,0.05949487,0
2769,0,0.01520903,0
2770,1,0.99963665,1
2771,0,0.02480213,0
2772,0,0.09415478,0
2773,1,0.91798747,1
2774,0,0.09415478,0
2775,0,0.02460839,0
2776,0,0.00881295,0
2777,1,0.99998951,1
2778,1,0.99867129,1
2779,1,0.98564827,1
2780,0,0.04978256,0
2781,0,0.02887549,0
2782,1,0.99885321,1
2783,0,0.05079084,0
2784,1,0.99867672,1
2785,0,0.05927206,0
2786,1,0.85269803,1
2787,0,0.00454072,0
2788,0,0.00435564,0
2789,0,0.01549808,0
2790,0,0.0605112,0
2791,0,0.01680388,0
2792,0,0.07218901,0
2793,0,0.02608269,0
2794,1,0.99889165,1
2795,1,0.07495534,0
2796,0,0.0160123,0
2797,0,0.0387518,0
2798,1,0.98287326,1
2799,0,0.01700776,0
2800,0,0.01505954,0
2801,0,0.06122527,0
2802,1,0.99987841,1
2803,1,0.9941029,1
2804,0,0.04123642,0
2805,0,0.05914539,0
2806,0,0.0352711,0
2807,0,0.0120859,0
2808,1,0.99992919,1
2809,1,0.99865866,1
2810,1,0.59397131,1
2811,0,0.00808964,0
2812,0,0.04574862,0
2813,1,0.99623787,1
2814,0,0.02530375,0
2815,0,0.12036818,0
2816,0,0.09269022,0
2817,1,0.99953818,1
2818,0,0.01426339,0
2819,0,0.04744071,0
2820,0,0.0488391,0
2821,0,0.02239483,0
2822,0,0.02460839,0
2823,0,0.00501918,0
2824,0,0.07831842,0
2825,0,0.16897669,0
2826,0,0.00430299,0
2827,1,0.99988163,1
2828,0,0.10719364,0
2829,0,0.00574537,0
2830,0,0.04402797,0
2831,0,0.01469276,0
2832,0,0.00228979,0
2833,1,0.99949479,1
2834,0,0.13813885,0
2835,0,0.09415478,0
2836,1,0.96617562,1
2837,1,0.99911648,1
2838,0,0.0352711,0
2839,1,0.99934524,1
2840,0,0.08110408,0
2841,0,0.01289651,0
2842,0,0.01981023,0
2843,0,0.05949487,0
2844,0,0.01566102,0
2845,0,0.13778353,0
2846,0,0.02647872,0
2847,1,0.99701846,1
2848,1,0.99691808,1
2849,1,0.99826765,1
2850,0,0.05347168,0
2851,0,0.02354178,0
2852,0,0.05486204,0
2853,0,0.11128425,0
2854,1,0.99699223,1
2855,0,0.03274487,0
2856,0,0.05326723,0
2857,0,0.07628047,0
2858,0,0.01344509,0
2859,1,0.9960413,1
2860,1,0.99882776,1
2861,0,0.00860876,0
2862,0,0.01681193,0
2863,1,0.99618775,1
2864,0,0.00514964,0
2865,1,0.60695207,1
2866,0,0.0379827,0
2867,0,0.01751452,0
2868,0,0.04508428,0
2869,1,0.99983799,1
2870,1,0.99862885,1
2871,1,0.99987924,1
2872,0,0.0352711,0
2873,0,0.00654292,0
2874,1,0.99996865,1
2875,1,0.99004596,1
2876,1,0.99476212,1
2877,0,0.01120894,0
2878,1,0.9992519,1
2879,1,0.99921286,1
2880,0,0.02183879,0
2881,1,0.98890227,1
2882,0,0.04677379,0
2883,0,0.02376889,0
2884,0,0.03867386,0
2885,0,0.03806235,0
2886,1,0.92959702,1
2887,0,0.09351462,0
2888,0,0.08110408,0
2889,1,0.99882096,1
2890,1,0.84982234,1
2891,1,0.99644345,1
2892,1,0.99763286,1
2893,0,0.04078833,0
2894,1,0.99959165,1
2895,1,0.99980515,1
2896,1,0.30709386,0
2897,0,0.01133387,0
2898,1,0.99981326,1
2899,0,0.01118569,0
2900,0,0.0436049,0
2901,0,0.01293821,0
2902,0,0.04579367,0
2903,1,0.99907136,1
2904,0,0.00494225,0
2905,1,0.99985862,1
2906,0,0.00644906,0
2907,1,0.99999321,1
2908,0,0.06514666,0
2909,1,0.08775438,0
2910,0,0.01840257,0
2911,1,0.94750035,1
2912,0,0.08983307,0
2913,0,0.00836297,0
2914,1,0.99919862,1
2915,0,0.04677379,0
2916,0,0.16897669,0
2917,1,0.99960953,1
2918,1,0.95631754,1
2919,1,0.99818015,1
2920,0,0.02339225,0
2921,0,0.08110408,0
2922,0,0.04478843,0
2923,0,0.04533726,0
2924,1,0.9883731,1
2925,0,0.04128573,0
2926,1,0.90629143,1
2927,0,0.05949487,0
2928,1,0.99825364,1
2929,1,0.99387372,1
2930,0,0.0352711,0
2931,0,0.03161553,0
2932,0,0.03000021,0
2933,0,0.04248552,0
2934,0,0.08110408,0
2935,1,0.94557416,1
2936,0,0.01499197,0
2937,0,0.09415478,0
2938,1,0.9982236,1
2939,0,0.03082367,0
2940,0,0.01897973,0
2941,0,0.68233818,1
2942,1,0.99506831,1
2943,0,0.0091653,0
2944,0,0.02465868,0
2945,1,0.95200962,1
2946,0,0.00808964,0
2947,0,0.06719613,0
2948,0,0.01842808,0
2949,0,0.02232257,0
2950,0,0.00583617,0
2951,0,0.13101518,0
2952,0,0.06555197,0
2953,0,0.04565193,0
2954,0,0.04397651,0
2955,0,0.04137086,0
2956,0,0.05565191,0
2957,0,0.05695971,0
2958,0,0.01820413,0
2959,0,0.06911349,0
2960,0,0.08110408,0
2961,0,0.03404202,0
2962,0,0.05753564,0
2963,1,0.99827862,1
2964,0,0.02611241,0
2965,1,0.99955434,1
2966,0,0.03404219,0
2967,0,0.01736494,0
2968,1,0.99989629,1
2969,0,0.02402725,0
2970,0,0.04241632,0
2971,0,0.6651479,1
2972,0,0.0304141,0
2973,1,0.99664307,1
2974,0,0.01710327,0
2975,0,0.01123415,0
2976,1,0.99853468,1
2977,0,0.02466286,0
2978,0,0.00463295,0
2979,0,0.0040578,0
2980,0,0.0443372,0
2981,0,0.0024221,0
2982,0,0.04415057,0
2983,0,0.03081748,0
2984,1,0.9995172,1
2985,0,0.14386028,0
2986,0,0.01700776,0
2987,0,0.05744157,0
2988,1,0.99987555,1
2989,1,0.99827385,1
2990,0,0.0038979,0
2991,0,0.01033184,0
2992,0,0.00134401,0
2993,0,0.11393673,0
2994,1,0.99530447,1
2995,1,0.99999917,1
2996,0,0.01840257,0
2997,0,0.03854604,0
2998,0,0.0352711,0
2999,0,0.01925624,0
3000,1,0.9997831,1
3001,0,0.02418226,0
3002,1,0.08134679,0
3003,1,0.88217515,1
3004,0,0.02815574,0
3005,0,0.08983307,0
3006,1,0.98181087,1
3007,1,0.99869186,1
3008,1,0.99959618,1
3009,0,0.04780728,0
3010,1,0.99999595,1
3011,0,0.04450103,0
3012,1,0.99234265,1
3013,0,0.03726402,0
3014,0,0.0352711,0
3015,1,0.99990582,1
3016,0,0.08347695,0
3017,0,0.13880375,0
3018,0,0.03672969,0
3019,1,0.99997103,1
3020,0,0.0487366,0
3021,0,0.04582614,0
3022,1,0.97705179,1
3023,0,0.01052296,0
3024,1,0.69580001,1
3025,0,0.0561055,0
3026,1,0.99998343,1
3027,0,0.07272952,0
3028,1,0.99871671,1
3029,0,0.03707405,0
3030,0,0.07016977,0
3031,0,0.01736577,0
3032,1,0.96126908,1
3033,1,0.9741742,1
3034,0,0.00874141,0
3035,1,0.97528243,1
3036,0,0.36885881,0
3037,0,0.02046783,0
3038,1,0.75080168,1
3039,0,0.03058234,0
3040,1,0.99982244,1
3041,0,0.03281473,0
3042,1,0.97705919,1
3043,1,0.9658559,1
3044,0,0.01744831,0
3045,0,0.02906726,0
3046,0,0.02460839,0
3047,1,0.99941409,1
3048,1,0.9999969,1
3049,0,0.01357347,0
3050,0,0.06651851,0
3051,1,0.97318178,1
3052,0,0.0352711,0
3053,0,0.0301653,0
3054,0,0.08021343,0
3055,0,0.0943298,0
3056,1,0.99908423,1
3057,1,0.9039799,1
3058,0,0.03178829,0
3059,0,0.01794216,0
3060,0,0.09072664,0
3061,0,0.00144253,0
3062,1,0.98961043,1
3063,0,0.01162345,0
3064,0,0.02240941,0
3065,0,0.01815389,0
3066,0,0.0352711,0
3067,1,0.96456701,1
3068,0,0.04677379,0
3069,1,0.99489057,1
3070,1,0.99214435,1
3071,1,0.99944168,1
3072,1,0.99853075,1
3073,0,0.04677379,0
3074,0,0.03800184,0
3075,0,0.00612796,0
3076,1,0.99853957,1
3077,0,0.14252162,0
3078,0,0.03521291,0
3079,0,0.00802579,0
3080,0,0.00845869,0
3081,0,0.02326786,0
3082,0,0.00641475,0
3083,1,0.99551696,1
3084,0,0.05753564,0
3085,0,0.05949487,0
3086,0,0.04677379,0
3087,0,0.08536103,0
3088,0,0.05949487,0
3089,1,0.9988789,1
3090,1,0.04402797,0
3091,0,0.0114394,0
3092,0,0.11454452,0
3093,0,0.02263871,0
3094,0,0.00515184,0
3095,1,0.99962878,1
3096,0,0.05866726,0
3097,1,0.99525476,1
3098,1,0.00404884,0
3099,1,0.99997497,1
3100,1,0.99806947,1
3101,0,0.00082887,0
3102,1,0.95838952,1
3103,0,0.02451428,0
3104,1,0.9994331,1
3105,1,0.99952531,1
3106,0,0.02257169,0
3107,0,0.07218901,0
3108,0,0.0387518,0
3109,1,0.99995518,1
3110,0,0.05784628,0
3111,0,0.012818,0
3112,0,0.04402797,0
3113,1,0.99975306,1
3114,1,0.99984646,1
3115,0,0.01724491,0
3116,0,0.03570937,0
3117,0,0.07013425,0
3118,0,0.05029685,0
3119,0,0.01415175,0
3120,0,0.01840257,0
3121,0,0.04677379,0
3122,0,0.02101972,0
3123,0,0.00134845,0
3124,1,0.99984729,1
3125,0,0.02472614,0
3126,0,0.99939549,1
3127,1,0.99833089,1
3128,0,0.09415478,0
3129,0,0.0352711,0
3130,0,0.00322274,0
3131,1,0.95919138,1
3132,0,0.02353996,0
3133,0,0.0315138,0
3134,0,0.00223913,0
3135,1,0.9979614,1
3136,0,0.07835581,0
3137,1,0.96179748,1
3138,0,0.0315138,0
3139,1,0.99996245,1
3140,1,0.99957806,1
3141,1,0.99980897,1
3142,0,0.05438122,0
3143,1,0.99167973,1
3144,1,0.9909429,1
3145,1,0.14995496,0
3146,0,0.04705615,0
3147,0,0.04414936,0
3148,0,0.0274188,0
3149,0,0.05511556,0
3150,1,0.97796804,1
3151,0,0.00406027,0
3152,0,0.01981023,0
3153,0,0.04714955,0
3154,0,0.0160123,0
3155,1,0.99958712,1
3156,0,0.11454452,0
3157,0,0.08110408,0
3158,0,0.00954263,0
3159,0,0.05514919,0
3160,1,0.99954849,1
3161,0,0.09415478,0
3162,0,0.05753564,0
3163,1,0.99638981,1
3164,0,0.05333967,0
3165,0,0.04454797,0
3166,0,0.04677379,0
3167,0,0.05317273,0
3168,0,0.06501701,0
3169,1,0.99703264,1
3170,0,0.00775859,0
3171,0,0.09346603,0
3172,1,0.99854565,1
3173,1,0.06136209,0
3174,0,0.06122527,0
3175,0,0.01701966,0
3176,0,0.07218901,0
3177,1,0.99998808,1
3178,1,0.98511642,1
3179,0,0.06555197,0
3180,0,0.05753564,0
3181,0,0.03757687,0
3182,0,0.05969926,0
3183,1,0.9998461,1
3184,0,0.07001197,0
3185,0,0.05565191,0
3186,0,0.04612634,0
3187,1,0.60582787,1
3188,1,0.99747616,1
3189,0,0.06501577,0
3190,0,0.01992845,0
3191,0,0.12347845,0
3192,1,0.75864476,1
3193,1,0.53033191,1
3194,0,0.0228199,0
3195,0,0.00583617,0
3196,1,0.99682617,1
3197,0,0.03548254,0
3198,1,0.9999944,1
3199,0,0.06793307,0
3200,0,0.03824569,0
3201,0,0.00188871,0
3202,1,0.85128754,1
3203,0,0.04407033,0
3204,0,0.02437598,0
3205,1,0.99949396,1
3206,1,0.96859968,1
3207,1,0.98360091,1
3208,0,0.05976045,0
3209,0,0.03195897,0
3210,1,0.99993205,1
3211,1,0.99892658,1
3212,0,0.0371887,0
3213,0,0.00583617,0
3214,0,0.01231683,0
3215,1,0.99992669,1
3216,0,0.01751452,0
3217,0,0.07628047,0
3218,1,0.99139082,1
3219,1,0.97099644,1
3220,1,0.99965549,1
3221,1,0.94796515,1
3222,0,0.09415478,0
3223,0,0.0352711,0
3224,0,0.01942993,0
3225,1,0.99979478,1
3226,0,0.00793055,0
3227,0,0.01201905,0
3228,1,0.98599756,1
3229,1,0.9990344,1
3230,0,0.0674934,0
3231,1,0.99237204,1
3232,1,0.99993086,1
3233,0,0.01226834,0
3234,1,0.07379313,0
3235,0,0.04440605,0
3236,0,0.061052,0
3237,1,0.9877671,1
3238,0,0.01646615,0
3239,1,0.99025458,1
3240,1,0.99027914,1
3241,0,0.03672969,0
3242,1,0.99973017,1
3243,1,0.99961108,1
3244,1,0.99937302,1
3245,0,0.08983307,0
3246,1,0.99785233,1
3247,0,0.03800184,0
3248,0,0.01513153,0
3249,0,0.04648693,0
3250,1,0.99709404,1
3251,1,0.99960178,1
3252,0,0.04104597,0
3253,0,0.03963572,0
3254,0,0.0352711,0
3255,0,0.04402797,0
3256,0,0.01159724,0
3257,0,0.08983307,0
3258,1,0.99999213,1
3259,0,0.03412938,0
3260,0,0.01219811,0
3261,1,0.6823476,1
3262,0,0.0282717,0
3263,0,0.01459359,0
3264,1,0.99987817,1
3265,0,0.11951233,0
3266,1,0.99993467,1
3267,1,0.97682184,1
3268,1,0.99741769,1
3269,0,0.00157406,0
3270,1,0.99929011,1
3271,0,0.09415478,0
3272,1,0.99152219,1
3273,1,0.09549166,0
3274,1,0.99870408,1
3275,0,0.01605258,0
3276,0,0.01772206,0
3277,1,0.95652682,1
3278,0,0.39514902,0
3279,1,0.99876946,1
3280,0,0.08983307,0
3281,1,0.98671305,1
3282,0,0.11380801,0
3283,1,0.99993253,1
3284,0,0.04402797,0
3285,0,0.04248552,0
3286,0,0.07692183,0
3287,0,0.0387518,0
3288,0,0.00397531,0
3289,0,0.04402797,0
3290,1,0.95616305,1
3291,1,0.99532014,1
3292,0,0.01537466,0
3293,0,0.05977951,0
3294,1,0.99927169,1
3295,0,0.00621244,0
3296,0,0.02304393,0
3297,0,0.00158438,0
3298,1,0.99892104,1
3299,0,0.049963,0
3300,1,0.99874461,1
3301,0,0.01056169,0
3302,1,0.99993086,1
3303,0,0.01343037,0
3304,0,0.0943298,0
3305,0,0.03378307,0
3306,1,0.998052,1
3307,1,0.99999642,1
3308,1,0.99265373,1
3309,1,0.97748899,1
3310,1,0.99999654,1
3311,0,0.04677379,0
3312,0,0.04062752,0
3313,0,0.08920301,0
3314,0,0.01980549,0
3315,0,0.06030224,0
3316,1,0.96617562,1
3317,0,0.00053478,0
3318,1,0.5254873,1
3319,0,0.07628047,0
3320,0,0.09415478,0
3321,1,0.99705148,1
3322,1,0.96725297,1
3323,0,0.03585148,0
3324,1,0.99695301,1
3325,0,0.0643947,0
3326,0,0.06488606,0
3327,1,0.9989863,1
3328,0,0.0352711,0
3329,1,0.9999826,1
3330,1,0.99891913,1
3331,1,0.99482453,1
3332,1,0.99985504,1
3333,0,0.01697951,0
3334,0,0.00951317,0
3335,0,0.05202905,0
3336,1,0.99927253,1
3337,0,0.0538361,0
3338,1,0.99996495,1
3339,1,0.99025458,1
3340,1,0.99938202,1
3341,0,0.07218901,0
3342,1,0.99623787,1
3343,1,0.90100121,1
3344,1,0.00725902,0
3345,0,0.02472614,0
3346,1,0.99623787,1
3347,0,0.01825299,0
3348,0,0.0352711,0
3349,1,0.99962306,1
3350,0,0.12757757,0
3351,0,0.00984174,0
3352,0,0.0436049,0
3353,1,0.99973315,1
3354,0,0.0711799,0
3355,0,0.01807349,0
3356,1,0.99900913,1
3357,0,0.01549808,0
3358,1,0.03105756,0
3359,0,0.01395231,0
3360,0,0.01722737,0
3361,1,0.99686855,1
3362,1,0.99164164,1
3363,0,0.09034356,0
3364,0,0.01499044,0
3365,0,0.00488265,0
3366,0,0.03412346,0
3367,1,0.99983215,1
3368,0,0.02978347,0
3369,0,0.0895169,0
3370,0,0.01535601,0
3371,0,0.07392496,0
3372,1,0.97678035,1
3373,1,0.9791007,1
3374,0,0.06948666,0
3375,1,0.9700523,1
3376,0,0.09415478,0
3377,1,0.99156767,1
3378,0,0.20628211,0
3379,1,0.99793768,1
3380,0,0.09415478,0
3381,0,0.00616483,0
3382,0,0.05694694,0
3383,1,0.98162442,1
3384,0,0.47625995,0
3385,1,0.89399159,1
3386,0,0.0045783,0
3387,0,0.02451715,0
3388,0,0.05246215,0
3389,1,0.07270753,0
3390,1,1.0,1
3391,1,0.97859746,1
3392,0,0.03258745,0
3393,0,0.0285045,0
3394,0,0.01840257,0
3395,0,0.02557905,0
3396,1,0.99790168,1
3397,0,0.01415175,0
3398,1,0.99914742,1
3399,0,0.07218901,0
3400,0,0.05949487,0
3401,0,0.05533676,0
3402,1,0.9958545,1
3403,1,0.99082315,1
3404,0,0.01716687,0
3405,0,0.0352711,0
3406,0,0.03397751,0
3407,1,0.96420783,1
3408,1,0.97215265,1
3409,0,0.03511265,0
3410,1,0.99960214,1
3411,0,0.04694436,0
3412,0,0.05949487,0
3413,0,0.00808964,0
3414,0,0.02513082,0
3415,1,0.50916952,1
3416,1,0.99110454,1
3417,1,0.99967182,1
3418,0,0.04407033,0
3419,0,0.08933831,0
3420,1,0.99975342,1
3421,0,0.01201905,0
3422,1,0.99945885,1
3423,0,0.04647234,0
3424,1,0.99076086,1
3425,1,0.99991131,1
3426,0,0.03109215,0
3427,1,0.99854654,1
3428,0,0.04248552,0
3429,0,0.14760752,0
3430,1,0.99994004,1
3431,0,0.00753197,0
3432,0,0.09415478,0
3433,1,0.95200962,1
3434,1,0.99870098,1
3435,1,0.87065053,1
3436,0,0.14446628,0
3437,0,0.00627111,0
3438,1,0.99982208,1
3439,0,0.03699444,0
3440,1,0.98281568,1
3441,0,0.01685275,0
3442,0,0.04407033,0
3443,0,0.0124985,0
3444,1,0.05565191,0
3445,1,0.62883109,1
3446,1,0.99784815,1
3447,0,0.05565191,0
3448,0,0.00545682,0
3449,0,0.00223913,0
3450,0,0.08933831,0
3451,1,0.99995315,1
3452,0,0.04911236,0
3453,0,0.11393673,0
3454,0,0.03412938,0
3455,0,0.05753564,0
3456,0,0.03717871,0
3457,0,0.0017588,0
3458,0,0.02301064,0
3459,0,0.02460839,0
3460,0,0.09415478,0
3461,1,0.99942183,1
3462,0,0.0943298,0
3463,1,0.9995777,1
3464,0,0.02762091,0
3465,1,0.99983621,1
3466,0,0.06555197,0
3467,0,0.08983307,0
3468,0,0.01788738,0
3469,0,0.00995018,0
3470,1,0.99959463,1
3471,1,0.99988437,1
3472,0,0.00312086,0
3473,1,0.02319151,0
3474,0,0.00968812,0
3475,0,0.09415478,0
3476,0,0.02572817,0
3477,0,0.04402797,0
3478,1,0.99716789,1
3479,1,0.79424435,1
3480,0,0.01275438,0
3481,0,0.02489664,0
3482,1,0.99352646,1
3483,1,0.99995959,1
3484,1,0.99853075,1
3485,0,0.04113641,0
3486,0,0.93631363,1
3487,0,0.66325194,1
3488,1,0.96617562,1
3489,1,0.99910945,1
3490,0,0.01927213,0
3491,1,0.99395871,1
3492,1,0.04038055,0
3493,1,0.99656421,1
3494,1,0.99652678,1
3495,1,0.99853957,1
3496,0,0.05367048,0
3497,1,0.98848617,1
3498,0,0.12597452,0
3499,1,0.56326431,1
3500,1,0.99996412,1
3501,0,0.08110408,0
3502,0,0.0943146,0
3503,1,0.99974149,1
3504,1,0.99915516,1
3505,0,0.03077707,0
3506,0,0.01515663,0
3507,0,0.02222822,0
3508,0,0.00128042,0
3509,1,0.83631879,1
3510,0,0.00390257,0
3511,1,0.99993253,1
3512,1,0.99995375,1
3513,1,0.99972397,1
3514,1,0.99571663,1
3515,1,0.9997068,1
3516,0,0.04402797,0
3517,0,0.09415478,0
3518,0,0.02460839,0
3519,0,0.00954861,0
3520,0,0.01853975,0
3521,0,0.06555197,0
3522,0,0.04024439,0
3523,0,0.02530166,0
3524,0,0.00723593,0
3525,0,0.02568962,0
3526,0,0.04365865,0
3527,0,0.00440572,0
3528,0,0.0352711,0
3529,1,0.17417119,0
3530,1,0.95825583,1
3531,0,0.04248552,0
3532,0,0.07847677,0
3533,0,0.0419103,0
3534,1,0.09260086,0
3535,0,0.0227286,0
3536,0,0.5254873,1
3537,0,0.09269022,0
3538,1,0.97260666,1
3539,0,0.01930076,0
3540,0,0.03329832,0
3541,0,0.01700776,0
3542,0,0.02543415,0
3543,1,0.9685092,1
3544,0,0.01722737,0
3545,0,0.04365865,0
3546,1,0.97827739,1
3547,0,0.04677379,0
3548,1,0.99996018,1
3549,1,0.9994272,1
3550,1,0.99520099,1
3551,0,0.03417304,0
3552,0,0.00582109,0
3553,1,0.99674231,1
3554,1,0.99245995,1
3555,1,0.99353689,1
3556,0,0.09468621,0
3557,1,0.92518824,1
3558,1,0.99853075,1
3559,0,0.04063033,0
3560,0,0.00134187,0
3561,1,0.74205577,1
3562,0,0.03934541,0
3563,0,0.14187539,0
3564,1,0.997769,1
3565,0,0.06155448,0
3566,0,0.00734654,0
3567,0,0.05753564,0
3568,0,0.08983307,0
3569,1,0.999708,1
3570,0,0.09083013,0
3571,1,0.8653475,1
3572,0,0.004274,0
3573,0,0.02976599,0
3574,1,0.99567884,1
3575,1,0.99124265,1
3576,0,0.01146866,0
3577,0,0.03789726,0
3578,1,0.98987865,1
3579,0,0.03544863,0
3580,1,0.99998379,1
3581,0,0.01684093,0
3582,1,0.99984372,1
3583,0,0.11454452,0
3584,0,0.43111768,0
3585,1,0.99607122,1
3586,0,0.00514628,0
3587,0,0.05949487,0
3588,0,0.0118437,0
3589,0,0.08933831,0
3590,0,0.03471198,0
3591,1,0.99947697,1
3592,1,0.97992182,1
3593,0,0.0916205,0
3594,0,0.0124312,0
3595,1,0.997554,1
3596,0,0.07877451,0
3597,1,0.9946878,1
3598,1,0.9982053,1
3599,1,0.8813799,1
3600,0,0.03774991,0
3601,0,0.03779346,0
3602,1,0.99979395,1
3603,0,0.03526892,0
3604,1,0.99943346,1
3605,1,0.99764061,1
3606,0,0.01329697,0
3607,1,0.99762076,1
3608,0,0.08983307,0
3609,1,0.98730195,1
3610,1,0.99986446,1
3611,0,0.01382809,0
3612,1,0.0943298,0
3613,1,0.99278706,1
3614,1,0.9921456,1
3615,1,0.07662386,0
3616,0,0.06615452,0
3617,0,0.00583617,0
3618,0,0.01992845,0
3619,0,0.05949487,0
3620,0,0.03208108,0
3621,0,0.01162345,0
3622,0,0.05753564,0
3623,1,0.99958628,1
3624,1,0.9956044,1
3625,0,0.03746818,0
3626,0,0.03439322,0
3627,0,0.00322428,0
3628,1,0.99518341,1
3629,0,0.00834584,0
3630,0,0.40705428,0
3631,0,0.06459419,0
3632,1,0.71650398,1
3633,0,0.05618072,0
3634,1,0.99938846,1
3635,0,0.00880565,0
3636,1,0.99998128,1
3637,1,0.42497537,0
3638,0,0.08933831,0
3639,0,0.03895756,0
3640,0,0.00880565,0
3641,1,0.99347091,1
3642,0,0.02799637,0
3643,0,0.09415478,0
3644,1,0.99366874,1
3645,0,0.08978632,0
3646,0,0.04677379,0
3647,0,0.05934064,0
3648,0,0.04428719,0
3649,1,0.98899043,1
3650,0,0.01397534,0
3651,1,0.93777055,1
3652,1,0.53033191,1
3653,0,0.01077542,0
3654,1,0.99695563,1
3655,0,0.00518034,0
3656,1,0.99873477,1
3657,1,0.99993551,1
3658,0,0.02254699,0
3659,0,0.04357106,0
3660,1,0.11393673,0
3661,0,0.03738867,0
3662,0,0.09415478,0
3663,1,0.96268177,1
3664,0,0.0487569,0
3665,0,0.06878143,0
3666,0,0.04248552,0
3667,0,0.06562372,0
3668,0,0.00846887,0
3669,0,0.05753564,0
3670,0,0.16897669,0
3671,0,0.09404197,0
3672,0,0.02107115,0
3673,0,0.00584851,0
3674,1,0.99965644,1
3675,1,0.99193221,1
3676,0,0.02387378,0
3677,0,0.0261883,0
3678,0,0.04052931,0
3679,1,0.99890411,1
3680,1,0.97748899,1
3681,0,0.27999571,0
3682,0,0.01255096,0
3683,1,0.99638981,1
3684,1,0.9414506,1
3685,1,0.23357069,0
3686,0,0.03539231,0
3687,0,0.00154346,0
3688,1,0.96617562,1
3689,1,0.99700028,1
3690,0,0.04627964,0
3691,1,0.99488282,1
3692,0,0.00727,0
3693,0,0.02481138,0
3694,0,0.0340235,0
3695,1,0.99938381,1
3696,0,0.04301951,0
3697,0,0.00422996,0
3698,0,0.02640684,0
3699,0,0.01159724,0
3700,0,0.04677379,0
3701,0,0.00725414,0
3702,1,0.99906474,1
3703,1,0.99973983,1
3704,0,0.05565191,0
3705,1,0.99982661,1
3706,1,0.99998415,1
3707,0,0.00261786,0
3708,0,0.01786205,0
3709,0,0.07545174,0
3710,0,0.06612283,0
3711,0,0.11393673,0
3712,0,0.05753564,0
3713,0,0.04419521,0
3714,0,0.01751452,0
3715,0,0.09415478,0
3716,1,0.99995708,1
3717,0,0.01992845,0
3718,1,0.99692184,1
3719,0,0.03636769,0
3720,1,0.90649045,1
3721,0,0.01798489,0
3722,1,0.9998548,1
3723,1,0.9956767,1
3724,1,0.04565193,0
3725,0,0.02090833,0
3726,1,0.99521047,1
3727,0,0.05804741,0
3728,0,0.02243504,0
3729,1,0.99922872,1
3730,0,0.04831842,0
3731,1,0.99688292,1
3732,0,0.0024221,0
3733,1,0.99353105,1
3734,0,0.27573201,0
3735,0,0.01815389,0
3736,0,0.03516835,0
3737,1,0.89091659,1
3738,1,0.99287224,1
3739,0,0.08315371,0
3740,1,0.99905533,1
3741,0,0.01317352,0
3742,0,0.06946357,0
3743,0,0.08154695,0
3744,0,0.01683642,0
3745,0,0.0230245,0
3746,0,0.11358631,0
3747,0,0.04647234,0
3748,0,0.08423676,0
3749,0,0.04741509,0
3750,0,0.0352711,0
3751,0,0.03208108,0
3752,0,0.05949487,0
3753,0,0.04369434,0
3754,1,0.98001373,1
3755,0,0.00984174,0
3756,0,0.03604221,0
3757,0,0.01067174,0
3758,0,0.09415478,0
3759,0,0.09415478,0
3760,1,0.99807513,1
3761,0,0.0241198,0
3762,1,0.99158937,1
3763,1,0.26289669,0
3764,0,0.01779434,0
3765,0,0.04508216,0
3766,1,0.99866164,1
3767,1,0.99184364,1
3768,1,0.99990582,1
3769,0,0.99999845,1
3770,1,0.99943417,1
3771,0,0.02215765,0
3772,1,0.99559832,1
3773,1,0.99941349,1
3774,1,0.99616313,1
3775,0,0.00271532,0
3776,1,0.99422693,1
3777,0,0.04746053,0
3778,0,0.01697951,0
3779,0,0.00838134,0
3780,0,0.00435564,0
3781,0,0.0603632,0
3782,0,0.07001197,0
3783,0,0.01522928,0
3784,0,0.03800184,0
3785,1,0.99885416,1
3786,1,0.99961543,1
3787,0,0.04568869,0
3788,0,0.00940526,0
3789,0,0.01043142,0
3790,1,0.68373013,1
3791,0,0.04340683,0
3792,0,0.08933831,0
3793,0,0.01885979,0
3794,0,0.09993206,0
3795,1,0.99976391,1
3796,0,0.08933831,0
3797,0,0.03850381,0
3798,0,0.01638922,0
3799,1,0.99753559,1
3800,1,0.99814284,1
3801,0,0.06555197,0
3802,0,0.02133478,0
3803,1,0.99965823,1
3804,1,0.99612492,1
3805,1,0.99990368,1
3806,0,0.04677379,0
3807,0,0.03145577,0
3808,0,0.01963172,0
3809,0,0.01052296,0
3810,0,0.03415368,0
3811,1,0.99933088,1
3812,1,0.86340535,1
3813,1,0.99324328,1
3814,1,0.99976832,1
3815,1,0.99964702,1
3816,0,0.09415478,0
3817,1,0.98326832,1
3818,0,0.06269217,0
3819,0,0.03537453,0
3820,0,0.09415478,0
3821,0,0.08983307,0
3822,1,0.99995983,1
3823,0,0.03091534,0
3824,1,0.87109959,1
3825,0,0.05565191,0
3826,1,0.99812275,1
3827,0,0.0476668,0
3828,1,0.9997068,1
3829,0,0.03796087,0
3830,0,0.00112574,0
3831,0,0.03939735,0
3832,0,0.0352711,0
3833,0,0.05635396,0
3834,1,0.94301629,1
3835,0,0.04809022,0
3836,1,0.96557385,1
3837,1,0.99762136,1
3838,1,0.99695921,1
3839,0,0.09415478,0
3840,0,0.00616483,0
3841,1,0.99770051,1
3842,0,0.00985534,0
3843,0,0.0352711,0
3844,0,0.23745325,0
3845,0,0.00116543,0
3846,0,0.0380464,0
3847,0,0.04402797,0
3848,0,0.0560862,0
3849,0,0.02603106,0
3850,0,0.02002093,0
3851,0,0.04464681,0
3852,1,0.99894935,1
3853,0,0.05949487,0
3854,0,0.04967327,0
3855,1,0.9998976,1
3856,1,0.99695921,1
3857,0,0.06375498,0
3858,0,0.05630018,0
3859,0,0.04940898,0
3860,1,0.78885186,1
3861,0,0.02480213,0
3862,0,0.01061331,0
3863,0,0.02012891,0
3864,1,0.99625742,1
3865,0,0.06596491,0
3866,0,0.04565193,0
3867,0,0.01550277,0
3868,0,0.01383027,0
3869,0,0.04274209,0
3870,0,0.04358973,0
3871,0,0.04248552,0
3872,0,0.11454452,0
3873,0,0.09977756,0
3874,1,0.7855143,1
3875,0,0.0352711,0
3876,0,0.04565193,0
3877,1,0.99855703,1
3878,0,0.01362376,0
3879,0,0.05753564,0
3880,1,0.80853534,1
3881,0,0.09415478,0
3882,1,0.6208151,1
3883,0,0.00136746,0
3884,0,0.06730232,0
3885,0,0.05949487,0
3886,1,0.99691808,1
3887,1,0.99979061,1
3888,0,0.02480213,0
3889,1,0.99992716,1
3890,0,0.01162345,0
3891,0,0.04677379,0
3892,0,0.04854842,0
3893,0,0.00583617,0
3894,1,0.99639398,1
3895,0,0.07628047,0
3896,1,0.99969041,1
3897,1,0.99996626,1
3898,0,0.03419447,0
3899,1,0.99393821,1
3900,0,0.0025717,0
3901,0,0.04971401,0
3902,1,0.97552186,1
3903,0,0.01095663,0
3904,0,0.09130081,0
3905,1,0.98970735,1
3906,1,0.99979264,1
3907,1,0.99998724,1
3908,0,0.01317216,0
3909,0,0.02743513,0
3910,0,0.18323041,0
3911,0,0.04677379,0
3912,0,0.05949487,0
3913,1,0.99991214,1
3914,0,0.00435564,0
3915,0,0.01513444,0
3916,1,0.91598678,1
3917,1,0.99638581,1
3918,1,0.99588352,1
3919,0,0.0160123,0
3920,0,0.04426127,0
3921,0,0.05038337,0
3922,0,0.03067708,0
3923,1,0.93904054,1
3924,1,0.99873656,1
3925,0,0.32590473,0
3926,0,0.05367048,0
3927,0,0.0352711,0
3928,1,0.999762,1
3929,1,0.9987424,1
3930,0,0.03699444,0
3931,1,0.99766183,1
3932,0,0.00376538,0
3933,0,0.04533726,0
3934,1,0.99987328,1
3935,1,0.99665725,1
3936,1,0.99692351,1
3937,0,0.04656073,0
3938,1,0.99175197,1
3939,1,0.87805086,1
3940,1,0.98689401,1
3941,0,0.0311855,0
3942,1,0.95200962,1
3943,0,0.99772865,1
3944,0,0.01293821,0
3945,1,0.99994993,1
3946,0,0.07346718,0
3947,1,0.60808736,1
3948,0,0.04248552,0
3949,0,0.04123642,0
3950,1,0.99588472,1
3951,0,0.00909831,0
3952,0,0.02101665,0
3953,0,0.07337359,0
3954,0,0.0304141,0
3955,0,0.02228575,0
3956,0,0.01461895,0
3957,1,0.08395743,0
3958,1,0.68321443,1
3959,1,0.88499057,1
3960,0,0.0402903,0
3961,0,0.04402797,0
3962,1,0.99917299,1
3963,0,0.00840395,0
3964,0,0.02413509,0
3965,1,0.99979323,1
3966,0,0.05753564,0
3967,1,0.99760604,1
3968,0,0.01683347,0
3969,0,0.0249653,0
3970,1,0.99995565,1
3971,1,0.99986303,1
3972,0,0.03915294,0
3973,0,0.09415478,0
3974,1,0.88802958,1
3975,0,0.0352711,0
3976,0,0.02438997,0
3977,0,0.03594698,0
3978,0,0.03224717,0
3979,0,0.05753564,0
3980,0,0.05971708,0
3981,0,0.00655139,0
3982,0,0.11303952,0
3983,1,0.99967182,1
3984,1,0.85717642,1
3985,1,0.9999361,1
3986,1,0.99759835,1
3987,1,0.99511898,1
3988,0,0.00747399,0
3989,0,0.00539228,0
3990,0,0.07325973,0
3991,0,0.00529949,0
3992,1,0.99954981,1
3993,1,0.99982554,1
3994,1,0.99999285,1
3995,0,0.01646615,0
3996,0,0.02828738,0
3997,1,0.99323118,1
3998,1,0.03509294,0
3999,0,0.02480213,0
4000,0,0.04530547,0
4001,0,0.04109817,0
4002,0,0.03944921,0
4003,0,0.01447589,0
4004,0,0.04985645,0
4005,1,0.99551696,1
4006,1,0.99995959,1
4007,0,0.03332527,0
4008,0,0.07423455,0
4009,1,0.99904066,1
4010,0,0.08983307,0
4011,0,0.07218901,0
4012,0,0.05949487,0
4013,0,0.01886141,0
4014,0,0.11454452,0
4015,0,0.01459622,0
4016,0,0.04564779,0
4017,0,0.11902021,0
4018,1,0.99999869,1
4019,1,0.99938619,1
4020,0,0.01783523,0
4021,0,0.077779,0
4022,0,0.03397751,0
4023,0,0.05884518,0
4024,0,0.03470803,0
4025,0,0.04677379,0
4026,0,0.08530738,0
4027,0,0.00504003,0
4028,0,0.06057008,0
4029,1,0.99326187,1
4030,1,0.63641179,1
4031,1,0.86744916,1
4032,1,0.99982822,1
4033,0,0.0167851,0
4034,0,0.01992845,0
4035,0,0.02027676,0
4036,0,0.02158609,0
4037,1,0.99774927,1
4038,1,0.98494244,1
4039,0,0.00774698,0
4040,0,0.0337875,0
4041,0,0.01535648,0
4042,1,0.99371099,1
4043,0,0.0352711,0
4044,0,0.09394013,0
4045,1,0.99990046,1
4046,0,0.01317182,0
4047,0,0.09148926,0
4048,1,0.07660532,0
4049,0,0.03679418,0
4050,0,0.04402797,0
4051,1,0.99679166,1
4052,1,0.99725789,1
4053,0,0.03404202,0
4054,0,0.04677379,0
4055,1,0.99877268,1
4056,1,0.99886858,1
4057,0,0.02465868,0
4058,1,0.60808736,1
4059,0,0.00808964,0
4060,0,0.03096576,0
4061,0,0.01187124,0
4062,1,0.30011696,0
4063,0,0.03399641,0
4064,0,0.05949487,0
4065,0,0.08933831,0
4066,0,0.0352711,0
4067,0,0.04859617,0
4068,0,0.02966003,0
4069,1,0.99976736,1
4070,0,0.07277802,0
4071,0,0.01269117,0
4072,0,0.09278007,0
4073,0,0.04051795,0
4074,1,0.01309152,0
4075,1,0.98008931,1
4076,1,0.99991322,1
4077,0,0.02265727,0
4078,0,0.0297043,0
4079,0,0.05468424,0
4080,0,0.02943591,0
4081,0,0.00331056,0
4082,1,0.99837458,1
4083,0,0.11393673,0
4084,0,0.01397534,0
4085,0,0.02942723,0
4086,1,0.9058708,1
4087,0,0.02957336,0
4088,1,0.99887401,1
4089,0,0.02789769,0
4090,0,0.06555197,0
4091,0,0.01667755,0
4092,0,0.0352711,0
4093,0,0.00698239,0
4094,0,0.04365865,0
4095,1,0.98593003,1
4096,0,0.0494583,0
4097,0,0.02184179,0
4098,0,0.08933831,0
4099,1,0.99999094,1
4100,1,0.09772978,0
4101,1,0.70668453,1
4102,1,0.7809087,1
4103,1,0.99973446,1
4104,1,0.99376869,1
4105,0,0.03595591,0
4106,1,0.99975795,1
4107,0,0.14022365,0
4108,0,0.01792906,0
4109,0,0.10217153,0
4110,1,0.99501604,1
4111,0,0.01981023,0
4112,0,0.11454452,0
4113,1,0.99925596,1
4114,0,0.05949487,0
4115,0,0.05949487,0
4116,0,0.0282717,0
4117,0,0.01286519,0
4118,0,0.01088361,0
4119,1,0.99821717,1
4120,0,0.04015755,0
4121,0,0.01840257,0
4122,1,0.99766821,1
4123,0,0.16897669,0
4124,0,0.09753276,0
4125,1,0.9910028,1
4126,0,0.09415478,0
4127,0,0.0352711,0
4128,1,0.99694246,1
4129,0,0.03879462,0
4130,1,0.99557316,1
4131,0,0.04110471,0
4132,1,0.99984956,1
4133,0,0.07628047,0
4134,0,0.04530547,0
4135,0,0.9948085,1
4136,0,0.08933831,0
4137,1,0.98045164,1
4138,1,0.99061066,1
4139,0,0.01505867,0
4140,0,0.22824405,0
4141,0,0.04078433,0
4142,0,0.0814358,0
4143,1,0.94970602,1
4144,0,0.00843291,0
4145,0,0.00346178,0
4146,1,0.99922812,1
4147,0,0.01971738,0
4148,1,0.96126908,1
4149,0,0.01722737,0
4150,0,0.01761376,0
4151,0,0.01815389,0
4152,1,0.97796804,1
4153,0,0.11066811,0
4154,1,0.98777956,1
4155,0,0.02304835,0
4156,0,0.07831842,0
4157,0,0.01722737,0
4158,0,0.0013946,0
4159,1,0.99985099,1
4160,0,0.0295274,0
4161,1,0.99728048,1
4162,0,0.03559791,0
4163,1,0.9722138,1
4164,1,0.85210955,1
4165,1,0.96321017,1
4166,0,0.03404202,0
4167,1,0.99988854,1
4168,1,0.97391599,1
4169,0,0.04677379,0
4170,1,0.99990845,1
4171,1,0.9990865,1
4172,1,0.99706739,1
4173,1,0.99528462,1
4174,0,0.09415478,0
4175,1,0.99785173,1
4176,0,0.03091534,0
4177,0,0.01334301,0
4178,1,0.8916055,1
4179,1,0.9881925,1
4180,0,0.04800174,0
4181,0,0.05753564,0
4182,0,0.03510047,0
4183,1,0.94460863,1
4184,0,0.00114815,0
4185,1,0.99989748,1
4186,0,0.0943298,0
4187,1,0.99901855,1
4188,1,0.04288981,0
4189,1,0.99891472,1
4190,1,0.96825492,1
4191,0,0.48374993,0
4192,0,0.02296982,0
4193,0,0.00808964,0
4194,1,0.99280244,1
4195,0,0.05707224,0
4196,0,0.01331855,0
4197,0,0.01343392,0
4198,0,0.05753564,0
4199,1,0.99664307,1
4200,0,0.0352711,0
4201,1,0.96319246,1
4202,1,0.99892837,1
4203,1,0.99624181,1
4204,0,0.01898511,0
4205,1,0.04741577,0
4206,0,0.03274487,0
4207,0,0.03033296,0
4208,1,0.96625382,1
4209,0,0.01009552,0
4210,0,0.017218,0
4211,1,0.96526194,1
4212,0,0.02878308,0
4213,1,0.99868709,1
4214,0,0.03535516,0
4215,1,0.98507524,1
4216,0,0.00843291,0
4217,0,0.07628047,0
4218,0,0.01061331,0
4219,0,0.01255096,0
4220,1,0.99932075,1
4221,1,0.96862316,1
4222,1,0.99932647,1
4223,1,0.99979895,1
4224,1,0.99902582,1
4225,0,0.07628047,0
4226,1,0.92096704,1
4227,1,0.99856645,1
4228,0,0.11454452,0
4229,1,0.99658728,1
4230,0,0.05749954,0
4231,1,0.06185136,0
4232,0,0.02743185,0
4233,1,0.99837804,1
4234,0,0.04677379,0
4235,0,0.0252364,0
4236,0,0.04677379,0
4237,0,0.00915241,0
4238,1,0.99992776,1
4239,0,0.09269022,0
4240,0,0.04530547,0
4241,0,0.09415478,0
4242,1,0.99522686,1
4243,0,0.05873344,0
4244,0,0.068482,0
4245,1,0.9984901,1
4246,0,0.04365865,0
4247,0,0.13806029,0
4248,0,0.00025689,0
4249,0,0.19013897,0
4250,0,0.03098666,0
4251,1,0.99999702,1
4252,0,0.00808964,0
4253,0,0.00940526,0
4254,1,0.99909627,1
4255,1,0.99942636,1
4256,0,0.06129397,0
4257,1,0.99172467,1
4258,1,0.99644345,1
4259,0,0.00520956,0
4260,0,0.07218901,0
4261,1,0.97140324,1
4262,1,0.99977034,1
4263,0,0.00189662,0
4264,0,0.08648507,0
4265,0,0.0387549,0
4266,1,0.99961627,1
4267,1,0.99984121,1
4268,0,0.07628047,0
4269,0,0.0170354,0
4270,0,0.00616483,0
4271,0,0.00984649,0
4272,1,0.99995315,1
4273,0,0.03504667,0
4274,0,0.08933831,0
4275,0,0.08933831,0
4276,0,0.03096114,0
4277,0,0.04611872,0
4278,0,0.08882237,0
4279,1,0.96728933,1
4280,0,0.00342401,0
4281,0,0.1708895,0
4282,0,0.02465868,0
4283,0,0.08983307,0
4284,0,0.00262277,0
4285,0,0.09415478,0
4286,0,0.03527476,0
4287,0,0.03784462,0
4288,0,0.11597414,0
4289,0,0.03333477,0
4290,1,0.99983096,1
4291,0,0.08510932,0
4292,0,0.00806426,0
4293,0,0.00943462,0
4294,0,0.02428503,0
4295,0,0.03470803,0
4296,0,0.02500266,0
4297,0,0.00438316,0
4298,1,0.99971455,1
4299,0,0.0452589,0
4300,0,0.09415478,0
4301,1,0.99544877,1
4302,0,0.04248552,0
4303,1,0.99644864,1
4304,0,0.0011934,0
4305,1,0.99964285,1
4306,1,0.99810398,1
4307,0,0.00322428,0
4308,0,0.01224557,0
4309,1,0.99516195,1
4310,1,0.99748707,1
4311,1,0.99860793,1
4312,0,0.02317798,0
4313,0,0.04677379,0
4314,1,0.99851066,1
4315,0,0.03502652,0
4316,0,0.04402797,0
4317,0,0.03813814,0
4318,0,0.00676124,0
4319,0,0.04646918,0
4320,0,0.05565191,0
4321,0,0.02413649,0
4322,0,0.00261786,0
4323,1,0.99226636,1
4324,1,0.98101085,1
4325,0,0.00475721,0
4326,1,0.97825158,1
4327,0,0.01632606,0
4328,1,0.99557745,1
4329,1,0.99990845,1
4330,0,0.01981023,0
4331,0,0.08110408,0
4332,1,0.99997556,1
4333,0,0.07770424,0
4334,1,0.9998318,1
4335,1,0.99644345,1
4336,0,0.04677379,0
4337,1,0.99987662,1
4338,1,0.99775499,1
4339,0,0.08663098,0
4340,0,0.02087656,0
4341,0,0.03560404,0
4342,0,0.01796261,0
4343,0,0.11741269,0
4344,0,0.01497375,0
4345,1,0.99766183,1
4346,0,0.11848725,0
4347,1,0.99796176,1
4348,1,0.99422616,1
4349,0,0.08933831,0
4350,1,0.99963129,1
4351,0,0.01476242,0
4352,0,0.00692041,0
4353,0,0.00435564,0
4354,0,0.17244014,0
4355,0,0.08260063,0
4356,0,0.04219211,0
4357,1,0.99999785,1
4358,1,0.99907768,1
4359,0,0.03202385,0
4360,0,0.04407033,0
4361,0,0.09415478,0
4362,1,0.89818561,1
4363,0,0.07966952,0
4364,0,0.17417119,0
4365,0,0.08983307,0
4366,0,0.09415478,0
4367,0,0.08110408,0
4368,1,0.48910484,0
4369,1,0.99976486,1
4370,1,0.98613495,1
4371,0,0.00153361,0
4372,0,0.00933607,0
4373,0,0.09978948,0
4374,0,0.08933831,0
4375,0,0.03699444,0
4376,1,0.99545163,1
4377,0,0.12507847,0
4378,0,0.06707389,0
4379,0,0.08124676,0
4380,1,0.85438913,1
4381,0,0.01248324,0
4382,0,0.01725535,0
4383,0,0.1419528,0
4384,0,0.04402797,0
4385,1,0.99958128,1
4386,0,0.04677379,0
4387,0,0.08983307,0
4388,1,0.99876654,1
4389,0,0.07835581,0
4390,1,0.99875009,1
4391,1,0.99988556,1
4392,0,0.04997617,0
4393,1,0.99863142,1
4394,1,0.98334032,1
4395,1,0.70916659,1
4396,1,0.99993169,1
4397,1,0.99798417,1
4398,0,0.06083193,0
4399,0,0.02309253,0
4400,0,0.03225477,0
4401,0,0.01965236,0
4402,1,0.99999988,1
4403,0,0.01549846,0
4404,0,0.07628047,0
4405,0,0.00129664,0
4406,0,0.13111529,0
4407,0,0.01976078,0
4408,0,0.04514707,0
4409,1,0.99821067,1
4410,0,0.04778543,0
4411,1,0.97748899,1
4412,0,0.01313311,0
4413,1,0.99988604,1
4414,0,0.0289485,0
4415,1,0.99562752,1
4416,1,0.97447872,1
4417,0,0.02927624,0
4418,0,0.04677379,0
4419,0,0.03051089,0
4420,0,0.5254873,1
4421,0,0.01098348,0
4422,1,0.99863654,1
4423,1,0.99996018,1
4424,0,0.00310854,0
4425,0,0.00887167,0
4426,0,0.04565045,0
4427,0,0.02906195,0
4428,0,0.03650648,0
4429,0,0.05402324,0
4430,1,0.99780589,1
4431,0,0.0273883,0
4432,0,0.04622714,0
4433,0,0.03254239,0
4434,1,0.99623787,1
4435,1,0.99467307,1
4436,0,0.00746321,0
4437,1,0.99747604,1
4438,0,0.08124676,0
4439,1,0.9999187,1
4440,0,0.01224557,0
4441,0,0.04763094,0
4442,0,0.02882177,0
4443,1,0.99906045,1
4444,0,0.02382566,0
4445,0,0.03861601,0
4446,0,0.08983307,0
4447,0,0.01082938,0
4448,0,0.01481554,0
4449,0,0.08983307,0
4450,0,0.06786694,0
4451,0,0.03726402,0
4452,0,0.01169916,0
4453,0,0.01536646,0
4454,0,0.0352711,0
4455,1,0.99972802,1
4456,0,0.15319401,0
4457,0,0.01201905,0
4458,1,0.9982121,1
4459,0,0.07831842,0
4460,1,0.99997878,1
4461,0,0.04975965,0
4462,0,0.00848173,0
4463,0,0.01624582,0
4464,0,0.08983307,0
4465,0,0.17155878,0
4466,1,0.99298877,1
4467,1,0.99983764,1
4468,0,0.027071,0
4469,0,0.06555197,0
4470,0,0.14824979,0
4471,0,0.0134557,0
4472,1,0.99940944,1
4473,1,0.99991381,1
4474,1,0.99869788,1
4475,1,0.99894804,1
4476,0,0.05594389,0
4477,0,0.00907736,0
4478,1,0.93395102,1
4479,0,0.0352711,0
4480,0,0.02121774,0
4481,1,0.99997807,1
4482,1,0.98943555,1
4483,0,0.0352711,0
4484,0,0.04216971,0
4485,1,0.75636166,1
4486,0,0.02480213,0
4487,0,0.00637079,0
4488,0,0.02610971,0
4489,0,0.08983307,0
4490,0,0.03000021,0
4491,0,0.04402797,0
4492,0,0.02276069,0
4493,0,0.09415478,0
4494,0,0.26595464,0
4495,0,0.0289485,0
4496,0,0.04414329,0
4497,1,0.99812251,1
4498,1,0.98414868,1
4499,1,0.99966502,1
4500,0,0.033032,0
4501,1,0.02838406,0
4502,0,0.12587611,0
4503,0,0.03613692,0
4504,0,0.04463083,0
4505,0,0.00926944,0
4506,0,0.02388449,0
4507,0,0.03774991,0
4508,1,0.99588335,1
4509,0,0.05186935,0
4510,0,0.00624367,0
4511,0,0.5254873,1
4512,0,0.03699444,0
4513,0,0.0545472,0
4514,0,0.01815389,0
4515,0,0.08347695,0
4516,0,0.01242864,0
4517,0,0.06555197,0
4518,0,0.0300728,0
4519,0,0.00615125,0
4520,1,0.99780172,1
4521,0,0.04443897,0
4522,0,0.05949487,0
4523,1,0.99995744,1
4524,1,0.90629143,1
4525,1,0.9998771,1
4526,0,0.00604613,0
4527,0,0.0352711,0
4528,0,0.07913562,0
4529,0,0.0420186,0
4530,0,0.05175728,0
4531,0,0.05472983,0
4532,0,0.0177431,0
4533,0,0.01166828,0
4534,0,0.09415478,0
4535,1,0.98837227,1
4536,1,0.99172467,1
4537,0,0.01185282,0
4538,0,0.03330288,0
4539,0,0.04677379,0
4540,0,0.00323433,0
4541,0,0.03582477,0
4542,0,0.07451822,0
4543,0,0.02267422,0
4544,0,0.00296137,0
4545,0,0.03654546,0
4546,0,0.03670726,0
4547,0,0.00415617,0
4548,1,0.9959268,1
4549,0,0.05949487,0
4550,0,0.03824569,0
4551,1,0.99907839,1
4552,1,0.46020016,0
4553,0,0.04708174,0
4554,1,0.94982636,1
4555,0,0.01146085,0
4556,1,0.98872012,1
4557,0,0.01754966,0
4558,0,0.0304141,0
4559,0,0.55059648,1
4560,1,0.35050538,0
4561,0,0.02920949,0
4562,1,0.99960059,1
4563,0,0.05565191,0
4564,0,0.03800184,0
4565,0,0.10217153,0
4566,0,0.00229588,0
4567,0,0.0230245,0
4568,1,0.10089277,0
4569,0,0.09415478,0
4570,0,0.025499,0
4571,0,0.09415478,0
4572,0,0.04677379,0
4573,0,0.02597657,0
4574,0,0.04402797,0
4575,0,0.09415478,0
4576,0,0.03457912,0
4577,0,0.0263995,0
4578,1,0.99997771,1
4579,0,0.02296982,0
4580,0,0.1077174,0
4581,0,0.02197993,0
4582,1,0.98742372,1
4583,1,0.99951971,1
4584,1,0.99967253,1
4585,0,0.0177431,0
4586,0,0.0943298,0
4587,1,0.99064738,1
4588,0,0.1077174,0
4589,0,0.01317352,0
4590,0,0.04492338,0
4591,0,0.01424327,0
4592,0,0.02084884,0
4593,0,0.05949487,0
4594,0,0.09415478,0
4595,1,0.97604352,1
4596,1,0.99982232,1
4597,1,0.99999285,1
4598,0,0.03470667,0
4599,1,0.98261017,1
4600,0,0.00845869,0
4601,1,0.99988461,1
4602,1,0.99985421,1
4603,0,0.09415478,0
4604,0,0.08983307,0
4605,1,0.99256492,1
4606,0,0.014046,0
4607,1,0.99924707,1
4608,0,0.05949487,0
4609,0,0.01020054,0
4610,1,0.99655342,1
4611,0,0.03548612,0
4612,1,0.99942869,1
4613,1,0.99985623,1
4614,1,0.99947101,1
4615,0,0.0352711,0
4616,1,0.92487228,1
4617,0,0.02669688,0
4618,0,0.0943298,0
4619,0,0.08933831,0
4620,0,0.08983307,0
4621,0,0.10245953,0
4622,1,0.99825662,1
4623,0,0.09026492,0
4624,1,0.97598583,1
4625,0,0.03180513,0
4626,1,0.99985886,1
4627,0,0.01061331,0
4628,1,0.9018895,1
4629,0,0.03535516,0
4630,0,0.11544909,0
4631,1,0.99994171,1
4632,0,0.04442635,0
4633,1,0.99035013,1
4634,1,0.9957146,1
4635,0,0.04402797,0
4636,1,0.99940515,1
4637,0,0.03925498,0
4638,0,0.06802333,0
4639,0,0.01981023,0
4640,0,0.50289518,1
4641,1,0.99995887,1
4642,0,0.04677379,0
4643,1,0.99720109,1
4644,0,0.17483719,0
4645,1,0.99598688,1
4646,0,0.02603106,0
4647,1,0.99640584,1
4648,0,0.08124676,0
4649,0,0.0086208,0
4650,0,0.0466368,0
4651,0,0.03986173,0
4652,1,0.9796173,1
4653,0,0.02517458,0
4654,1,0.96617562,1
4655,0,0.46071601,0
4656,0,0.04041858,0
4657,1,0.99960119,1
4658,1,0.99984896,1
4659,0,0.01098348,0
4660,1,0.90989149,1
4661,1,0.97716784,1
4662,1,0.99645823,1
4663,0,0.0352711,0
4664,0,0.09415478,0
4665,0,0.03870485,0
4666,0,0.00876069,0
4667,1,0.99025458,1
4668,0,0.05949487,0
4669,0,0.04373635,0
4670,0,0.04434811,0
4671,0,0.0436049,0
4672,0,0.04760832,0
4673,1,0.89879113,1
4674,1,0.79065013,1
4675,1,0.99997115,1
4676,1,0.99658704,1
4677,1,0.99927253,1
4678,0,0.0401537,0
4679,0,0.02501159,0
4680,1,0.99934524,1
4681,0,0.00346178,0
4682,0,0.00817104,0
4683,0,0.00872904,0
4684,1,0.99978977,1
4685,0,0.04948045,0
4686,0,0.02436408,0
4687,0,0.03372863,0
4688,0,0.01531016,0
4689,1,0.99996257,1
4690,1,0.99845874,1
4691,0,0.00967291,0
4692,0,9.695e-05,0
4693,1,0.86649495,1
4694,0,0.022896,0
4695,1,0.99998558,1
4696,0,0.02027676,0
4697,0,0.08307561,0
4698,1,0.02433025,0
4699,0,0.02681327,0
4700,0,0.10178204,0
4701,1,0.97019231,1
4702,1,0.99845445,1
4703,0,0.08124676,0
4704,1,0.88868266,1
4705,0,0.00515184,0
4706,0,0.04605047,0
4707,1,0.99902105,1
4708,1,0.99997056,1
4709,1,0.99739659,1
4710,0,0.02185599,0
4711,1,0.9983151,1
4712,0,0.08983307,0
4713,0,0.01248838,0
4714,0,0.01863418,0
4715,0,0.01305495,0
4716,1,0.96617562,1
4717,1,0.99542469,1
4718,0,0.05861737,0
4719,0,0.08733449,0
4720,0,0.00740824,0
4721,1,0.93826592,1
4722,0,0.02141891,0
4723,0,0.0943298,0
4724,0,0.00711994,0
4725,1,0.99742883,1
4726,0,0.04677379,0
4727,1,0.69566524,1
4728,0,0.05753564,0
4729,0,0.08983307,0
4730,0,0.02943813,0
4731,0,0.76158684,1
4732,1,0.8765552,1
4733,1,0.99905533,1
4734,1,0.99944609,1
4735,0,0.0104593,0
4736,1,0.99968243,1
4737,0,0.03672788,0
4738,0,0.05949487,0
4739,0,0.06555197,0
4740,0,0.0387518,0
4741,1,0.9956454,1
4742,1,0.9997068,1
4743,1,0.99998307,1
4744,0,0.02501159,0
4745,0,0.02594903,0
4746,1,0.99629909,1
4747,1,0.99906737,1
4748,0,0.09415478,0
4749,0,0.0459297,0
4750,0,0.09338918,0
4751,0,0.02101665,0
4752,0,0.02237173,0
4753,1,0.94077992,1
4754,0,0.03012395,0
4755,0,0.00881863,0
4756,0,0.04248552,0
4757,0,0.04945947,0
4758,1,0.09453907,0
4759,1,0.99990046,1
4760,1,0.99999177,1
4761,0,0.00143478,0
4762,1,0.99824142,1
4763,1,0.99963367,1
4764,0,0.03046369,0
4765,0,0.02460228,0
4766,0,0.03612169,0
4767,1,0.99977273,1
4768,0,0.04020939,0
4769,1,0.99963844,1
4770,0,0.05753564,0
4771,1,0.99641979,1
4772,1,0.99989522,1
4773,0,0.02431836,0
4774,1,0.99725997,1
4775,1,0.99905533,1
4776,0,0.79146802,1
4777,0,0.00479193,0
4778,0,0.03684847,0
4779,0,0.04953128,0
4780,1,0.99866164,1
4781,1,0.98952919,1
4782,0,0.01175339,0
4783,1,0.99949801,1
4784,0,0.03820972,0
4785,1,0.99425358,1
4786,0,0.0142908,0
4787,1,0.98094028,1
4788,0,0.04975092,0
4789,0,0.04745496,0
4790,0,0.00515184,0
4791,1,0.99866164,1
4792,0,0.14446628,0
4793,0,0.04006229,0
4794,0,0.03503451,0
4795,0,0.0352711,0
4796,1,0.99944919,1
4797,1,0.99982613,1
4798,0,0.17257777,0
4799,0,0.08110408,0
4800,0,0.09415478,0
4801,0,0.02348043,0
4802,0,0.08110408,0
4803,0,0.01435671,0
4804,1,0.9991861,1
4805,1,0.08983307,0
4806,0,0.01420949,0
4807,1,0.99996483,1
4808,0,0.03615235,0
4809,0,0.01641173,0
4810,1,0.99900985,1
4811,0,0.0352711,0
4812,0,0.00583617,0
4813,0,0.00583617,0
4814,1,0.75623715,1
4815,1,0.99885058,1
4816,0,0.01639198,0
4817,1,0.99638355,1
4818,1,0.99973792,1
4819,1,0.0633793,0
4820,0,0.03212669,0
4821,1,0.99775404,1
4822,0,0.00172437,0
4823,0,0.0943298,0
4824,0,0.2309614,0
4825,0,0.03800184,0
4826,1,0.01700776,0
4827,0,0.05331193,0
4828,0,0.04365865,0
4829,0,0.08933831,0
4830,0,0.04806459,0
4831,1,0.99816966,1
4832,0,0.00849949,0
4833,0,0.11075764,0
4834,0,0.00797701,0
4835,0,0.0300728,0
4836,1,0.97186768,1
4837,0,0.04776655,0
4838,0,0.00451472,0
4839,0,0.0575787,0
4840,0,0.0352711,0
4841,0,0.02163091,0
4842,1,0.9998877,1
4843,0,0.01334897,0
4844,0,0.00815739,0
4845,0,0.05106074,0
4846,0,0.05949487,0
4847,1,0.9939155,1
4848,1,0.991548,1
4849,0,0.0126857,0
4850,0,0.00885123,0
4851,0,0.0086864,0
4852,1,0.99690539,1
4853,0,0.00583617,0
4854,1,0.99979204,1
4855,1,0.99876153,1
4856,1,0.99904007,1
4857,0,0.00808964,0
4858,1,0.98951423,1
4859,1,0.82698172,1
4860,1,0.92889345,1
4861,1,0.34560156,0
4862,0,0.06007883,0
4863,1,0.99986494,1
4864,1,0.9993729,1
4865,0,0.00163118,0
4866,1,0.03119301,0
4867,0,0.48026276,0
4868,1,0.9983328,1
4869,1,0.99178034,1
4870,1,0.77531993,1
4871,1,0.99610019,1
4872,0,0.05949487,0
4873,1,0.99975175,1
4874,1,0.00476274,0
4875,0,0.00376626,0
4876,0,0.00975735,0
4877,0,0.50289518,1
4878,0,0.01101276,0
4879,0,0.01131875,0
4880,0,0.02605859,0
4881,1,0.06878143,0
4882,0,0.00484253,0
4883,0,0.08110408,0
4884,0,0.02270144,0
4885,1,0.97796804,1
4886,1,0.99984682,1
4887,0,0.01265992,0
4888,0,0.01855249,0
4889,0,0.10266341,0
4890,0,0.04429906,0
4891,0,0.00257294,0
4892,1,0.99904281,1
4893,0,0.0236106,0
4894,0,0.09415478,0
4895,1,0.99863654,1
4896,1,0.8653475,1
4897,0,0.0352711,0
4898,1,0.99998987,1
4899,0,0.03421089,0
4900,0,0.2309614,0
4901,0,0.04393221,0
4902,0,0.16320279,0
4903,1,0.99833065,1
4904,0,0.0262593,0
4905,0,0.11454452,0
4906,0,0.07531133,0
4907,0,0.01982808,0
4908,0,0.02480213,0
4909,0,0.01419838,0
4910,0,0.00843291,0
4911,0,0.11207347,0
4912,1,0.88835824,1
4913,0,0.06190692,0
4914,0,0.92729938,1
4915,1,0.99988341,1
4916,0,0.08110408,0
4917,0,0.0352711,0
4918,0,0.13948846,0
4919,0,0.00322274,0
4920,0,0.03986982,0
4921,0,0.09415478,0
4922,0,0.01151286,0
4923,0,0.0092568,0
4924,0,0.05035828,0
4925,0,0.00583617,0
4926,0,0.01740161,0
4927,0,0.06122527,0
4928,0,0.01208488,0
4929,0,0.11454452,0
4930,1,0.99879104,1
4931,0,0.03420953,0
4932,0,0.01988316,0
4933,0,0.00603213,0
4934,1,0.99963939,1
4935,0,0.04402797,0
4936,0,0.02611241,0
4937,0,0.02504304,0
4938,0,0.01743144,0
4939,1,0.92034775,1
4940,0,0.0352711,0
4941,0,0.00583617,0
4942,0,0.02492051,0
4943,1,0.99885309,1
4944,1,0.99698263,1
4945,0,0.0254715,0
4946,1,0.95231795,1
4947,0,0.08983307,0
4948,0,0.01889617,0
4949,1,0.99991846,1
4950,1,0.97094572,1
4951,0,0.05561382,0
4952,0,0.00463269,0
4953,0,0.08021343,0
4954,0,0.0282717,0
4955,0,0.0045659,0
4956,1,0.99971944,1
4957,1,0.98610371,1
4958,0,0.03774991,0
4959,0,0.0352711,0
4960,0,0.02946344,0
4961,1,0.99971944,1
4962,1,0.96418899,1
4963,1,0.99546909,1
4964,1,0.99874395,1
4965,0,0.08933831,0
4966,0,0.08110408,0
4967,1,0.99849141,1
4968,0,0.80095947,1
4969,0,0.0597997,0
4970,1,0.99826753,1
4971,0,0.03549631,0
4972,0,0.00400066,0
4973,0,0.07552272,0
4974,1,0.99894208,1
4975,1,0.97126454,1
4976,1,0.99999034,1
4977,0,0.09415478,0
4978,0,0.03544541,0
4979,1,0.99990904,1
4980,1,0.99082315,1
4981,0,0.00457649,0
4982,1,0.9965384,1
4983,0,0.01127176,0
4984,1,0.99655712,1
4985,1,0.9996137,1
4986,1,0.99927253,1
4987,0,0.0943298,0
4988,0,0.00485246,0
4989,1,0.99955755,1
4990,1,0.99082315,1
4991,1,0.98020279,1
4992,0,0.01024744,0
4993,1,0.47625995,0
4994,0,0.03576011,0
4995,1,0.9989593,1
4996,1,0.03167814,0
4997,0,0.24418387,0
4998,0,0.07835581,0
4999,1,0.99934298,1
5000,0,0.02951971,0
5001,0,0.03593058,0
5002,1,0.999982,1
5003,0,0.07835581,0
5004,0,0.05753564,0
5005,0,0.0419103,0
5006,1,0.89464086,1
5007,0,0.02246331,0
5008,0,0.02715106,0
5009,0,0.05753564,0
5010,0,0.09491973,0
5011,1,0.46115667,0
5012,1,0.96602607,1
5013,1,0.9908331,1
5014,1,0.99922872,1
5015,0,0.02427236,0
5016,1,0.99711704,1
5017,0,0.03824987,0
5018,1,0.9997893,1
5019,0,0.01992845,0
5020,0,0.00583617,0
5021,0,0.00529949,0
5022,1,0.99866056,1
5023,1,0.99954563,1
5024,1,0.99702817,1
5025,1,0.81186199,1
5026,0,0.00843291,0
5027,1,0.99254084,1
5028,1,0.99941361,1
5029,1,0.98874146,1
5030,0,0.01298969,0
5031,0,0.0577133,0
5032,0,0.11207347,0
5033,1,0.99950147,1
5034,0,0.00476703,0
5035,0,0.02957336,0
5036,0,0.25478002,0
5037,1,0.99979025,1
5038,0,0.04677379,0
5039,1,0.99768937,1
5040,1,0.99958223,1
5041,0,0.01904269,0
5042,0,0.02957336,0
5043,0,0.01827824,0
5044,0,0.00402583,0
5045,0,0.00152634,0
5046,1,0.99954849,1
5047,0,0.09415478,0
5048,1,0.92825365,1
5049,0,0.03464573,0
5050,0,0.01846432,0
5051,0,0.07506164,0
5052,1,0.9954235,1
5053,0,0.13778353,0
5054,0,0.03412938,0
5055,1,0.99321997,1
5056,1,0.99751163,1
5057,0,0.04422043,0
5058,0,0.04009565,0
5059,0,0.01797242,0
5060,0,0.04115234,0
5061,1,0.9990797,1
5062,0,0.09415478,0
5063,0,0.05753564,0
5064,0,0.05056576,0
5065,0,0.02281166,0
5066,0,0.0387518,0
5067,0,0.05565191,0
5068,0,0.04574229,0
5069,1,0.99853301,1
5070,1,0.99875641,1
5071,0,0.05949487,0
5072,0,0.08124676,0
5073,0,0.11454452,0
5074,0,0.05949487,0
5075,1,0.99992323,1
5076,0,0.06239729,0
5077,1,0.99992442,1
5078,0,0.06470275,0
5079,0,0.01095001,0
5080,0,0.08741458,0
5081,0,0.00150294,0
5082,0,0.0252717,0
5083,0,0.01981023,0
5084,0,0.03455401,0
5085,1,0.9988305,1
5086,1,0.99788707,1
5087,1,0.98938888,1
5088,0,0.00221435,0
5089,0,0.01274203,0
5090,0,0.00069223,0
5091,0,0.01749887,0
5092,0,0.11393673,0
5093,1,0.98628968,1
5094,0,0.02950564,0
5095,1,0.99863654,1
5096,1,0.98276764,1
5097,1,0.99604625,1
5098,0,0.01688545,0
5099,0,0.00940526,0
5100,1,0.99999702,1
5101,1,0.97987592,1
5102,1,0.99989223,1
5103,0,0.09095728,0
5104,0,0.01885813,0
5105,1,0.94103539,1
5106,1,0.66092479,1
5107,0,0.03699444,0
5108,0,0.05090778,0
5109,0,0.04365865,0
5110,1,0.95917052,1
5111,0,0.03462794,0
5112,0,0.01231683,0
5113,0,0.04712166,0
5114,1,0.99728084,1
5115,0,0.04677379,0
5116,0,0.01343565,0
5117,0,0.07801044,0
5118,1,0.99974388,1
5119,0,0.03522492,0
5120,0,0.08347695,0
5121,0,0.03485734,0
5122,0,0.02826023,0
5123,0,0.47625995,0
5124,0,0.08983307,0
5125,0,0.01202017,0
5126,0,0.01628699,0
5127,1,0.98947257,1
5128,0,0.05949487,0
5129,0,0.09415478,0
5130,0,0.01686057,0
5131,0,0.02861113,0
5132,0,0.9993881,1
5133,0,0.08973922,0
5134,0,0.91311127,1
5135,0,0.03412938,0
5136,0,0.03355623,0
5137,0,0.0352711,0
5138,1,0.42776254,0
5139,1,0.99991918,1
5140,0,0.02561622,0
5141,1,0.99853075,1
5142,1,0.99841821,1
5143,0,0.03653401,0
5144,0,0.01472012,0
5145,0,0.01397534,0
5146,0,0.00841594,0
5147,0,0.02806601,0
5148,1,0.99757928,1
5149,0,0.02930401,0
5150,0,0.09275409,0
5151,0,0.0071129,0
5152,0,0.0352711,0
5153,0,0.07203924,0
5154,0,0.02618132,0
5155,0,0.7078613,1
5156,1,0.99954259,1
5157,0,0.04715345,0
5158,0,0.01397534,0
5159,0,0.04677379,0
5160,0,0.0780457,0
5161,0,0.07835581,0
5162,1,0.97571063,1
5163,0,0.04402797,0
5164,0,0.01225098,0
5165,0,0.04402797,0
5166,1,0.9994123,1
5167,0,0.01974765,0
5168,0,0.06843321,0
5169,1,0.99988496,1
5170,0,0.07628047,0
5171,0,0.05949487,0
5172,1,0.47625995,0
5173,0,0.14605474,0
5174,1,0.99995029,1
5175,0,0.19672385,0
5176,1,0.99884146,1
5177,0,0.01284791,0
5178,0,0.18403406,0
5179,1,0.99816066,1
5180,1,0.99977821,1
5181,0,0.02806288,0
5182,0,0.04737693,0
5183,0,0.00359885,0
5184,0,0.0121689,0
5185,1,0.99687636,1
5186,1,0.99959701,1
5187,0,0.03058472,0
5188,1,0.99369699,1
5189,0,0.02750203,0
5190,1,0.99928707,1
5191,1,0.73165959,1
5192,0,0.03404219,0
5193,0,0.07984312,0
5194,1,0.99859971,1
5195,0,0.04248552,0
5196,0,0.04705717,0
5197,1,0.99881506,1
5198,1,0.99717295,1
5199,0,0.0352711,0
5200,0,0.08983307,0
5201,1,0.99964333,1
5202,0,0.1037593,0
5203,0,0.01180925,0
5204,0,0.04402797,0
5205,1,0.99620086,1
5206,0,0.0204786,0
5207,1,0.07084084,0
5208,1,0.99766254,1
5209,1,0.27492061,0
5210,0,0.04402797,0
5211,0,0.04677379,0
5212,0,0.05948486,0
5213,1,0.99851257,1
5214,1,0.99992871,1
5215,0,0.01522928,0
5216,1,0.96992213,1
5217,1,0.47625995,0
5218,1,0.99902427,1
5219,1,0.99727196,1
5220,1,0.99938786,1
5221,1,0.99867439,1
5222,1,0.99505144,1
5223,1,0.99708503,1
5224,0,0.04661415,0
5225,1,0.99959749,1
5226,1,0.99943072,1
5227,0,0.0352711,0
5228,1,0.99691808,1
5229,1,0.99825448,1
5230,0,0.01286519,0
5231,0,0.09131481,0
5232,1,0.99193221,1
5233,1,0.99996078,1
5234,0,0.01371567,0
5235,1,0.9979254,1
5236,0,0.0762951,0
5237,1,0.99846411,1
5238,0,0.09415478,0
5239,0,0.04365865,0
5240,0,0.05505198,0
5241,0,0.10794435,0
5242,1,0.98323393,1
5243,1,0.99979728,1
5244,1,0.99996328,1
5245,1,0.99945515,1
5246,0,0.2636506,0
5247,1,0.99691808,1
5248,1,0.08983307,0
5249,0,0.01109324,0
5250,0,0.02568962,0
5251,1,0.99963629,1
5252,0,0.1753228,0
5253,1,0.99786514,1
5254,0,0.00717716,0
5255,0,0.1077174,0
5256,1,0.99841821,1
5257,0,0.10217153,0
5258,0,0.04692111,0
5259,0,0.00042159,0
5260,1,0.98309672,1
5261,1,0.99912864,1
5262,0,0.09415478,0
5263,0,0.01919158,0
5264,1,0.99832445,1
5265,1,0.99972218,1
5266,1,0.99962389,1
5267,0,0.00959583,0
5268,0,0.08983307,0
5269,0,0.05949487,0
5270,0,0.04985645,0
5271,1,0.98876232,1
5272,0,0.0348589,0
5273,0,0.01722737,0
5274,0,0.09415478,0
5275,0,0.01351218,0
5276,0,0.0072695,0
5277,0,0.05122538,0
5278,0,0.02256739,0
5279,1,0.99950755,1
5280,1,0.99345958,1
5281,0,0.04677379,0
5282,1,0.98929137,1
5283,1,0.99933606,1
5284,0,0.98543763,1
5285,1,0.99993992,1
5286,0,0.00207207,0
5287,0,0.11454452,0
5288,0,0.08060999,0
5289,0,0.03738323,0
5290,0,0.10266341,0
5291,0,0.04818635,0
5292,0,0.0557556,0
5293,0,0.00567193,0
5294,0,0.01061331,0
5295,0,0.01209314,0
5296,1,0.99798751,1
5297,0,0.1052004,0
5298,0,0.07218901,0
5299,1,0.99267972,1
5300,1,0.10051694,0
5301,0,0.02700067,0
5302,1,0.99935549,1
5303,0,0.03412938,0
5304,1,0.99534553,1
5305,0,0.03536381,0
5306,1,0.99544638,1
5307,1,0.99858713,1
5308,0,0.0586606,0
5309,0,0.08983307,0
5310,0,0.03821619,0
5311,1,0.95200962,1
5312,0,0.02354178,0
5313,0,0.00435564,0
5314,1,0.99940026,1
5315,0,0.06372925,0
5316,1,0.03713762,0
5317,0,0.08947224,0
5318,1,0.99967241,1
5319,0,0.04966346,0
5320,0,0.05753564,0
5321,1,0.99025458,1
5322,0,0.04707975,0
5323,1,0.99838996,1
5324,0,0.01420942,0
5325,1,0.0802458,0
5326,1,0.98075873,1
5327,1,0.99785233,1
5328,1,0.99976617,1
5329,0,0.00735609,0
5330,1,0.99863654,1
5331,0,0.02995334,0
5332,0,0.04422043,0
5333,1,0.9971329,1
5334,0,0.00684881,0
5335,0,0.0943298,0
5336,0,0.04572171,0
5337,0,0.01445822,0
5338,0,0.31500477,0
5339,0,0.03183257,0
5340,0,0.05367048,0
5341,0,0.00808964,0
5342,0,0.00915972,0
5343,0,0.0937268,0
5344,0,0.04248552,0
5345,0,0.0538361,0
5346,0,0.00438044,0
5347,0,0.99004608,1
5348,0,0.02464878,0
5349,0,0.04677379,0
5350,0,0.03354404,0
5351,0,0.02354707,0
5352,0,0.0001061,0
5353,0,0.00776151,0
5354,0,0.04571503,0
5355,1,0.9992519,1
5356,0,0.04677379,0
5357,1,0.99550134,1
5358,1,0.99989963,1
5359,0,0.0158354,0
5360,0,0.06047518,0
5361,0,0.0008208,0
5362,0,0.0352711,0
5363,1,0.99698681,1
5364,0,0.009944,0
5365,0,0.03127619,0
5366,0,0.02237467,0
5367,1,0.99967062,1
5368,1,0.65214729,1
5369,0,0.16897669,0
5370,0,0.08110408,0
5371,0,0.04133439,0
5372,1,0.99853075,1
5373,0,0.09559988,0
5374,0,0.09415478,0
5375,1,0.9975999,1
5376,0,0.03857802,0
5377,0,3.383e-05,0
5378,1,0.99998665,1
5379,1,0.97126454,1
5380,1,0.96825492,1
5381,1,0.99998784,1
5382,1,0.99990177,1
5383,0,0.07786234,0
5384,0,0.06447527,0
5385,0,0.16897669,0
5386,0,0.06555197,0
5387,0,0.00134187,0
5388,1,0.99766088,1
5389,1,0.99530447,1
5390,1,0.99557745,1
5391,0,0.00914078,0
5392,0,0.01728621,0
5393,1,0.99645752,1
5394,0,0.04726591,0
5395,1,0.89521128,1
5396,0,0.0352711,0
5397,0,0.99763894,1
5398,0,0.09415478,0
5399,0,0.04365865,0
5400,0,0.0352711,0
5401,1,0.99956042,1
5402,1,0.99184108,1
5403,1,0.98411083,1
5404,0,0.08021343,0
5405,0,0.80054659,1
5406,0,0.07211019,0
5407,0,0.03864494,0
5408,0,0.01689387,0
5409,0,0.01293821,0
5410,0,0.03548808,0
5411,1,0.0479903,0
5412,0,0.0104512,0
5413,0,0.02073927,0
5414,1,0.99692458,1
5415,0,0.03500781,0
5416,0,0.04115234,0
5417,1,0.99769491,1
5418,1,0.99952304,1
5419,1,0.99984455,1
5420,0,0.0648737,0
5421,1,0.991835,1
5422,1,0.99025458,1
5423,0,0.88139564,1
5424,0,0.06413094,0
5425,0,0.03496056,0
5426,0,0.04830877,0
5427,1,0.94697601,1
5428,0,0.01815389,0
5429,1,0.98254526,1
5430,1,0.98627812,1
5431,1,0.09415478,0
5432,1,0.99959892,1
5433,0,0.04488098,0
5434,1,0.02611952,0
5435,1,0.9999603,1
5436,1,0.99547571,1
5437,0,0.0089275,0
5438,0,0.08110408,0
5439,0,0.00271538,0
5440,1,0.99991274,1
5441,0,0.09415478,0
5442,1,0.9987042,1
5443,0,0.11454452,0
5444,0,0.03444373,0
5445,0,0.0008208,0
5446,0,0.05200145,0
5447,1,0.99519652,1
5448,1,0.98510367,1
5449,0,0.02242902,0
5450,0,0.09053087,0
5451,0,0.01715352,0
5452,0,0.0943298,0
5453,0,0.00353408,0
5454,0,0.02066355,0
5455,0,0.00614279,0
5456,0,0.00583617,0
5457,0,0.09415478,0
5458,0,0.01533215,0
5459,1,0.9998982,1
5460,0,0.04402797,0
5461,0,0.20143592,0
5462,0,0.08983307,0
5463,0,0.03817588,0
5464,0,0.0352711,0
5465,0,0.04650781,0
5466,1,0.99720109,1
5467,1,0.99676645,1
5468,0,0.00134187,0
5469,1,0.99914801,1
5470,0,0.0352711,0
5471,0,0.00876768,0
5472,0,0.00995018,0
5473,0,0.05510455,0
5474,1,0.66092479,1
5475,0,0.00290186,0
5476,1,0.99546707,1
5477,1,0.99970108,1
5478,0,0.03208108,0
5479,1,0.99950945,1
5480,0,0.0416258,0
5481,1,0.99999499,1
5482,0,0.01027976,0
5483,0,0.02501384,0
5484,0,0.01914801,0
5485,1,0.99441469,1
5486,0,0.01204364,0
5487,0,0.44183174,0
5488,0,0.02547543,0
5489,1,0.99840337,1
5490,0,0.01869463,0
5491,1,0.99970323,1
5492,0,0.04677379,0
5493,0,0.11393673,0
5494,0,0.00621259,0
5495,1,0.99833822,1
5496,0,0.01953768,0
5497,0,0.08110408,0
5498,0,0.0352711,0
5499,1,0.70940298,1
5500,0,0.06227897,0
5501,1,0.99218142,1
5502,1,0.02605273,0
5503,0,0.02407569,0
5504,0,0.07835581,0
5505,1,0.99996066,1
5506,0,0.04365865,0
5507,0,0.03046369,0
5508,1,0.9777475,1
5509,1,0.99824512,1
5510,0,0.03346711,0
5511,0,0.03650648,0
5512,1,0.97140324,1
5513,1,0.9971981,1
5514,0,0.00894767,0
5515,0,0.00471169,0
5516,0,0.09415478,0
5517,0,0.07218901,0
5518,1,0.99839056,1
5519,0,0.07835581,0
5520,0,0.04123642,0
5521,0,0.01413549,0
5522,0,0.07218901,0
5523,0,0.02263871,0
5524,0,0.0355932,0
5525,1,0.99984717,1
5526,0,0.0409288,0
5527,1,0.99877268,1
5528,0,0.01140535,0
5529,0,0.00995018,0
5530,0,0.00760784,0
5531,0,0.03109475,0
5532,0,0.06883078,0
5533,1,0.75864476,1
5534,0,0.02377403,0
5535,0,0.00261786,0
5536,1,0.76952237,1
5537,0,0.47625995,0
5538,1,0.04745835,0
5539,1,0.99695921,1
5540,0,0.04071497,0
5541,0,0.05949487,0
5542,0,0.5254873,1
5543,1,0.99530447,1
5544,1,0.0943298,0
5545,0,0.06039007,0
5546,1,0.9831512,1
5547,1,0.87754536,1
5548,0,0.08021343,0
5549,0,0.02476346,0
5550,0,0.1068764,0
5551,1,0.99530447,1
5552,0,0.11454452,0
5553,0,0.00616483,0
5554,0,0.09269022,0
5555,0,0.02403799,0
5556,0,0.01338828,0
5557,0,0.07218901,0
5558,0,0.02557132,0
5559,0,0.01116787,0
5560,1,0.85376608,1
5561,0,0.01717836,0
5562,0,0.02460839,0
5563,1,0.99490297,1
5564,0,0.03672969,0
5565,0,0.04402797,0
5566,0,0.0169985,0
5567,0,0.08110408,0
5568,1,0.15946467,0
5569,0,0.05581694,0
5570,0,0.05509712,0
5571,0,0.00271538,0
5572,0,0.00840395,0
5573,0,0.00616483,0
5574,0,0.04809969,0
5575,1,0.99761641,1
5576,1,0.99550867,1
5577,0,0.0352711,0
5578,1,0.00403282,0
5579,1,0.99909747,1
5580,0,0.00398159,0
5581,1,0.99974996,1
5582,0,0.04647234,0
5583,0,0.05753564,0
5584,0,0.09468621,0
5585,0,0.01815389,0
5586,0,0.00755008,0
5587,0,0.01796964,0
5588,1,0.99341232,1
5589,0,0.04882869,0
5590,0,0.07218901,0
5591,0,0.05775317,0
5592,0,0.03699444,0
5593,0,0.08110408,0
5594,0,0.01898511,0
5595,0,0.01247716,0
5596,0,0.00316488,0
5597,1,0.68214017,1
5598,0,0.04487501,0
5599,0,0.0256343,0
5600,1,0.99992561,1
5601,1,0.99526763,1
5602,0,0.08302123,0
5603,0,0.63692433,1
5604,0,0.01854866,0
5605,0,0.01751452,0
5606,0,0.79193246,1
5607,0,0.02653046,0
5608,1,0.98685801,1
5609,0,0.01541005,0
5610,1,0.97938436,1
5611,1,0.99963129,1
5612,0,0.0272885,0
5613,0,0.04248552,0
5614,1,0.9992938,1
5615,0,0.01862331,0
5616,0,0.00649808,0
5617,1,0.15142877,0
5618,1,0.99981242,1
5619,1,0.0018603,0
5620,1,0.85194898,1
5621,0,0.00956708,0
5622,1,0.89779466,1
5623,0,0.02501159,0
5624,1,0.99794441,1
5625,1,0.99759477,1
5626,0,0.00287304,0
5627,1,0.99881953,1
5628,0,0.02480213,0
5629,0,0.04647234,0
5630,0,0.36429659,0
5631,1,0.99997962,1
5632,1,0.995884,1
5633,1,0.9963541,1
5634,1,0.99711335,1
5635,0,0.0487569,0
5636,0,0.03598003,0
5637,0,0.00671455,0
5638,0,0.00808964,0
5639,0,0.09415478,0
5640,1,0.9997068,1
5641,1,0.99906188,1
5642,0,0.10766027,0
5643,0,0.01248693,0
5644,1,0.99882776,1
5645,0,0.01654657,0
5646,0,0.09415478,0
5647,1,0.99992859,1
5648,1,0.99535638,1
5649,0,0.0352711,0
5650,0,0.01992845,0
5651,1,0.99738616,1
5652,1,0.9999634,1
5653,0,0.0387518,0
5654,0,0.02480213,0
5655,0,0.01026075,0
5656,0,0.02473714,0
5657,1,0.99697447,1
5658,0,0.01660601,0
5659,0,0.00283704,0
5660,1,0.98934621,1
5661,1,0.98195779,1
5662,0,0.00997643,0
5663,0,0.99953091,1
5664,0,0.0352711,0
