epoch,step,train_loss,train_loss_amr,train_loss_gene,val_f1_macro
0,9,0.621383786201477,0.44539332389831543,0.5866348147392273,
0,19,0.492521196603775,0.3540419340133667,0.4615975320339203,
0,29,0.23881015181541443,0.14231489598751068,0.32165080308914185,
0,39,0.35453110933303833,0.25676244497299194,0.3258955180644989,
0,49,0.26932457089424133,0.176276296377182,0.31016090512275696,
0,59,0.4317585527896881,0.3365546762943268,0.3173462152481079,
0,69,0.22325943410396576,0.14620710909366608,0.2568410634994507,
0,79,0.43010666966438293,0.34023433923721313,0.29957443475723267,
0,89,0.16167204082012177,0.08088642358779907,0.2692853808403015,
0,99,0.22872714698314667,0.13904236257076263,0.298949271440506,
0,109,0.2731208801269531,0.20089560747146606,0.24075090885162354,
0,119,0.3091981112957001,0.23528951406478882,0.24636200070381165,
0,129,0.11180611699819565,0.05219068378210068,0.1987181007862091,
0,139,0.37542733550071716,0.314048707485199,0.20459546148777008,
0,149,0.16423286497592926,0.0838836133480072,0.26783081889152527,
0,159,0.2795874774456024,0.21166113018989563,0.22642114758491516,
0,169,0.16264265775680542,0.09175744652748108,0.23628400266170502,
0,179,0.21142032742500305,0.1460837572813034,0.21778859198093414,
0,189,0.2649095058441162,0.19007395207881927,0.24945178627967834,
0,199,0.3178724944591522,0.24880167841911316,0.2302360236644745,
0,209,0.1117251068353653,0.02360789105296135,0.29372406005859375,
0,219,0.08322907984256744,0.021910320967435837,0.2043958455324173,
0,229,0.10695875436067581,0.040535323321819305,0.22141142189502716,
0,239,0.35331976413726807,0.289529025554657,0.2126358151435852,
0,249,0.12378369271755219,0.056361936032772064,0.2247391790151596,
0,259,0.08776211738586426,0.014231373555958271,0.24510245025157928,
0,269,0.17246049642562866,0.10540643334388733,0.22351351380348206,
0,279,0.33131837844848633,0.2629479169845581,0.22790147364139557,
0,289,0.09507478773593903,0.038735102862119675,0.18779893219470978,
0,299,0.2008495330810547,0.13673847913742065,0.2137034684419632,
0,309,0.27765005826950073,0.21563774347305298,0.20670774579048157,
0,319,0.28779682517051697,0.21600598096847534,0.2393028289079666,
0,329,0.27355068922042847,0.20430901646614075,0.23080560564994812,
0,339,0.2329786717891693,0.1730489730834961,0.1997656673192978,
0,349,0.3726780116558075,0.31287774443626404,0.19933418929576874,
0,359,0.22491228580474854,0.16362635791301727,0.20428641140460968,
0,369,0.10056959092617035,0.034455448389053345,0.22038045525550842,
0,379,0.1306687593460083,0.060015030205249786,0.2355124056339264,
0,389,0.2351069152355194,0.15595842897891998,0.2638282775878906,
0,399,0.14576198160648346,0.07367319613695145,0.24029593169689178,
0,409,0.3229992389678955,0.25805288553237915,0.21648778021335602,
0,419,0.2052634209394455,0.142053484916687,0.21069976687431335,
0,429,0.23848554491996765,0.16439679265022278,0.24696248769760132,
0,439,0.13780587911605835,0.07565641403198242,0.20716488361358643,
0,449,0.10186614096164703,0.03985469043254852,0.20670484006404877,
0,459,0.19897565245628357,0.1355016529560089,0.21157999336719513,
0,469,0.22627560794353485,0.16025298833847046,0.22007539868354797,
0,479,0.18573227524757385,0.1286626011133194,0.19023224711418152,
0,489,0.1223217099905014,0.07046226412057877,0.17286480963230133,
0,499,0.341586172580719,0.2776389718055725,0.2131573110818863,
0,509,0.3192755877971649,0.2336972951889038,0.285260945558548,
0,519,0.22574546933174133,0.16639521718025208,0.19783419370651245,
0,529,0.19045491516590118,0.12839411199092865,0.20686931908130646,
0,539,0.21971110999584198,0.15865199267864227,0.20353038609027863,
0,549,0.1936643421649933,0.1422533094882965,0.17137010395526886,
0,559,0.22191618382930756,0.15382693707942963,0.22696414589881897,
0,569,0.1505601406097412,0.08381161093711853,0.22249510884284973,
0,579,0.24686671793460846,0.19101756811141968,0.18616384267807007,
0,589,0.1851814240217209,0.12922221422195435,0.1865307092666626,
0,599,0.31844431161880493,0.2664727568626404,0.17323845624923706,
0,609,0.18141286075115204,0.12659572064876556,0.1827237904071808,
0,619,0.22427183389663696,0.1727650910615921,0.17168915271759033,
0,629,0.3533021807670593,0.29087725281715393,0.20808303356170654,
0,639,0.20679332315921783,0.14921948313713074,0.19191280007362366,
0,649,0.18519118428230286,0.127381831407547,0.19269783794879913,
0,659,0.3534993529319763,0.30240410566329956,0.17031744122505188,
0,669,0.17057594656944275,0.104187972843647,0.22129327058792114,
0,679,0.28334516286849976,0.223526269197464,0.19939635694026947,
0,689,0.2664709687232971,0.2050122618675232,0.2048622965812683,
0,699,0.31914186477661133,0.24980120360851288,0.2311355471611023,
0,709,0.1539231389760971,0.09900113940238953,0.18307331204414368,
0,719,0.220855250954628,0.16496875882148743,0.18628829717636108,
0,729,0.0647556483745575,0.02016323432326317,0.14864139258861542,
0,739,0.44792693853378296,0.39840444922447205,0.16507497429847717,
0,749,0.30902591347694397,0.25178277492523193,0.190810427069664,
0,759,0.1971888542175293,0.1440511792898178,0.17712557315826416,
0,769,0.19930720329284668,0.13633430004119873,0.20990963280200958,
0,779,0.21439416706562042,0.1510147601366043,0.2112646847963333,
0,789,0.18669559061527252,0.1324266642332077,0.18089643120765686,
0,799,0.43244466185569763,0.3776376247406006,0.1826900839805603,
0,809,0.1997804045677185,0.1481057107448578,0.1722489893436432,
0,819,0.0946999341249466,0.04532051831483841,0.16459804773330688,
0,825,,,,0.9579668641090393
1,829,0.10206384211778641,0.044989392161369324,0.19024816155433655,
1,839,0.18383748829364777,0.13299833238124847,0.1694638580083847,
1,849,0.07197917997837067,0.021319666877388954,0.16886503994464874,
1,859,0.18160384893417358,0.1341840922832489,0.15806584060192108,
1,869,0.24013751745224,0.19231906533241272,0.15939484536647797,
1,879,0.2638804316520691,0.21042825281620026,0.17817391455173492,
1,889,0.13481655716896057,0.08608177304267883,0.16244928538799286,
1,899,0.1029374748468399,0.04612215235829353,0.18938441574573517,
1,909,0.06368301063776016,0.021252596750855446,0.1414346992969513,
1,919,0.19958461821079254,0.15097227692604065,0.16204114258289337,
1,929,0.25610923767089844,0.1989773064851761,0.19043976068496704,
1,939,0.12350276857614517,0.08696116507053375,0.121805340051651,
1,949,0.16177824139595032,0.1026720255613327,0.1970207393169403,
1,959,0.09500765800476074,0.04720102250576019,0.15935543179512024,
1,969,0.2586164176464081,0.20992344617843628,0.162309929728508,
1,979,0.1982405036687851,0.14356698095798492,0.18224506080150604,
1,989,0.2434011697769165,0.19826288521289825,0.15046092867851257,
1,999,0.20828646421432495,0.1568106859922409,0.17158590257167816,
1,1009,0.09481450915336609,0.05269290506839752,0.1404053419828415,
1,1019,0.24784529209136963,0.18359477818012238,0.21416838467121124,
1,1029,0.13339516520500183,0.07520059496164322,0.19398187100887299,
1,1039,0.21026131510734558,0.15593117475509644,0.18110044300556183,
1,1049,0.09297522902488708,0.04010138288140297,0.17624615132808685,
1,1059,0.2406623661518097,0.18901139497756958,0.17216990888118744,
1,1069,0.14852428436279297,0.10571938753128052,0.1426830142736435,
1,1079,0.14366640150547028,0.09551611542701721,0.1605009287595749,
1,1089,0.11199682205915451,0.06373162567615509,0.16088397800922394,
1,1099,0.10226601362228394,0.05329470336437225,0.16323770582675934,
1,1109,0.060512956231832504,0.017467673867940903,0.14348426461219788,
1,1119,0.2770340144634247,0.23093605041503906,0.1536599099636078,
1,1129,0.18447789549827576,0.14069341123104095,0.14594824612140656,
1,1139,0.10540527105331421,0.058188050985336304,0.1573907434940338,
1,1149,0.31614893674850464,0.26592347025871277,0.1674181967973709,
1,1159,0.2163819968700409,0.16136343777179718,0.18339520692825317,
1,1169,0.2715638279914856,0.23384824395179749,0.1257185935974121,
1,1179,0.15151166915893555,0.11019402742385864,0.13772547245025635,
1,1189,0.173008531332016,0.1337628811597824,0.13081881403923035,
1,1199,0.338929682970047,0.29886239767074585,0.13355764746665955,
1,1209,0.2005152702331543,0.145107239484787,0.18469344079494476,
1,1219,0.05849631130695343,0.016307195648550987,0.14063037931919098,
1,1229,0.06665418297052383,0.02069283090531826,0.15320450067520142,
1,1239,0.22096163034439087,0.17666423320770264,0.14765800535678864,
1,1249,0.20843347907066345,0.15469831228256226,0.17911720275878906,
1,1259,0.08186003565788269,0.02624974027276039,0.1853676289319992,
1,1269,0.08261420577764511,0.04097996652126312,0.13878078758716583,
1,1279,0.10821744799613953,0.054394327104091644,0.1794103980064392,
1,1289,0.17231176793575287,0.12685412168502808,0.15152546763420105,
1,1299,0.1540430784225464,0.11483513563871384,0.13069316744804382,
1,1309,0.2659669518470764,0.20781467854976654,0.19384092092514038,
1,1319,0.15492229163646698,0.10709085315465927,0.1594381183385849,
1,1329,0.34010669589042664,0.2990937829017639,0.13670971989631653,
1,1339,0.10723452270030975,0.061597589403390884,0.1521231234073639,
1,1349,0.0612984374165535,0.023669306188821793,0.12543043494224548,
1,1359,0.059898678213357925,0.01916370540857315,0.13578324019908905,
1,1369,0.16208192706108093,0.11306335777044296,0.1633952111005783,
1,1379,0.21168947219848633,0.1640464812517166,0.15880994498729706,
1,1389,0.06779029965400696,0.03137548640370369,0.12138272076845169,
1,1399,0.09853517264127731,0.049323175102472305,0.1640399843454361,
1,1409,0.36469873785972595,0.3197039067745209,0.14998279511928558,
1,1419,0.14509978890419006,0.09292791783809662,0.17390620708465576,
1,1429,0.18813304603099823,0.13379617035388947,0.18112292885780334,
1,1439,0.3539971709251404,0.3058260679244995,0.16057033836841583,
1,1449,0.15813922882080078,0.11125355958938599,0.15628555417060852,
1,1459,0.21501249074935913,0.16738024353981018,0.15877416729927063,
1,1469,0.3715040683746338,0.3187520205974579,0.17584018409252167,
1,1479,0.15809863805770874,0.11021078377962112,0.15962620079517365,
1,1489,0.10473819822072983,0.06893233209848404,0.11935287714004517,
1,1499,0.18028056621551514,0.13715225458145142,0.1437610387802124,
1,1509,0.21500256657600403,0.17179866135120392,0.14401301741600037,
1,1519,0.06417909264564514,0.01853286102414131,0.1521540880203247,
1,1529,0.08891968429088593,0.04383375495672226,0.15028643608093262,
1,1539,0.08657370507717133,0.038746558129787445,0.159423828125,
1,1549,0.0719279795885086,0.025809627026319504,0.15372782945632935,
1,1559,0.07200072705745697,0.036929018795490265,0.11690570414066315,
1,1569,0.0710119754076004,0.029024552553892136,0.13995808362960815,
1,1579,0.06412887573242188,0.02024349942803383,0.1462845802307129,
1,1589,0.0807485282421112,0.038991108536720276,0.1391914039850235,
1,1599,0.20280632376670837,0.16586121916770935,0.12315035611391068,
1,1609,0.055910222232341766,0.025917910039424896,0.0999743789434433,
1,1619,0.41122743487358093,0.3635737895965576,0.1588454693555832,
1,1629,0.09158513695001602,0.05014186352491379,0.13814423978328705,
1,1639,0.34871771931648254,0.29640671610832214,0.1743699610233307,
1,1649,0.07156000286340714,0.034597188234329224,0.1232093796133995,
1,1651,,,,0.957494854927063
2,1659,0.08466239273548126,0.04705412685871124,0.1253608763217926,
2,1669,0.0755285769701004,0.03415892645716667,0.13789883255958557,
2,1679,0.1695999652147293,0.12415388971567154,0.15148691833019257,
2,1689,0.06680025160312653,0.027435913681983948,0.1312144696712494,
2,1699,0.09332156181335449,0.0485418476164341,0.14926572144031525,
2,1709,0.11601972579956055,0.08062653988599777,0.11797727644443512,
2,1719,0.2211921662092209,0.18301492929458618,0.12725745141506195,
2,1729,0.10197363048791885,0.056705936789512634,0.15089230239391327,
2,1739,0.05228689685463905,0.011583983898162842,0.13567636907100677,
2,1749,0.18745869398117065,0.1504022479057312,0.12352150678634644,
2,1759,0.2086942046880722,0.15549634397029877,0.17732618749141693,
2,1769,0.07652444392442703,0.03673078119754791,0.13264553248882294,
2,1779,0.0699588730931282,0.03939542919397354,0.10187813639640808,
2,1789,0.28593209385871887,0.24427954852581024,0.13884185254573822,
2,1799,0.05589517205953598,0.02765304036438465,0.0941404402256012,
2,1809,0.12435941398143768,0.08190418779850006,0.14151741564273834,
2,1819,0.05560808256268501,0.020034637302160263,0.11857815086841583,
2,1829,0.2284792959690094,0.18597233295440674,0.14168986678123474,
2,1839,0.3521661162376404,0.31041035056114197,0.13918589055538177,
2,1849,0.34802091121673584,0.3067133128643036,0.13769197463989258,
2,1859,0.07207683473825455,0.039942894130945206,0.10711313039064407,
2,1869,0.2876708507537842,0.2582935094833374,0.09792449325323105,
2,1879,0.11551059782505035,0.08003044128417969,0.11826719343662262,
2,1889,0.10165134072303772,0.0705208033323288,0.10376844555139542,
2,1899,0.06529071927070618,0.02259087562561035,0.14233282208442688,
2,1909,0.18589386343955994,0.1527588665485382,0.11044999957084656,
2,1919,0.13797706365585327,0.10421356558799744,0.11254499852657318,
2,1929,0.18692323565483093,0.1583678424358368,0.09518466144800186,
2,1939,0.7641781568527222,0.7269208431243896,0.12419109791517258,
2,1949,0.18758860230445862,0.1423768401145935,0.15070584416389465,
2,1959,0.1421968638896942,0.07579977810382843,0.22132360935211182,
2,1969,0.05631642043590546,0.014890091493725777,0.13808774948120117,
2,1979,0.15733100473880768,0.12249980866909027,0.11610398441553116,
2,1989,0.05430038273334503,0.023951519280672073,0.1011628657579422,
2,1999,0.37301796674728394,0.3447142243385315,0.094345822930336,
2,2009,0.08231274038553238,0.03888233006000519,0.14476802945137024,
2,2019,0.06554506719112396,0.031745545566082,0.1126650720834732,
2,2029,0.14807960391044617,0.1059945747256279,0.14028342068195343,
2,2039,0.11857183277606964,0.08046422898769379,0.12702533602714539,
2,2049,0.08836592733860016,0.05285380780696869,0.11837372183799744,
2,2059,0.17461782693862915,0.12939466536045074,0.15074385702610016,
2,2069,0.06629867851734161,0.025037415325641632,0.13753755390644073,
2,2079,0.16476500034332275,0.12647879123687744,0.12762069702148438,
2,2089,0.08435637503862381,0.04140610992908478,0.14316754043102264,
2,2099,0.15692761540412903,0.11386583000421524,0.14353929460048676,
2,2109,0.06460452079772949,0.029029563069343567,0.11858319491147995,
2,2119,0.47295522689819336,0.4309587776660919,0.13998818397521973,
2,2129,0.2884988784790039,0.25874969363212585,0.09916390478610992,
2,2139,0.26344943046569824,0.2193560153245926,0.14697809517383575,
2,2149,0.3217640519142151,0.2810097932815552,0.13584749400615692,
2,2159,0.35355859994888306,0.310914009809494,0.14214862883090973,
2,2169,0.08065685629844666,0.05509188771247864,0.08521655201911926,
2,2179,0.07619660347700119,0.011880978010594845,0.21438540518283844,
2,2189,0.06823349744081497,0.03271136432886124,0.11840710043907166,
2,2199,0.16038282215595245,0.12480691820383072,0.11858633160591125,
2,2209,0.2490084171295166,0.2077324390411377,0.1375865787267685,
2,2219,0.11080281436443329,0.06093432754278183,0.1662282645702362,
2,2229,0.12214019894599915,0.08268551528453827,0.13151560723781586,
2,2239,0.14725974202156067,0.10644817352294922,0.13603857159614563,
2,2249,0.09071850031614304,0.057086627930402756,0.11210623383522034,
2,2259,0.1661815345287323,0.1299445480108261,0.12078995257616043,
2,2269,0.1301257163286209,0.09787848591804504,0.10749074816703796,
2,2279,0.15485811233520508,0.11475137621164322,0.13368909060955048,
2,2289,0.12502926588058472,0.09325028955936432,0.1059299036860466,
2,2299,0.21303102374076843,0.17522761225700378,0.12601135671138763,
2,2309,0.17928320169448853,0.14269430935382843,0.12196296453475952,
2,2319,0.16416126489639282,0.1344207525253296,0.09913502633571625,
2,2329,0.06601227074861526,0.028212817385792732,0.12599818408489227,
2,2339,0.05318095535039902,0.029194846749305725,0.07995368540287018,
2,2349,0.1047140508890152,0.06008485332131386,0.1487639993429184,
2,2359,0.06992155313491821,0.03508460521697998,0.11612314730882645,
2,2369,0.08027096092700958,0.04496750980615616,0.11767818033695221,
2,2379,0.10976390540599823,0.07994313538074493,0.09940256178379059,
2,2389,0.1716504991054535,0.13644720613956451,0.11734428256750107,
2,2399,0.0706544890999794,0.045535825192928314,0.08372887223958969,
2,2409,0.12298733741044998,0.0836118534207344,0.13125160336494446,
2,2419,0.046684689819812775,0.015577810816466808,0.10368958860635757,
2,2429,0.13422328233718872,0.09573139250278473,0.1283063143491745,
2,2439,0.09269681572914124,0.06681559234857559,0.08627074211835861,
2,2449,0.09954584389925003,0.07009940594434738,0.09815478324890137,
2,2459,0.2674923837184906,0.23131878674030304,0.12057863920927048,
2,2469,0.2800307869911194,0.2432321459054947,0.12266212701797485,
2,2477,,,,0.9543534517288208
3,2479,0.15748395025730133,0.13163676857948303,0.08615725487470627,
3,2489,0.21829529106616974,0.17891748249530792,0.13125935196876526,
3,2499,0.0882318839430809,0.06448671966791153,0.07915054261684418,
3,2509,0.09777442365884781,0.0644124448299408,0.11120659112930298,
3,2519,0.05570109933614731,0.02465767227113247,0.1034780889749527,
3,2529,0.18562592566013336,0.15000700950622559,0.11872972548007965,
3,2539,0.07470659911632538,0.03611648082733154,0.12863372266292572,
3,2549,0.05181647092103958,0.022145889699459076,0.09890193492174149,
3,2559,0.1568509340286255,0.13627634942531586,0.06858192384243011,
3,2569,0.19961753487586975,0.16127578914165497,0.12780578434467316,
3,2579,0.05681213364005089,0.030279183760285378,0.08844316005706787,
3,2589,0.3570353090763092,0.3350881040096283,0.07315733283758163,
3,2599,0.1255953311920166,0.09321379661560059,0.10793843865394592,
3,2609,0.07326315343379974,0.0366724357008934,0.12196905165910721,
3,2619,0.046567026525735855,0.013137750327587128,0.11143092066049576,
3,2629,0.20868337154388428,0.1661399006843567,0.14181159436702728,
3,2639,0.06712216138839722,0.03987020254135132,0.09083986282348633,
3,2649,0.23632672429084778,0.20552396774291992,0.10267584770917892,
3,2659,0.1284279078245163,0.09580592066049576,0.1087399572134018,
3,2669,0.04986575245857239,0.019330542534589767,0.10178402811288834,
3,2679,0.24059998989105225,0.21395854651927948,0.08880481868982315,
3,2689,0.21908119320869446,0.1834680587053299,0.1187104657292366,
3,2699,0.06535927206277847,0.03285655379295349,0.10834239423274994,
3,2709,0.14966906607151031,0.11317289620637894,0.12165390700101852,
3,2719,0.09254907071590424,0.06635360419750214,0.08731820434331894,
3,2729,0.12029460817575455,0.0796021968126297,0.13564136624336243,
3,2739,0.05918324738740921,0.03097980096936226,0.09401149302721024,
3,2749,0.19329744577407837,0.15987829864025116,0.11139712482690811,
3,2759,0.08703847974538803,0.058172281831502914,0.09622066468000412,
3,2769,0.08718917518854141,0.05192410945892334,0.11755020916461945,
3,2779,0.038818344473838806,0.014712702482938766,0.08035214245319366,
3,2789,0.17133116722106934,0.1470232605934143,0.08102633059024811,
3,2799,0.30550721287727356,0.27552592754364014,0.09993764758110046,
3,2809,0.07952400296926498,0.046488724648952484,0.1101175844669342,
3,2819,0.197483092546463,0.17018330097198486,0.0909992977976799,
3,2829,0.0747871994972229,0.04277127981185913,0.1067197397351265,
3,2839,0.15965647995471954,0.13119804859161377,0.09486141800880432,
3,2849,0.1632480025291443,0.13261201977729797,0.10211994498968124,
3,2859,0.050688546150922775,0.024857280775904655,0.08610421419143677,
3,2869,0.06623885035514832,0.03321899101138115,0.11006618291139603,
3,2879,0.07714089006185532,0.049131475389003754,0.09336471557617188,
3,2889,0.21059390902519226,0.18050312995910645,0.10030259191989899,
3,2899,0.13718482851982117,0.10431846976280212,0.10955455154180527,
3,2909,0.12779834866523743,0.09358160197734833,0.11405584216117859,
3,2919,0.059126004576683044,0.025237368419766426,0.11296210438013077,
3,2929,0.09749472141265869,0.06822000443935394,0.09758239984512329,
3,2939,0.16072170436382294,0.13510312139987946,0.08539528399705887,
3,2949,0.21806082129478455,0.18950720131397247,0.09517872333526611,
3,2959,0.10037167370319366,0.06962484866380692,0.1024894118309021,
3,2969,0.09400823712348938,0.04603124409914017,0.15992330014705658,
3,2979,0.07421137392520905,0.04410888999700546,0.10034159570932388,
3,2989,0.043598733842372894,0.021713705733418465,0.0729500874876976,
3,2999,0.08817081153392792,0.06054753065109253,0.09207761287689209,
3,3009,0.056633882224559784,0.031155085191130638,0.08492931723594666,
3,3019,0.21870599687099457,0.19098249077796936,0.09241168946027756,
3,3029,0.05111999064683914,0.022005079314112663,0.09704969823360443,
3,3039,0.0767284706234932,0.053115785121917725,0.0787089541554451,
3,3049,0.1883428990840912,0.16422082483768463,0.08040688931941986,
3,3059,0.03784609213471413,0.013572616502642632,0.08091158419847488,
3,3069,0.2103300839662552,0.17704837024211884,0.11093904823064804,
3,3079,0.10706428438425064,0.08195245265960693,0.0837060958147049,
3,3089,0.048354387283325195,0.02391151338815689,0.08147624135017395,
3,3099,0.044502999633550644,0.014129170216619968,0.10124608874320984,
3,3109,0.08381996303796768,0.05303493142127991,0.10261677205562592,
3,3119,0.14479129016399384,0.1181911900639534,0.08866699039936066,
3,3129,0.058225225657224655,0.03394289314746857,0.0809411033987999,
3,3139,0.16837455332279205,0.14684772491455078,0.07175610214471817,
3,3149,0.1855952888727188,0.15924899280071259,0.08782098442316055,
3,3159,0.08048882335424423,0.04373358562588692,0.12251745909452438,
3,3169,0.17534978687763214,0.13767015933990479,0.12559874355793,
3,3179,0.19161945581436157,0.14923140406608582,0.1412934958934784,
3,3189,0.17358776926994324,0.14720672369003296,0.08793678879737854,
3,3199,0.06951596587896347,0.0354607068002224,0.11351753026247025,
3,3209,0.20774461328983307,0.1710105687379837,0.12244679778814316,
3,3219,0.1620166003704071,0.1289726346731186,0.11014655977487564,
3,3229,0.15471139550209045,0.12248682230710983,0.10741525888442993,
3,3239,0.03873131424188614,0.008074362762272358,0.10218983143568039,
3,3249,0.17024599015712738,0.13767889142036438,0.10855700820684433,
3,3259,0.2190265655517578,0.18289966881275177,0.12042300403118134,
3,3269,0.08938951790332794,0.05779578536748886,0.10531244426965714,
3,3279,0.23100921511650085,0.2056865692138672,0.08440883457660675,
3,3289,0.10766848921775818,0.07453877478837967,0.11043239384889603,
3,3299,0.09003818035125732,0.062219686806201935,0.09272831678390503,
3,3303,,,,0.954519510269165
4,3309,0.048809364438056946,0.028866715729236603,0.06647549569606781,
4,3319,0.05898120254278183,0.034000709652900696,0.08326831459999084,
4,3329,0.047092534601688385,0.031527794897556305,0.05188245698809624,
4,3339,0.025932759046554565,0.011247679591178894,0.04895026236772537,
4,3349,0.2684439420700073,0.23252460360527039,0.11973109096288681,
4,3359,0.040955379605293274,0.019082417711615562,0.0729098692536354,
4,3369,0.04363664239645004,0.01555556245148182,0.09360359609127045,
4,3379,0.15857481956481934,0.13791176676750183,0.06887685507535934,
4,3389,0.038114115595817566,0.019849564880132675,0.0608818382024765,
4,3399,0.04726453125476837,0.02617708407342434,0.07029148191213608,
4,3409,0.11950170248746872,0.09649141877889633,0.07670094072818756,
4,3419,0.05655882880091667,0.028720151633024216,0.09279558807611465,
4,3429,0.04088793694972992,0.021403642371296883,0.06494764983654022,
4,3439,0.12247629463672638,0.09611187875270844,0.08788138628005981,
4,3449,0.06686816364526749,0.04529201611876488,0.0719204917550087,
4,3459,0.025130614638328552,0.003979147411882877,0.07050488889217377,
4,3469,0.026644879952073097,0.004683924838900566,0.0732031837105751,
4,3479,0.05879450589418411,0.03446127101778984,0.08111078292131424,
4,3489,0.02720334380865097,0.006370161660015583,0.06944394111633301,
4,3499,0.05493685230612755,0.02459140494465828,0.1011514887213707,
4,3509,0.11503530293703079,0.08837521821260452,0.0888669490814209,
4,3519,0.059805918484926224,0.03460390120744705,0.08400671929121017,
4,3529,0.11291148513555527,0.08063540607690811,0.10758692771196365,
4,3539,0.04527904838323593,0.0143137751147151,0.10321757197380066,
4,3549,0.18599282205104828,0.14635393023490906,0.13212963938713074,
4,3559,0.05095110833644867,0.023287225514650345,0.09221293777227402,
4,3569,0.07465498149394989,0.047040216624736786,0.09204921126365662,
4,3579,0.04945486783981323,0.02866104617714882,0.06931272894144058,
4,3589,0.057145580649375916,0.03409261256456375,0.07684321701526642,
4,3599,0.33709588646888733,0.30567649006843567,0.10473132878541946,
4,3609,0.033312030136585236,0.008344648405909538,0.0832245945930481,
4,3619,0.2443327009677887,0.22047877311706543,0.07951311022043228,
4,3629,0.18602333962917328,0.16081084311008453,0.08404165506362915,
4,3639,0.2673543095588684,0.24340373277664185,0.07983525097370148,
4,3649,0.046632226556539536,0.0177445150911808,0.09629236906766891,
4,3659,0.23019474744796753,0.1989460438489914,0.10416236519813538,
4,3669,0.05572691559791565,0.02709248661994934,0.0954480841755867,
4,3679,0.04297018051147461,0.02063634619116783,0.07444610446691513,
4,3689,0.1616595834493637,0.1461721509695053,0.051624786108732224,
4,3699,0.056082844734191895,0.026023749262094498,0.100196972489357,
4,3709,0.040584828704595566,0.01771383360028267,0.07623665034770966,
4,3719,0.04101832956075668,0.01679890975356102,0.08073139190673828,
4,3729,0.17621435225009918,0.1578499674797058,0.06121461093425751,
4,3739,0.3704017400741577,0.3498789370059967,0.06840939074754715,
4,3749,0.0698271095752716,0.049800023436546326,0.0667569637298584,
4,3759,0.03653597831726074,0.015040285885334015,0.07165230810642242,
4,3769,0.18075306713581085,0.15489640831947327,0.08618886768817902,
4,3779,0.22152824699878693,0.19572529196739197,0.08600985258817673,
4,3789,0.04757670313119888,0.012640483677387238,0.11645405739545822,
4,3799,0.14409129321575165,0.12459266930818558,0.0649954229593277,
4,3809,0.07502056658267975,0.053202368319034576,0.07272732257843018,
4,3819,0.06089566648006439,0.04085977375507355,0.06678630411624908,
4,3829,0.03163915127515793,0.01610506698489189,0.051780279725790024,
4,3839,0.03654193878173828,0.023976774886250496,0.04188388213515282,
4,3849,0.0442306250333786,0.019591625779867172,0.08212999254465103,
4,3859,0.03486689552664757,0.01571211963891983,0.06384924799203873,
4,3869,0.10482566058635712,0.06910832971334457,0.11905775964260101,
4,3879,0.0576973631978035,0.03097466379404068,0.08907566219568253,
4,3889,0.039716824889183044,0.02257407456636429,0.057142507284879684,
4,3899,0.09816582500934601,0.07564017176628113,0.07508551329374313,
4,3909,0.03064120002090931,0.005043916869908571,0.08532427251338959,
4,3919,0.03577057272195816,0.0126680638641119,0.07700835913419724,
4,3929,0.1533767431974411,0.13025137782096863,0.07708454132080078,
4,3939,0.1693374514579773,0.14564114809036255,0.07898766547441483,
4,3949,0.06326551735401154,0.03680824115872383,0.08819092810153961,
4,3959,0.047527022659778595,0.03525705635547638,0.04089988395571709,
4,3969,0.07460875064134598,0.054670654237270355,0.06646031141281128,
4,3979,0.056424595415592194,0.03797290101647377,0.061505649238824844,
4,3989,0.0983351320028305,0.07273298501968384,0.08534049242734909,
4,3999,0.20259876549243927,0.1710578054189682,0.10513654351234436,
4,4009,0.04992944002151489,0.020352648571133614,0.09858929365873337,
4,4019,0.18055307865142822,0.15171360969543457,0.09613153338432312,
4,4029,0.1852666437625885,0.1663624346256256,0.06301403045654297,
4,4039,0.10606874525547028,0.08254807442426682,0.07840222865343094,
4,4049,0.07054834067821503,0.03887515515089035,0.10557729005813599,
4,4059,0.04450293630361557,0.018762364983558655,0.08580189943313599,
4,4069,0.05308280512690544,0.030635446310043335,0.07482452690601349,
4,4079,0.3756173849105835,0.35636231303215027,0.06418357044458389,
4,4089,0.2659345865249634,0.24431031942367554,0.07208087295293808,
4,4099,0.08783743530511856,0.05487322062253952,0.1098807081580162,
4,4109,0.097537562251091,0.07282673567533493,0.08236940950155258,
4,4119,0.11929752677679062,0.1003083884716034,0.06329713016748428,
4,4129,0.1973234862089157,0.17816603183746338,0.06385818123817444,
4,4129,,,,0.9570826888084412
5,4139,0.05481380224227905,0.03260640799999237,0.07402464002370834,
5,4149,0.04683984816074371,0.02195633016526699,0.08294504880905151,
5,4159,0.19424593448638916,0.1773506999015808,0.05631745979189873,
5,4169,0.03903757780790329,0.01175345852971077,0.09094706922769547,
5,4179,0.040754664689302444,0.014448844827711582,0.08768606185913086,
5,4189,0.04383935406804085,0.020990584045648575,0.07616256177425385,
5,4199,0.10171982645988464,0.081153005361557,0.06855607032775879,
5,4209,0.04401955381035805,0.014286869205534458,0.09910894930362701,
5,4219,0.019627369940280914,0.004793004132807255,0.049447886645793915,
5,4229,0.024857372045516968,0.007107313256710768,0.05916685611009598,
5,4239,0.03318145498633385,0.010635998100042343,0.07515151798725128,
5,4249,0.058272652328014374,0.04200700297951698,0.0542188361287117,
5,4259,0.03038320317864418,0.013110784813761711,0.05757472664117813,
5,4269,0.026442667469382286,0.009621530771255493,0.05607045069336891,
5,4279,0.05887794494628906,0.04014841467142105,0.06243176758289337,
5,4289,0.06191214174032211,0.038740672171115875,0.07723823189735413,
5,4299,0.17742274701595306,0.14978556334972382,0.09212395548820496,
5,4309,0.08042614161968231,0.04936566203832626,0.10353492200374603,
5,4319,0.04626460745930672,0.028065798804163933,0.06066269427537918,
5,4329,0.07760152220726013,0.04836872220039368,0.09744264930486679,
5,4339,0.12486913800239563,0.10171638429164886,0.07717584073543549,
5,4349,0.11900417506694794,0.09511537849903107,0.0796293169260025,
5,4359,0.05500427260994911,0.04403415694832802,0.03656705468893051,
5,4369,0.04176224768161774,0.020920827984809875,0.06947139650583267,
5,4379,0.18290042877197266,0.15996891260147095,0.07643836736679077,
5,4389,0.33471161127090454,0.3206762671470642,0.04678449407219887,
5,4399,0.6615251898765564,0.6432651281356812,0.06086677685379982,
5,4409,0.050691310316324234,0.029425952583551407,0.07088452577590942,
5,4419,0.03236823529005051,0.008139688521623611,0.08076181262731552,
5,4429,0.5264776349067688,0.5060877203941345,0.06796640157699585,
5,4439,0.058051709085702896,0.031086061149835587,0.08988548815250397,
5,4449,0.19293399155139923,0.16208763420581818,0.10282120108604431,
5,4459,0.20851083099842072,0.1948891431093216,0.045405637472867966,
5,4469,0.09976360201835632,0.06438980996608734,0.11791262775659561,
5,4479,0.21558189392089844,0.18831007182598114,0.09090607613325119,
5,4489,0.2662827968597412,0.23853734135627747,0.09248486906290054,
5,4499,0.05437535047531128,0.02597232535481453,0.09467674791812897,
5,4509,0.20243532955646515,0.18284383416175842,0.0653049647808075,
5,4519,0.03773265704512596,0.011186660267412663,0.08848665654659271,
5,4529,0.036530811339616776,0.01760154962539673,0.06309753656387329,
5,4539,0.0358201302587986,0.017884187400341034,0.05978647619485855,
5,4549,0.07799972593784332,0.05738343298435211,0.0687209740281105,
5,4559,0.11665905267000198,0.09813877940177917,0.061734236776828766,
5,4569,0.084992915391922,0.05909689515829086,0.08632007241249084,
5,4579,0.16143116354942322,0.13812169432640076,0.07769820839166641,
5,4589,0.12520594894886017,0.1020042896270752,0.07733886688947678,
5,4599,0.38160470128059387,0.36606064438819885,0.05181353539228439,
5,4609,0.04506967216730118,0.029646968469023705,0.05140901729464531,
5,4619,0.2299347221851349,0.20761315524578094,0.07440522313117981,
5,4629,0.09374237805604935,0.07153996080160141,0.07400806248188019,
5,4639,0.02705656737089157,0.005428737960755825,0.07209275662899017,
5,4649,0.08144757896661758,0.05697475001215935,0.08157609403133392,
5,4659,0.06877586245536804,0.054693400859832764,0.046941548585891724,
5,4669,0.049308307468891144,0.03193804621696472,0.057900868356227875,
5,4679,0.03981386125087738,0.020739052444696426,0.06358269602060318,
5,4689,0.3088364005088806,0.28861501812934875,0.06740462779998779,
5,4699,0.1818556934595108,0.16046622395515442,0.07129821926355362,
5,4709,0.039587557315826416,0.016341427341103554,0.07748708873987198,
5,4719,0.05745655298233032,0.03527066484093666,0.07395296543836594,
5,4729,0.060964979231357574,0.03436638414859772,0.08866198360919952,
5,4739,0.2981722354888916,0.2828957438468933,0.050921663641929626,
5,4749,0.19953936338424683,0.1800752580165863,0.06488032639026642,
5,4759,0.04398199915885925,0.01179694663733244,0.10728350281715393,
5,4769,0.051119983196258545,0.031289391219615936,0.06610196828842163,
5,4779,0.2025952786207199,0.18004585802555084,0.07516473531723022,
5,4789,0.027354858815670013,0.015518229454755783,0.03945542871952057,
5,4799,0.03601013869047165,0.013971392065286636,0.07346248626708984,
5,4809,0.3376174867153168,0.3198065757751465,0.059369709342718124,
5,4819,0.17085474729537964,0.1523190587759018,0.061785634607076645,
5,4829,0.13075534999370575,0.1124662235379219,0.06096376106142998,
5,4839,0.12328420579433441,0.10114899277687073,0.07378403097391129,
5,4849,0.11376480013132095,0.09823957085609436,0.05175077170133591,
5,4859,0.05485309660434723,0.03268934041261673,0.0738791823387146,
5,4869,0.11277252435684204,0.09706928580999374,0.05234413966536522,
5,4879,0.04157242178916931,0.011159203946590424,0.10137739777565002,
5,4889,0.1179552674293518,0.08532430231571198,0.10876988619565964,
5,4899,0.08443449437618256,0.053293660283088684,0.10380278527736664,
5,4909,0.1559625267982483,0.13425567746162415,0.07235617190599442,
5,4919,0.22346125543117523,0.19491523504257202,0.09515338391065598,
5,4929,0.15204250812530518,0.13347820937633514,0.06188100948929787,
5,4939,0.15566903352737427,0.1424131542444229,0.04418626427650452,
5,4949,0.05168594792485237,0.0356893315911293,0.05332205444574356,
5,4955,,,,0.9556550979614258
6,4959,0.035681597888469696,0.011487899348139763,0.08064565807580948,
6,4969,0.059893377125263214,0.036554571241140366,0.07779601216316223,
6,4979,0.0452171266078949,0.02895543724298477,0.054205622524023056,
6,4989,0.02132350206375122,0.007687019184231758,0.04545493796467781,
6,4999,0.08760302513837814,0.06447522342205048,0.07709266990423203,
6,5009,0.1161954328417778,0.09040530771017075,0.08596708625555038,
6,5019,0.0415487214922905,0.024057574570178986,0.058303821831941605,
6,5029,0.0313524454832077,0.010425584390759468,0.06975620239973068,
6,5039,0.03242805600166321,0.016743086278438568,0.052283234894275665,
6,5049,0.1681879162788391,0.1522017866373062,0.053287114948034286,
6,5059,0.06845719367265701,0.04918787255883217,0.06423106789588928,
6,5069,0.04544486850500107,0.022588560357689857,0.07618768513202667,
6,5079,0.029026731848716736,0.00796628836542368,0.07020147889852524,
6,5089,0.13125771284103394,0.10933500528335571,0.07307568937540054,
6,5099,0.11876923590898514,0.09642777591943741,0.07447153329849243,
6,5109,0.2678859531879425,0.2500787675380707,0.05935729667544365,
6,5119,0.03372032195329666,0.01827394776046276,0.05148790776729584,
6,5129,0.03938638046383858,0.02572113648056984,0.045550815761089325,
6,5139,0.058090999722480774,0.03461267799139023,0.07826107740402222,
6,5149,0.11624414473772049,0.1014934629201889,0.04916892945766449,
6,5159,0.020389188081026077,0.0065473271533846855,0.046139538288116455,
6,5169,0.09150895476341248,0.0689222514629364,0.07528900355100632,
6,5179,0.12217752635478973,0.10334355384111404,0.06277990341186523,
6,5189,0.20827093720436096,0.19473275542259216,0.045127272605895996,
6,5199,0.08218596875667572,0.058538973331451416,0.07882332056760788,
6,5209,0.06990662217140198,0.03690876066684723,0.10999288409948349,
6,5219,0.21148698031902313,0.18597497045993805,0.08504004031419754,
6,5229,0.08012054115533829,0.05989822745323181,0.06740771234035492,
6,5239,0.05211442708969116,0.029015779495239258,0.07699548453092575,
6,5249,0.07280439883470535,0.0545208677649498,0.06094510853290558,
6,5259,0.09386409819126129,0.06972923129796982,0.08044955879449844,
6,5269,0.048581380397081375,0.02407580427825451,0.08168525248765945,
6,5279,0.13672909140586853,0.11221747100353241,0.08170539140701294,
6,5289,0.17231246829032898,0.15909811854362488,0.04404783248901367,
6,5299,0.05930987000465393,0.03971567004919052,0.06531399488449097,
6,5309,0.03958466276526451,0.02102021500468254,0.06188149005174637,
6,5319,0.09036237001419067,0.06393025070428848,0.08810705691576004,
6,5329,0.03895103558897972,0.023283107206225395,0.05222642794251442,
6,5339,0.08804895728826523,0.06430767476558685,0.07913760095834732,
6,5349,0.039625704288482666,0.026393037289381027,0.044108886271715164,
6,5359,0.03911012411117554,0.02272968925535679,0.05460144951939583,
6,5369,0.059557706117630005,0.030938994139432907,0.09539569914340973,
6,5379,0.029492244124412537,0.00959407165646553,0.06632723659276962,
6,5389,0.1883486658334732,0.16631999611854553,0.07342888414859772,
6,5399,0.043634749948978424,0.027385976165533066,0.05416256934404373,
6,5409,0.08047312498092651,0.0697382315993309,0.03578296676278114,
6,5419,0.26797083020210266,0.2522777020931244,0.05231039971113205,
6,5429,0.07580634951591492,0.03429919108748436,0.13835720717906952,
6,5439,0.06450790166854858,0.0482441671192646,0.05421244353055954,
6,5449,0.06933420151472092,0.04309386759996414,0.08746776729822159,
6,5459,0.04858784377574921,0.026108868420124054,0.07492991536855698,
6,5469,0.03994602710008621,0.01583297923207283,0.08037682622671127,
6,5479,0.03211038559675217,0.011165251024067402,0.06981711834669113,
6,5489,0.08429904282093048,0.06376032531261444,0.06846239417791367,
6,5499,0.11797706037759781,0.09410467743873596,0.07957460731267929,
6,5509,0.13955116271972656,0.11869329959154129,0.06952621787786484,
6,5519,0.1405712515115738,0.12215456366539001,0.06138893961906433,
6,5529,0.1311762034893036,0.11517474055290222,0.053338225930929184,
6,5539,0.14384019374847412,0.12998554110527039,0.046182189136743546,
6,5549,0.2312781810760498,0.21667523682117462,0.04867645725607872,
6,5559,0.12497156113386154,0.10034796595573425,0.08207864314317703,
6,5569,0.040533848106861115,0.027825122699141502,0.042362410575151443,
6,5579,0.03496796637773514,0.011393293738365173,0.07858223468065262,
6,5589,0.06954584270715714,0.05444138124585152,0.050348199903964996,
6,5599,0.235443577170372,0.21673601865768433,0.06235852465033531,
6,5609,0.10682778805494308,0.09270857274532318,0.04706404358148575,
6,5619,0.03433145955204964,0.017479071393609047,0.0561746247112751,
6,5629,0.07405934482812881,0.04183086007833481,0.10742828249931335,
6,5639,0.07743768393993378,0.05938025936484337,0.060191404074430466,
6,5649,0.060681626200675964,0.03430957719683647,0.08790682256221771,
6,5659,0.03558958321809769,0.01684385910630226,0.06248575076460838,
6,5669,0.23718400299549103,0.23107248544692993,0.020371725782752037,
6,5679,0.04036490246653557,0.014362471178174019,0.086674764752388,
6,5689,0.31634703278541565,0.28387632966041565,0.1082356721162796,
6,5699,0.10928914695978165,0.09378395974636078,0.05168395861983299,
6,5709,0.1587943434715271,0.13701295852661133,0.07260460406541824,
6,5719,0.0951821357011795,0.08276017010211945,0.041406549513339996,
6,5729,0.0607965923845768,0.04310097545385361,0.058985386043787,
6,5739,0.09189079701900482,0.06119237467646599,0.10232806950807571,
6,5749,0.2522852420806885,0.22345304489135742,0.09610728174448013,
6,5759,0.025460828095674515,0.010724151507019997,0.04912225157022476,
6,5769,0.35938823223114014,0.33471256494522095,0.08225222676992416,
6,5779,0.06380145251750946,0.049454137682914734,0.04782436788082123,
6,5781,,,,0.9533013105392456
7,5789,0.054060161113739014,0.03272834047675133,0.07110606878995895,
7,5799,0.030100155621767044,0.012557007372379303,0.05847715586423874,
7,5809,0.03271961957216263,0.023161495104432106,0.03186041861772537,
7,5819,0.16629447042942047,0.15113255381584167,0.05053971707820892,
7,5829,0.048248041421175,0.03260583430528641,0.05214069038629532,
7,5839,0.04678675904870033,0.03148336708545685,0.051011309027671814,
7,5849,0.034768227487802505,0.021354705095291138,0.04471173509955406,
7,5859,0.03531057387590408,0.015895120799541473,0.06471817195415497,
7,5869,0.2027379274368286,0.18345654010772705,0.06427130848169327,
7,5879,0.027671605348587036,0.017689505591988564,0.033273663371801376,
7,5889,0.023118678480386734,0.010716781951487064,0.041339654475450516,
7,5899,0.06736341118812561,0.05443456023931503,0.04309616982936859,
7,5909,0.15420138835906982,0.1315116286277771,0.07563254982233047,
7,5919,0.24961651861667633,0.22799742221832275,0.07206365466117859,
7,5929,0.028269026428461075,0.006527522578835487,0.07247167825698853,
7,5939,0.026170674711465836,0.014374934136867523,0.03931913152337074,
7,5949,0.26045820116996765,0.24540992081165314,0.050160929560661316,
7,5959,0.0264100581407547,0.01173987053334713,0.04890061914920807,
7,5969,0.13684280216693878,0.12372391670942307,0.043729618191719055,
7,5979,0.10064300149679184,0.07585562765598297,0.08262458443641663,
7,5989,0.15391430258750916,0.13950923085212708,0.04801689088344574,
7,5999,0.024561040103435516,0.01150883361697197,0.04350735619664192,
7,6009,0.05415938049554825,0.026927286759018898,0.09077363461256027,
7,6019,0.045934002846479416,0.028188979253172874,0.059150077402591705,
7,6029,0.020767858251929283,0.003770585637539625,0.0566575713455677,
7,6039,0.044047340750694275,0.026937009766697884,0.05703442543745041,
7,6049,0.06261522322893143,0.04951127991080284,0.043679818511009216,
7,6059,0.025026189163327217,0.009923501871526241,0.05034228786826134,
7,6069,0.16170591115951538,0.15389765799045563,0.026027515530586243,
7,6079,0.06674948334693909,0.05066080391407013,0.053628940135240555,
7,6089,0.03628440573811531,0.01497455034404993,0.07103284448385239,
7,6099,0.045579589903354645,0.020382137969136238,0.08399150520563126,
7,6109,0.12395023554563522,0.11307509988546371,0.036250460892915726,
7,6119,0.13624969124794006,0.12429628521203995,0.039844680577516556,
7,6129,0.17151226103305817,0.15516187250614166,0.05450128763914108,
7,6139,0.1610378473997116,0.13632294535636902,0.08238298445940018,
7,6149,0.16620659828186035,0.12472357600927353,0.13827674090862274,
7,6159,0.4247615933418274,0.41227278113365173,0.04162942245602608,
7,6169,0.034588925540447235,0.022115327417850494,0.041578661650419235,
7,6179,0.10925887525081635,0.09308674186468124,0.05390710383653641,
7,6189,0.055235084146261215,0.037282511591911316,0.059841908514499664,
7,6199,0.05593433976173401,0.030215896666049957,0.08572813868522644,
7,6209,0.1517813503742218,0.13736626505851746,0.04805025830864906,
7,6219,0.02806411311030388,0.01510140672326088,0.0432090237736702,
7,6229,0.1891879439353943,0.16685700416564941,0.07443646341562271,
7,6239,0.22134064137935638,0.1994323432445526,0.07302766293287277,
7,6249,0.049114812165498734,0.030587879940867424,0.0617564395070076,
7,6259,0.03521459549665451,0.01723085343837738,0.05994579941034317,
7,6269,0.10420577228069305,0.0858946144580841,0.06103718653321266,
7,6279,0.09118227660655975,0.07817251235246658,0.04336588829755783,
7,6289,0.017882857471704483,0.009443019516766071,0.028132792562246323,
7,6299,0.015169785358011723,0.004256812855601311,0.03637657314538956,
7,6309,0.054315581917762756,0.03770413249731064,0.055371496826410294,
7,6319,0.019162986427545547,0.005917297676205635,0.044152289628982544,
7,6329,0.023203495889902115,0.007280959747731686,0.05307511240243912,
7,6339,0.05112211033701897,0.03768238425254822,0.0447990857064724,
7,6349,0.1640777736902237,0.14296413958072662,0.07037877291440964,
7,6359,0.23871861398220062,0.21647843718528748,0.07413393259048462,
7,6369,0.028999818488955498,0.00888030044734478,0.06706506013870239,
7,6379,0.2231190949678421,0.20450979471206665,0.062030985951423645,
7,6389,0.3407095670700073,0.3241821527481079,0.055091410875320435,
7,6399,0.1870127022266388,0.1754816174507141,0.03843694552779198,
7,6409,0.05017464607954025,0.029398970305919647,0.06925224512815475,
7,6419,0.17154711484909058,0.15957608819007874,0.039903417229652405,
7,6429,0.2465185672044754,0.2324242740869522,0.046980977058410645,
7,6439,0.025771846994757652,0.013792723417282104,0.03993041068315506,
7,6449,0.042873743921518326,0.02905058115720749,0.04607720673084259,
7,6459,0.07614061236381531,0.05015864968299866,0.08660652488470078,
7,6469,0.06558898836374283,0.047853823751211166,0.059117209166288376,
7,6479,0.04337520897388458,0.031147971749305725,0.04075745493173599,
7,6489,0.03355444222688675,0.017352011054754257,0.05400809273123741,
7,6499,0.036372214555740356,0.007436336018145084,0.09645292162895203,
7,6509,0.04607750475406647,0.025130504742264748,0.06982333213090897,
7,6519,0.038849834352731705,0.019881602376699448,0.06322743743658066,
7,6529,0.15159918367862701,0.13150474429130554,0.06698144227266312,
7,6539,0.02795218676328659,0.0089951753616333,0.0631900355219841,
7,6549,0.15567611157894135,0.14276815950870514,0.04302649572491646,
7,6559,0.14412599802017212,0.12165970355272293,0.07488764822483063,
7,6569,0.020154524594545364,0.008177073672413826,0.03992483392357826,
7,6579,0.03398086503148079,0.015083719976246357,0.06299047917127609,
7,6589,0.17515285313129425,0.16334788501262665,0.03934986889362335,
7,6599,0.05875444784760475,0.045200690627098083,0.04517918825149536,
7,6607,,,,0.9533845782279968
8,6609,0.11628901958465576,0.09823577851057053,0.06017746776342392,
8,6619,0.03828653693199158,0.023577116429805756,0.04903140664100647,
8,6629,0.032449282705783844,0.02054067701101303,0.03969534859061241,
8,6639,0.020715933293104172,0.005035342648625374,0.052268631756305695,
8,6649,0.025176631286740303,0.012178625911474228,0.04332668334245682,
8,6659,0.01565384492278099,0.006256327964365482,0.03132505714893341,
8,6669,0.10219637304544449,0.09615591913461685,0.02013484574854374,
8,6679,0.11725100129842758,0.09999355673789978,0.05752480402588844,
8,6689,0.18164728581905365,0.17131413519382477,0.03444385528564453,
8,6699,0.02860535867512226,0.020294364541769028,0.027703313156962395,
8,6709,0.09183818101882935,0.06994351744651794,0.07298219949007034,
8,6719,0.3529474139213562,0.3381539583206177,0.049311503767967224,
8,6729,0.07505376636981964,0.054637592285871506,0.06805391609668732,
8,6739,0.15566711127758026,0.13644421100616455,0.06407633423805237,
8,6749,0.036896876990795135,0.02973465994000435,0.023874051868915558,
8,6759,0.027674568817019463,0.011443333700299263,0.054104115813970566,
8,6769,0.054328083992004395,0.040825631469488144,0.04500817507505417,
8,6779,0.01692793145775795,0.0027228803373873234,0.047350168228149414,
8,6789,0.06663062423467636,0.055398646742105484,0.037439920008182526,
8,6799,0.08180186152458191,0.055274225771427155,0.08842543512582779,
8,6809,0.0375768318772316,0.02082693949341774,0.05583297088742256,
8,6819,0.35344886779785156,0.3397389054298401,0.04569986090064049,
8,6829,0.01714981719851494,0.006876845844089985,0.03424323350191116,
8,6839,0.019632065668702126,0.005298669449985027,0.04777798429131508,
8,6849,0.01800251565873623,0.009755711071193218,0.027489347383379936,
8,6859,0.10627783834934235,0.08863569796085358,0.0588071383535862,
8,6869,0.12393346428871155,0.10780000686645508,0.05377820134162903,
8,6879,0.04250630736351013,0.016566239297389984,0.08646688610315323,
8,6889,0.030219407752156258,0.021940767765045166,0.027595466002821922,
8,6899,0.06276798248291016,0.051144104450941086,0.03874625638127327,
8,6909,0.042431656271219254,0.02689989283680916,0.05177254229784012,
8,6919,0.024684812873601913,0.011442344635725021,0.044141557067632675,
8,6929,0.043901290744543076,0.02466641180217266,0.06411626189947128,
8,6939,0.041945427656173706,0.02205297164618969,0.06630818545818329,
8,6949,0.02683606743812561,0.01898975484073162,0.026154376566410065,
8,6959,0.03631656989455223,0.025492314249277115,0.036080848425626755,
8,6969,0.035743262618780136,0.024596454575657845,0.03715602308511734,
8,6979,0.17828242480754852,0.1610901951789856,0.057307448238134384,
8,6989,0.04639064893126488,0.031132753938436508,0.05085964500904083,
8,6999,0.04190012812614441,0.02952457405626774,0.04125183820724487,
8,7009,0.06115492433309555,0.034019969403743744,0.09044984728097916,
8,7019,0.02767462469637394,0.017687002196907997,0.033292073756456375,
8,7029,0.12509706616401672,0.10408686846494675,0.07003399729728699,
8,7039,0.0260176919400692,0.009904406033456326,0.05371095612645149,
8,7049,0.019091026857495308,0.0028997226618230343,0.05397101119160652,
8,7059,0.017962416633963585,0.005235754884779453,0.042422205209732056,
8,7069,0.19710029661655426,0.18695832788944244,0.033806540071964264,
8,7079,0.19083130359649658,0.1749013066291809,0.05309996008872986,
8,7089,0.07385997474193573,0.06087839603424072,0.04327191412448883,
8,7099,0.13572841882705688,0.11976730823516846,0.05320369079709053,
8,7109,0.1133972629904747,0.10117936879396439,0.04072631523013115,
8,7119,0.09322894364595413,0.06568852066993713,0.09180140495300293,
8,7129,0.1889341026544571,0.1712207794189453,0.05904441326856613,
8,7139,0.12185541540384293,0.11263303458690643,0.030741259455680847,
8,7149,0.07434411346912384,0.06197316199541092,0.0412365086376667,
8,7159,0.053819090127944946,0.03308212757110596,0.06912320852279663,
8,7169,0.07040652632713318,0.05873065069317818,0.03891957923769951,
8,7179,0.14792005717754364,0.1405213475227356,0.024662375450134277,
8,7189,0.15517228841781616,0.14212819933891296,0.0434802770614624,
8,7199,0.13394640386104584,0.12111227214336395,0.042780447751283646,
8,7209,0.1356421709060669,0.12243035435676575,0.044039394706487656,
8,7219,0.07482165843248367,0.05336970090866089,0.07150651514530182,
8,7229,0.15845276415348053,0.14291861653327942,0.051780469715595245,
8,7239,0.053828462958335876,0.03738497942686081,0.054811615496873856,
8,7249,0.045113705098629,0.022911977022886276,0.07400575280189514,
8,7259,0.027056574821472168,0.014312220737338066,0.04248117655515671,
8,7269,0.08258301764726639,0.07185542583465576,0.03575863316655159,
8,7279,0.19031232595443726,0.17585550248622894,0.04818940907716751,
8,7289,0.18088196218013763,0.1685771644115448,0.04101598262786865,
8,7299,0.05623424053192139,0.03446800634264946,0.0725541040301323,
8,7309,0.055912312120199203,0.041255466639995575,0.04885615035891533,
8,7319,0.047054097056388855,0.036598268896341324,0.0348527617752552,
8,7329,0.0399601049721241,0.023596368730068207,0.05454578623175621,
8,7339,0.17840877175331116,0.16219455003738403,0.054047390818595886,
8,7349,0.034052371978759766,0.018067389726638794,0.053283270448446274,
8,7359,0.08159922063350677,0.06589469313621521,0.05234842374920845,
8,7369,0.03381054103374481,0.00931919738650322,0.08163780719041824,
8,7379,0.036038801074028015,0.02379463240504265,0.04081390053033829,
8,7389,0.13867850601673126,0.12045864015817642,0.06073286384344101,
8,7399,0.01655338518321514,0.005769919604063034,0.03594488278031349,
8,7409,0.025681663304567337,0.01709173247218132,0.028633102774620056,
8,7419,0.187962606549263,0.17121261358261108,0.055833324790000916,
8,7429,0.3086129128932953,0.29230552911758423,0.05435793846845627,
8,7433,,,,0.9557985067367554
9,7439,0.02458598092198372,0.011600605212152004,0.0432845838367939,
9,7449,0.0957236960530281,0.0821741595864296,0.045165129005908966,
9,7459,0.27759718894958496,0.26296573877334595,0.04877151921391487,
9,7469,0.25421303510665894,0.24438096582889557,0.03277360275387764,
9,7479,0.03862858563661575,0.02625490166246891,0.041245605796575546,
9,7489,0.017543086782097816,0.00926627404987812,0.027589375153183937,
9,7499,0.21909596025943756,0.20742258429527283,0.038911234587430954,
9,7509,0.030207518488168716,0.01358829066157341,0.05539742112159729,
9,7519,0.02809695526957512,0.0183638297021389,0.032443754374980927,
9,7529,0.05893126502633095,0.046093568205833435,0.042792316526174545,
9,7539,0.03690490871667862,0.027076780796051025,0.03276043012738228,
9,7549,0.03149443864822388,0.01606031507253647,0.0514470711350441,
9,7559,0.18841652572155,0.17394843697547913,0.0482269711792469,
9,7569,0.14495162665843964,0.1339891105890274,0.03654172644019127,
9,7579,0.2077314406633377,0.20132768154144287,0.021345850080251694,
9,7589,0.09866201877593994,0.08170892298221588,0.0565103180706501,
9,7599,0.048899512737989426,0.03817517310380936,0.035747796297073364,
9,7609,0.11176115274429321,0.09289474785327911,0.0628880113363266,
9,7619,0.04785776883363724,0.03082665055990219,0.05677039921283722,
9,7629,0.029963403940200806,0.01637285389006138,0.045301832258701324,
9,7639,0.09368559718132019,0.07511342316865921,0.06190723553299904,
9,7649,0.07225097715854645,0.04503033310174942,0.09073546528816223,
9,7659,0.033030781894922256,0.016550855711102486,0.0549330860376358,
9,7669,0.07590090483427048,0.05262002348899841,0.07760293036699295,
9,7679,0.16505374014377594,0.1515728086233139,0.044936418533325195,
9,7689,0.18024642765522003,0.169145867228508,0.037001848220825195,
9,7699,0.06318677961826324,0.05320585519075394,0.0332697331905365,
9,7709,0.02212516963481903,0.0096259955316782,0.04166391119360924,
9,7719,0.17323678731918335,0.15845680236816406,0.04926662519574165,
9,7729,0.08596374094486237,0.07813923060894012,0.026081686839461327,
9,7739,0.1469038873910904,0.1269764006137848,0.06642495095729828,
9,7749,0.037826430052518845,0.02396012842655182,0.04622100293636322,
9,7759,0.22535686194896698,0.20739664137363434,0.059867411851882935,
9,7769,0.0374661386013031,0.012801134027540684,0.08221667259931564,
9,7779,0.16307073831558228,0.15235477685928345,0.0357198566198349,
9,7789,0.032719455659389496,0.011274507269263268,0.07148315757513046,
9,7799,0.02055865153670311,0.010440727695822716,0.03372641280293465,
9,7809,0.018727362155914307,0.002421995159238577,0.05435122177004814,
9,7819,0.15215204656124115,0.13866472244262695,0.04495774954557419,
9,7829,0.3315964341163635,0.3205529451370239,0.03681159019470215,
9,7839,0.07133916765451431,0.05683393403887749,0.048350777477025986,
9,7849,0.04408938065171242,0.03243280202150345,0.038855262100696564,
9,7859,0.1435076743364334,0.12710005044937134,0.054692093282938004,
9,7869,0.044820692390203476,0.03127084672451019,0.04516615346074104,
9,7879,0.041104476898908615,0.02820504456758499,0.04299810901284218,
9,7889,0.09569893777370453,0.0818914845585823,0.04602483659982681,
9,7899,0.2221776247024536,0.21343642473220825,0.02913733571767807,
9,7909,0.03241297975182533,0.018692634999752045,0.04573448374867439,
9,7919,0.12945033609867096,0.11865103244781494,0.035997696220874786,
9,7929,0.22431647777557373,0.20929990708827972,0.050055213272571564,
9,7939,0.0515822097659111,0.03933912515640259,0.04081027954816818,
9,7949,0.023167021572589874,0.0049217017367482185,0.06081772968173027,
9,7959,0.15816999971866608,0.14701418578624725,0.03718603774905205,
9,7969,0.06370716542005539,0.0395408533513546,0.08055436611175537,
9,7979,0.1661035716533661,0.15277786552906036,0.04441900551319122,
9,7989,0.10071508586406708,0.08925594389438629,0.03819713741540909,
9,7999,0.0925167053937912,0.07527558505535126,0.05747038871049881,
9,8009,0.20700539648532867,0.19289927184581757,0.04702039062976837,
9,8019,0.2568807303905487,0.24546891450881958,0.03803938254714012,
9,8029,0.10819423943758011,0.09677492082118988,0.03806440159678459,
9,8039,0.21722012758255005,0.207455575466156,0.03254852443933487,
9,8049,0.04019295424222946,0.019178206101059914,0.07004915177822113,
9,8059,0.036053046584129333,0.021355029195547104,0.04899338632822037,
9,8069,0.04802345484495163,0.031642403453588486,0.05460350587964058,
9,8079,0.02025245502591133,0.011623179540038109,0.02876424975693226,
9,8089,0.06825872510671616,0.0629878118634224,0.01756972074508667,
9,8099,0.27531445026397705,0.26529017090797424,0.03341429680585861,
9,8109,0.13140247762203217,0.11960558593273163,0.03932296484708786,
9,8119,0.01486462913453579,0.006749500520527363,0.027050428092479706,
9,8129,0.07878793030977249,0.06463836133480072,0.04716522619128227,
9,8139,0.14433914422988892,0.12607207894325256,0.06089022383093834,
9,8149,0.04538460820913315,0.02828804776072502,0.05698852613568306,
9,8159,0.05170588567852974,0.03948991745710373,0.0407198928296566,
9,8169,0.12451661378145218,0.11102890223264694,0.04495902732014656,
9,8179,0.03015657141804695,0.017001759260892868,0.04384937509894371,
9,8189,0.05127456784248352,0.03425080329179764,0.056745875626802444,
9,8199,0.1539968103170395,0.1427353471517563,0.03753818944096565,
9,8209,0.12335020303726196,0.11000270396471024,0.044491659849882126,
9,8219,0.10550067573785782,0.09537576884031296,0.033749692142009735,
9,8229,0.09688591212034225,0.08641786873340607,0.03489348292350769,
9,8239,0.037473760545253754,0.022802356630563736,0.048904675990343094,
9,8249,0.040759820491075516,0.02972499653697014,0.036782748997211456,
9,8259,0.04889563098549843,0.025579672306776047,0.07771985977888107,
9,8259,,,,0.9549946188926697
10,8269,0.031933896243572235,0.021804772317409515,0.03376374393701553,
10,8279,0.03373183682560921,0.020392674952745438,0.0444638691842556,
10,8289,0.033153828233480453,0.00886838324368,0.08095148205757141,
10,8299,0.1686449944972992,0.15042783319950104,0.060723889619112015,
10,8309,0.16684916615486145,0.15075135231018066,0.05365937575697899,
10,8319,0.09993211925029755,0.08384410291910172,0.053626712411642075,
10,8329,0.03282371163368225,0.02545989118516445,0.024546071887016296,
10,8339,0.15643011033535004,0.152201846241951,0.014094201847910881,
10,8349,0.02843734435737133,0.018412452191114426,0.03341630473732948,
10,8359,0.12193534523248672,0.11638246476650238,0.01850960962474346,
10,8369,0.05224773287773132,0.045861683785915375,0.021286828443408012,
10,8379,0.14605087041854858,0.1355396807193756,0.03503729775547981,
10,8389,0.1570044904947281,0.14756126701831818,0.03147740289568901,
10,8399,0.023005373775959015,0.010116539895534515,0.042962782084941864,
10,8409,0.05171838775277138,0.04133656993508339,0.03460605815052986,
10,8419,0.031120046973228455,0.02335944026708603,0.02586868777871132,
10,8429,0.03079751506447792,0.014730709604918957,0.05355602130293846,
10,8439,0.12564551830291748,0.11678718030452728,0.02952776849269867,
10,8449,0.01851538009941578,0.012507814913988113,0.020025214180350304,
10,8459,0.025975538417696953,0.02007032185792923,0.01968405209481716,
10,8469,0.021808428689837456,0.011235480196774006,0.035243161022663116,
10,8479,0.033575549721717834,0.015911933034658432,0.05887872725725174,
10,8489,0.018860751762986183,0.0036881249397993088,0.05057542026042938,
10,8499,0.033511485904455185,0.026081517338752747,0.02476656436920166,
10,8509,0.02937333472073078,0.019882479682564735,0.031636182218790054,
10,8519,0.2407141923904419,0.2227344512939453,0.05993248149752617,
10,8529,0.03338686376810074,0.023868367075920105,0.03172831982374191,
10,8539,0.03836725652217865,0.026824671775102615,0.03847527503967285,
10,8549,0.06241064518690109,0.050690364092588425,0.039067596197128296,
10,8559,0.11829351633787155,0.10873657464981079,0.031856469810009,
10,8569,0.033876702189445496,0.015591856092214584,0.06094948202371597,
10,8579,0.12244756519794464,0.10855059325695038,0.04632323607802391,
10,8589,0.017151545733213425,0.0067288512364029884,0.034742314368486404,
10,8599,0.03450837358832359,0.026661057025194168,0.026157723739743233,
10,8609,0.14781418442726135,0.13402731716632843,0.04595620930194855,
10,8619,0.05677978694438934,0.043593861162662506,0.04395309090614319,
10,8629,0.023478906601667404,0.009082198143005371,0.04798902943730354,
10,8639,0.17267554998397827,0.1592116802930832,0.04487958922982216,
10,8649,0.0456039160490036,0.032737307250499725,0.042888689786195755,
10,8659,0.13128232955932617,0.10918448865413666,0.0736594945192337,
10,8669,0.02657414600253105,0.0144306980073452,0.040478162467479706,
10,8679,0.15437695384025574,0.1446188986301422,0.032526832073926926,
10,8689,0.037125114351511,0.026276055723428726,0.03616352751851082,
10,8699,0.024327440187335014,0.01689707674086094,0.02476787567138672,
10,8709,0.021107492968440056,0.009576531127095222,0.038436539471149445,
10,8719,0.043431058526039124,0.03092184104025364,0.041697390377521515,
10,8729,0.04183955118060112,0.030348114669322968,0.03830478712916374,
10,8739,0.016495756804943085,0.004405248444527388,0.040301691740751266,
10,8749,0.02592691220343113,0.019438939169049263,0.021626576781272888,
10,8759,0.12933959066867828,0.11810534447431564,0.0374474860727787,
10,8769,0.14919240772724152,0.13666878640651703,0.041745416820049286,
10,8779,0.12613916397094727,0.11612852662801743,0.033368777483701706,
10,8789,0.1437332183122635,0.1342620700597763,0.03157047554850578,
10,8799,0.0616203211247921,0.05020628497004509,0.038046784698963165,
10,8809,0.03181455284357071,0.013302547857165337,0.06170668452978134,
10,8819,0.04656249284744263,0.031976521015167236,0.04861990362405777,
10,8829,0.04620819166302681,0.019270997494459152,0.08979064226150513,
10,8839,0.06970269978046417,0.057896971702575684,0.03935243561863899,
10,8849,0.07268034666776657,0.057812921702861786,0.049558088183403015,
10,8859,0.14792542159557343,0.13558554649353027,0.04113291949033737,
10,8869,0.01947094313800335,0.010952357202768326,0.028395283967256546,
10,8879,0.025940775871276855,0.01771738938987255,0.027411285787820816,
10,8889,0.1310795396566391,0.11735338717699051,0.0457538478076458,
10,8899,0.1415216624736786,0.13040243089199066,0.03706411272287369,
10,8909,0.17728616297245026,0.16329777240753174,0.0466279536485672,
10,8919,0.20748883485794067,0.19780807197093964,0.03226923197507858,
10,8929,0.23854519426822662,0.22645601630210876,0.040297236293554306,
10,8939,0.0344095453619957,0.025437526404857635,0.029906725510954857,
10,8949,0.14719045162200928,0.13111676275730133,0.05357896164059639,
10,8959,0.04543207585811615,0.03545413166284561,0.0332598052918911,
10,8969,0.32186776399612427,0.31147661805152893,0.03463718295097351,
10,8979,0.020362582057714462,0.01421779952943325,0.020482609048485756,
10,8989,0.044306352734565735,0.030241435393691063,0.04688306152820587,
10,8999,0.017521169036626816,0.007194627076387405,0.034421809017658234,
10,9009,0.036020755767822266,0.017268596217036247,0.06250718981027603,
10,9019,0.06335802376270294,0.05420001596212387,0.03052668087184429,
10,9029,0.06729859113693237,0.047794122248888016,0.06501489877700806,
10,9039,0.13443860411643982,0.1264030933380127,0.02678500860929489,
10,9049,0.030740994960069656,0.012592177838087082,0.06049605458974838,
10,9059,0.047601573169231415,0.02894544042646885,0.062187112867832184,
10,9069,0.018514100462198257,0.010107996873557568,0.02802034094929695,
10,9079,0.12195830047130585,0.11131948977708817,0.03546270355582237,
10,9085,,,,0.9584808349609375
11,9089,0.19313445687294006,0.18179231882095337,0.037807147949934006,
11,9099,0.05297857150435448,0.0428580716252327,0.0337349995970726,
11,9109,0.02499866858124733,0.00987235177308321,0.050421055406332016,
11,9119,0.22531801462173462,0.2172609567642212,0.026856882497668266,
11,9129,0.0626138299703598,0.05058911442756653,0.04008237272500992,
11,9139,0.01814444363117218,0.01186420302838087,0.020934130996465683,
11,9149,0.049508847296237946,0.033469848334789276,0.053463324904441833,
11,9159,0.14111000299453735,0.13202619552612305,0.03027937561273575,
11,9169,0.02082213945686817,0.014021074399352074,0.022670214995741844,
11,9179,0.02200324274599552,0.011289983987808228,0.035710860043764114,
11,9189,0.03668152540922165,0.02739606238901615,0.030951548367738724,
11,9199,0.03635368496179581,0.02633241005241871,0.03340424969792366,
11,9209,0.033629048615694046,0.020278729498386383,0.04450106620788574,
11,9219,0.017500508576631546,0.012043638154864311,0.01818956807255745,
11,9229,0.01784873567521572,0.004639285150915384,0.044031500816345215,
11,9239,0.12428191304206848,0.11091465502977371,0.044557537883520126,
11,9249,0.019737018272280693,0.013888200744986534,0.01949605904519558,
11,9259,0.1086421012878418,0.09934578090906143,0.030987735837697983,
11,9269,0.02761416882276535,0.019008219242095947,0.02868649736046791,
11,9279,0.0190923810005188,0.011293812654912472,0.025995226576924324,
11,9289,0.05099014937877655,0.0444185808300972,0.021905221045017242,
11,9299,0.015573755837976933,0.0076517267152667046,0.02640676125884056,
11,9309,0.021321259438991547,0.014293251559138298,0.02342669479548931,
11,9319,0.03263009712100029,0.024357810616493225,0.027574289590120316,
11,9329,0.046295225620269775,0.03976617380976677,0.021763499826192856,
11,9339,0.029179105535149574,0.015060746110975742,0.04706119745969772,
11,9349,0.15057525038719177,0.13777218759059906,0.04267687723040581,
11,9359,0.03026420995593071,0.02058473974466324,0.03226489946246147,
11,9369,0.09815650433301926,0.0887666642665863,0.031299471855163574,
11,9379,0.014102384448051453,0.007561929523944855,0.02180151455104351,
11,9389,0.022206928580999374,0.014589074067771435,0.025392848998308182,
11,9399,0.014427867718040943,0.005366513505578041,0.030204512178897858,
11,9409,0.018594088032841682,0.010180198587477207,0.028046296909451485,
11,9419,0.06199238449335098,0.05323372036218643,0.029195552691817284,
11,9429,0.060381025075912476,0.05279847979545593,0.025275154039263725,
11,9439,0.05709017068147659,0.041184090077877045,0.05302027240395546,
11,9449,0.1691291779279709,0.15227627754211426,0.0561763234436512,
11,9459,0.051028281450271606,0.04051203653216362,0.03505414351820946,
11,9469,0.056440845131874084,0.047947611659765244,0.028310781344771385,
11,9479,0.029408805072307587,0.01708223670721054,0.041088562458753586,
11,9489,0.03088461607694626,0.01635494828224182,0.04843222349882126,
11,9499,0.009688524529337883,0.00480223074555397,0.01628764532506466,
11,9509,0.01730991154909134,0.005060606636106968,0.04083101823925972,
11,9519,0.01712951436638832,0.008664754219353199,0.028215864673256874,
11,9529,0.12117841839790344,0.11308476328849792,0.026978859677910805,
11,9539,0.24005809426307678,0.23161613941192627,0.02813987247645855,
11,9549,0.04938644915819168,0.040189504623413086,0.03065647929906845,
11,9559,0.034983448684215546,0.023873012512922287,0.037034787237644196,
11,9569,0.10965979844331741,0.10046960413455963,0.030633972957730293,
11,9579,0.012429432012140751,0.006763641256839037,0.018885968253016472,
11,9589,0.027915459126234055,0.017585020512342453,0.03443479165434837,
11,9599,0.2619287073612213,0.25641798973083496,0.018369082361459732,
11,9609,0.10919028520584106,0.09532997757196426,0.04620102792978287,
11,9619,0.025519104674458504,0.018835002556443214,0.022280339151620865,
11,9629,0.140580415725708,0.1316586285829544,0.029739296063780785,
11,9639,0.06902250647544861,0.059115007519721985,0.03302498161792755,
11,9649,0.04775875806808472,0.03286661207675934,0.049640484154224396,
11,9659,0.2475994974374771,0.23631912469863892,0.037601228803396225,
11,9669,0.1329856663942337,0.11723597347736359,0.0524989552795887,
11,9679,0.03809653967618942,0.024639029055833817,0.04485837370157242,
11,9689,0.05502767488360405,0.049090053886175156,0.01979207433760166,
11,9699,0.021660231053829193,0.013300473801791668,0.027865855023264885,
11,9709,0.030091632157564163,0.016039619222283363,0.04684004560112953,
11,9719,0.04822979122400284,0.039646707475185394,0.02861027605831623,
11,9729,0.05461018532514572,0.04785560071468353,0.02251528389751911,
11,9739,0.04206259921193123,0.03319278359413147,0.029566051438450813,
11,9749,0.019161799922585487,0.012033478356897831,0.023761071264743805,
11,9759,0.021360699087381363,0.010637518018484116,0.03574393317103386,
11,9769,0.02936902642250061,0.020010139793157578,0.031196288764476776,
11,9779,0.14607441425323486,0.1333649456501007,0.04236491397023201,
11,9789,0.021337974816560745,0.011730160564184189,0.03202604502439499,
11,9799,0.28709906339645386,0.27833864092826843,0.02920144982635975,
11,9809,0.12985552847385406,0.11573106795549393,0.04708154499530792,
11,9819,0.04309939220547676,0.036417704075574875,0.022272298112511635,
11,9829,0.02630757912993431,0.014560982584953308,0.03915531933307648,
11,9839,0.03133203089237213,0.01986810192465782,0.0382130928337574,
11,9849,0.012017592787742615,0.007676254957914352,0.014471124857664108,
11,9859,0.4289654493331909,0.42023134231567383,0.029113663360476494,
11,9869,0.018217552453279495,0.002508155070245266,0.05236465483903885,
11,9879,0.02229398488998413,0.010972168296575546,0.03773938864469528,
11,9889,0.042469438165426254,0.03008619323372841,0.041277479380369186,
11,9899,0.08069201558828354,0.07423171401023865,0.021534347906708717,
11,9909,0.15853339433670044,0.14634032547473907,0.04064354673027992,
11,9911,,,,0.9559208750724792
12,9919,0.07200001180171967,0.060817524790763855,0.037274956703186035,
12,9929,0.026352206245064735,0.016624538227915764,0.03242556005716324,
12,9939,0.029246896505355835,0.021513232961297035,0.0257788747549057,
12,9949,0.10559987276792526,0.09351611137390137,0.04027920588850975,
12,9959,0.14242792129516602,0.13622978329658508,0.020660443231463432,
12,9969,0.1367856115102768,0.12606385350227356,0.03573919087648392,
12,9979,0.029885347932577133,0.023150023072957993,0.02245108038187027,
12,9989,0.028044909238815308,0.015816977247595787,0.040759775787591934,
12,9999,0.059984318912029266,0.049350641667842865,0.03544558957219124,
12,10009,0.024971840903162956,0.019185949116945267,0.019286304712295532,
12,10019,0.11482618004083633,0.11083824187517166,0.013293134048581123,
12,10029,0.02400098741054535,0.01135106012225151,0.04216642305254936,
12,10039,0.042806241661310196,0.03699440509080887,0.019372789189219475,
12,10049,0.02865823358297348,0.014372589066624641,0.0476188138127327,
12,10059,0.07966198027133942,0.059641823172569275,0.06673385947942734,
12,10069,0.011781688779592514,0.009383102878928185,0.007995286956429482,
12,10079,0.01897481456398964,0.010860264301300049,0.027048496529459953,
12,10089,0.025198694318532944,0.02002253197133541,0.017253872007131577,
12,10099,0.01478300616145134,0.00680855056270957,0.026581518352031708,
12,10109,0.08348072320222855,0.07248298078775406,0.03665914013981819,
12,10119,0.022217078134417534,0.01808999665081501,0.013756939209997654,
12,10129,0.19593818485736847,0.18917518854141235,0.022543329745531082,
12,10139,0.10736072063446045,0.07562199234962463,0.10579575598239899,
12,10149,0.27665671706199646,0.26194870471954346,0.049026697874069214,
12,10159,0.15941861271858215,0.14168627560138702,0.05910778418183327,
12,10169,0.010557805188000202,0.007758643478155136,0.009330538101494312,
12,10179,0.16658328473567963,0.16043412685394287,0.020497193560004234,
12,10189,0.18729595839977264,0.17731893062591553,0.03325677663087845,
12,10199,0.029324214905500412,0.02204205095767975,0.02427387796342373,
12,10209,0.043561067432165146,0.028328493237495422,0.05077524483203888,
12,10219,0.018320908769965172,0.004773295484483242,0.045158710330724716,
12,10229,0.1758430302143097,0.16494113206863403,0.03633967414498329,
12,10239,0.027043791487812996,0.014686327427625656,0.04119154438376427,
12,10249,0.018120575696229935,0.012877494096755981,0.017476940527558327,
12,10259,0.084969662129879,0.07710471004247665,0.026216499507427216,
12,10269,0.09678957611322403,0.08603476732969284,0.03584936261177063,
12,10279,0.12276136875152588,0.1065635085105896,0.053992852568626404,
12,10289,0.030991043895483017,0.023126082494854927,0.0262165404856205,
12,10299,0.04811970889568329,0.037909410893917084,0.03403431922197342,
12,10309,0.029796123504638672,0.020751431584358215,0.030148975551128387,
12,10319,0.011011621914803982,0.0029018353670835495,0.02703261934220791,
12,10329,0.20697452127933502,0.19311942160129547,0.046183664351701736,
12,10339,0.2209782749414444,0.20918715000152588,0.03930375352501869,
12,10349,0.046049538999795914,0.034786783158779144,0.037542518228292465,
12,10359,0.019093135371804237,0.007064943667501211,0.04009397327899933,
12,10369,0.02235088124871254,0.017537597566843033,0.01604427769780159,
12,10379,0.01577679067850113,0.006256860680878162,0.03173310309648514,
12,10389,0.1309334635734558,0.12093892693519592,0.03331511840224266,
12,10399,0.179417222738266,0.1702418327331543,0.030584657564759254,
12,10409,0.040710125118494034,0.03164610639214516,0.03021339699625969,
12,10419,0.07199470698833466,0.05984753370285034,0.040490586310625076,
12,10429,0.07131196558475494,0.06158508360385895,0.03242294117808342,
12,10439,0.05176433175802231,0.044326700270175934,0.024792103096842766,
12,10449,0.029448162764310837,0.020015191286802292,0.03144323453307152,
12,10459,0.020468004047870636,0.011180544272065163,0.03095819428563118,
12,10469,0.028807030990719795,0.02190195582807064,0.02301691845059395,
12,10479,0.02814229391515255,0.020860597491264343,0.02427232265472412,
12,10489,0.015723058953881264,0.0055689504370093346,0.03384702652692795,
12,10499,0.154922217130661,0.14386233687400818,0.036866262555122375,
12,10509,0.018191181123256683,0.00991242565214634,0.027595845982432365,
12,10519,0.04823782294988632,0.039402350783348083,0.02945157326757908,
12,10529,0.04394499957561493,0.033489249646663666,0.03485249727964401,
12,10539,0.36208242177963257,0.3490622639656067,0.04340049996972084,
12,10549,0.043948523700237274,0.04011254385113716,0.012786595150828362,
12,10559,0.040696315467357635,0.033109042793512344,0.02529090829193592,
12,10569,0.021587755531072617,0.012668942101299763,0.029729381203651428,
12,10579,0.015425331890583038,0.00997814442962408,0.018157290294766426,
12,10589,0.08642768859863281,0.07584139704704285,0.035287633538246155,
12,10599,0.10425965487957001,0.09494283050298691,0.03105609305202961,
12,10609,0.1237572431564331,0.1074289083480835,0.05442778021097183,
12,10619,0.1340828239917755,0.1263575553894043,0.025750918313860893,
12,10629,0.03529807925224304,0.02285679802298546,0.04147094115614891,
12,10639,0.034351054579019547,0.027273397892713547,0.023592188954353333,
12,10649,0.05819450318813324,0.04918257147073746,0.030039774253964424,
12,10659,0.023558739572763443,0.011825397610664368,0.03911113739013672,
12,10669,0.10174915194511414,0.09349952638149261,0.027498755604028702,
12,10679,0.15238578617572784,0.14417459070682526,0.027370648458600044,
12,10689,0.029098913073539734,0.013652443885803223,0.051488231867551804,
12,10699,0.018806926906108856,0.011607839725911617,0.023996954783797264,
12,10709,0.10304447263479233,0.09577073901891708,0.024245766922831535,
12,10719,0.12601648271083832,0.11858520656824112,0.02477092482149601,
12,10729,0.07734747231006622,0.07110895961523056,0.020795030519366264,
12,10737,,,,0.9559841752052307
13,10739,0.017412949353456497,0.007928711362183094,0.03161412477493286,
13,10749,0.1120229959487915,0.10334885120391846,0.028913814574480057,
13,10759,0.051076360046863556,0.03682507202029228,0.04750429838895798,
13,10769,0.017445553094148636,0.008664513938128948,0.029270131140947342,
13,10779,0.03300746902823448,0.029352352023124695,0.012183723039925098,
13,10789,0.20614048838615417,0.1935250461101532,0.04205148294568062,
13,10799,0.013085952959954739,0.009106074459850788,0.013266261667013168,
13,10809,0.05001964792609215,0.039795421063899994,0.03408075124025345,
13,10819,0.019777586683630943,0.011500898748636246,0.02758895792067051,
13,10829,0.018539372831583023,0.009272690862417221,0.030888941138982773,
13,10839,0.01655859500169754,0.00469279196113348,0.03955267742276192,
13,10849,0.039320774376392365,0.03199886530637741,0.02440635673701763,
13,10859,0.09320229291915894,0.0831550806760788,0.03349071741104126,
13,10869,0.025203585624694824,0.01735689491033554,0.026155637577176094,
13,10879,0.28236088156700134,0.27621757984161377,0.020477650687098503,
13,10889,0.03166872262954712,0.01619749888777733,0.051570747047662735,
13,10899,0.013635750859975815,0.004951442591845989,0.02894769236445427,
13,10909,0.014447836205363274,0.0046514407731592655,0.03265465050935745,
13,10919,0.008963756263256073,0.004959882702678442,0.01334624644368887,
13,10929,0.056051675230264664,0.05211612582206726,0.013118498027324677,
13,10939,0.047801993787288666,0.034466322511434555,0.0444522425532341,
13,10949,0.02034575492143631,0.008841445669531822,0.038347695022821426,
13,10959,0.02563898265361786,0.016979321837425232,0.02886553294956684,
13,10969,0.014605756849050522,0.006292370613664389,0.027711285278201103,
13,10979,0.06934987008571625,0.06197132542729378,0.024595137685537338,
13,10989,0.022582296282052994,0.008832424879074097,0.04583290219306946,
13,10999,0.05077717825770378,0.043062999844551086,0.025713929906487465,
13,11009,0.22334875166416168,0.2152445912361145,0.02701386623084545,
13,11019,0.23411500453948975,0.22549107670783997,0.028746427968144417,
13,11029,0.026896676048636436,0.024535445496439934,0.007870769128203392,
13,11039,0.02780991792678833,0.023092109709978104,0.01572602428495884,
13,11049,0.14002101123332977,0.1352010816335678,0.016066422685980797,
13,11059,0.01835215836763382,0.011349143460392952,0.02334338240325451,
13,11069,0.08038558810949326,0.07153167575597763,0.029513044282794,
13,11079,0.1348736584186554,0.1257615089416504,0.03037380799651146,
13,11089,0.038274094462394714,0.026950784027576447,0.03774436190724373,
13,11099,0.1695035845041275,0.16180501878261566,0.025661878287792206,
13,11109,0.2089758813381195,0.20118916034698486,0.025955723598599434,
13,11119,0.1664912849664688,0.15998046100139618,0.02170272171497345,
13,11129,0.039678625762462616,0.034963659942150116,0.015716552734375,
13,11139,0.09055829793214798,0.08635084331035614,0.014024841599166393,
13,11149,0.08553586155176163,0.07461234927177429,0.036411698907613754,
13,11159,0.13586197793483734,0.13204242289066315,0.012731827795505524,
13,11169,0.10309448093175888,0.09075236320495605,0.041140392422676086,
13,11179,0.038732822984457016,0.03444746881723404,0.014284512959420681,
13,11189,0.06014387309551239,0.054565902799367905,0.018593231216073036,
13,11199,0.03643512725830078,0.019986592233181,0.05482844263315201,
13,11209,0.028397273272275925,0.012851715087890625,0.051818523555994034,
13,11219,0.030442118644714355,0.02672603540122509,0.012386946938931942,
13,11229,0.18873262405395508,0.17933201789855957,0.03133533149957657,
13,11239,0.021026581525802612,0.009915875270962715,0.03703568875789642,
13,11249,0.01529904268682003,0.008043793961405754,0.02418416179716587,
13,11259,0.04050047695636749,0.031493887305259705,0.03002196177840233,
13,11269,0.030621014535427094,0.018220430240035057,0.04133528098464012,
13,11279,0.019861865788698196,0.011446436867117882,0.028051432222127914,
13,11289,0.20927059650421143,0.20686465501785278,0.00801980309188366,
13,11299,0.01668567769229412,0.005377211142331362,0.037694886326789856,
13,11309,0.12474275380373001,0.1160978302359581,0.02881642058491707,
13,11319,0.09506607800722122,0.08033576607704163,0.04910104349255562,
13,11329,0.04908525571227074,0.039797909557819366,0.030957816168665886,
13,11339,0.030651934444904327,0.022315971553325653,0.02778654173016548,
13,11349,0.1953771412372589,0.19085469841957092,0.01507478766143322,
13,11359,0.020736422389745712,0.01178053766489029,0.02985295094549656,
13,11369,0.023944862186908722,0.010848309844732285,0.043655168265104294,
13,11379,0.07880670577287674,0.0708886981010437,0.026393350213766098,
13,11389,0.01630294695496559,0.010858924128115177,0.018146738409996033,
13,11399,0.0354732871055603,0.024228326976299286,0.03748319670557976,
13,11409,0.02976640686392784,0.02081754431128502,0.029829537495970726,
13,11419,0.07561221718788147,0.05152785778045654,0.08028119057416916,
13,11429,0.13385456800460815,0.1266183853149414,0.024120615795254707,
13,11439,0.09325459599494934,0.07893554866313934,0.047730159014463425,
13,11449,0.06765139102935791,0.05916627123951912,0.02828373946249485,
13,11459,0.038789425045251846,0.0329885371029377,0.019336296245455742,
13,11469,0.029851358383893967,0.02315782941877842,0.02231176197528839,
13,11479,0.10715768486261368,0.09568603336811066,0.03823883831501007,
13,11489,0.0265568345785141,0.018057500943541527,0.028331106528639793,
13,11499,0.03832221403717995,0.03165822848677635,0.02221328392624855,
13,11509,0.02493063546717167,0.01880408264696598,0.020421840250492096,
13,11519,0.03132796287536621,0.023387189954519272,0.026469239965081215,
13,11529,0.11229187250137329,0.10430716723203659,0.026615675538778305,
13,11539,0.0370936281979084,0.02703716605901718,0.033521540462970734,
13,11549,0.08110316842794418,0.06809768825769424,0.043351590633392334,
13,11559,0.021233011037111282,0.014074757695198059,0.02386084571480751,
13,11563,,,,0.9538748264312744
14,11569,0.055891893804073334,0.05084347724914551,0.016828058287501335,
14,11579,0.06557135283946991,0.061772316694259644,0.01266345102339983,
14,11589,0.04555682837963104,0.033757518976926804,0.03933103382587433,
14,11599,0.025536395609378815,0.021158210933208466,0.014593951404094696,
14,11609,0.2429138422012329,0.234837606549263,0.026920799165964127,
14,11619,0.029706839472055435,0.017488809302449226,0.040726762264966965,
14,11629,0.02627812698483467,0.01446869969367981,0.039364755153656006,
14,11639,0.1619192212820053,0.156050905585289,0.019561072811484337,
14,11649,0.03828240558505058,0.027369942516088486,0.03637487813830376,
14,11659,0.23997437953948975,0.23518605530261993,0.01596110127866268,
14,11669,0.041700903326272964,0.02017868682742119,0.07174071669578552,
14,11679,0.05808481201529503,0.04734667018055916,0.03579380735754967,
14,11689,0.027391089126467705,0.023873556405305862,0.011725109070539474,
14,11699,0.010453533381223679,0.0013116440968587995,0.03047296218574047,
14,11709,0.22850048542022705,0.2228098213672638,0.018968859687447548,
14,11719,0.0671418085694313,0.06008263677358627,0.023530572652816772,
14,11729,0.011823544278740883,0.004689547698944807,0.023779988288879395,
14,11739,0.02323048934340477,0.014171778224408627,0.030195705592632294,
14,11749,0.1226944625377655,0.11547956615686417,0.0240496639162302,
14,11759,0.03177708387374878,0.01659465953707695,0.050608083605766296,
14,11769,0.17917484045028687,0.17030727863311768,0.02955852635204792,
14,11779,0.1626519411802292,0.155015766620636,0.025453908368945122,
14,11789,0.05161156505346298,0.03961895778775215,0.039975356310606,
14,11799,0.1355229914188385,0.1304704248905182,0.016841871663928032,
14,11809,0.026464875787496567,0.016935672610998154,0.03176400810480118,
14,11819,0.024090390652418137,0.01269521377980709,0.03798392042517662,
14,11829,0.13265204429626465,0.11902745813131332,0.04541525989770889,
14,11839,0.1088634803891182,0.09346303343772888,0.05133482441306114,
14,11849,0.19966809451580048,0.18880058825016022,0.03622503951191902,
14,11859,0.013960840180516243,0.009332732297480106,0.015427024103701115,
14,11869,0.018721191212534904,0.010486248880624771,0.027449805289506912,
14,11879,0.05291745811700821,0.04518493637442589,0.02577507682144642,
14,11889,0.23289209604263306,0.22383812069892883,0.030179928988218307,
14,11899,0.01479063555598259,0.009849254041910172,0.016471270471811295,
14,11909,0.022338945418596268,0.012612542137503624,0.03242134302854538,
14,11919,0.048698052763938904,0.03604806587100029,0.04216662049293518,
14,11929,0.16157299280166626,0.15119510889053345,0.03459292650222778,
14,11939,0.16419339179992676,0.14991721510887146,0.047587234526872635,
14,11949,0.034213997423648834,0.029517151415348053,0.015656154602766037,
14,11959,0.042021263390779495,0.03466636314988136,0.024516336619853973,
14,11969,0.019555244594812393,0.012754188850522041,0.022670187056064606,
14,11979,0.043680112808942795,0.03129572421312332,0.04128129035234451,
14,11989,0.039008330553770065,0.026684021577239037,0.041081029921770096,
14,11999,0.11586420238018036,0.10038649290800095,0.05159236490726471,
14,12009,0.08398162573575974,0.07458245754241943,0.03133055195212364,
14,12019,0.066792793571949,0.05334945768117905,0.04481111466884613,
14,12029,0.027590740472078323,0.017428699880838394,0.03387346863746643,
14,12039,0.22017055749893188,0.21406301856040955,0.02035844698548317,
14,12049,0.11018304526805878,0.10211919993162155,0.02687949128448963,
14,12059,0.010650521144270897,0.005727797280997038,0.01640908047556877,
14,12069,0.03138408437371254,0.02399379201233387,0.024634307250380516,
14,12079,0.03209257498383522,0.027261633425951004,0.016103139147162437,
14,12089,0.014851273968815804,0.012323609553277493,0.008425546810030937,
14,12099,0.014538824558258057,0.00676670391112566,0.025907065719366074,
14,12109,0.16186165809631348,0.14978067576885223,0.04026992246508598,
14,12119,0.1288660317659378,0.1190236359834671,0.032808005809783936,
14,12129,0.04064449667930603,0.030166510492563248,0.03492661193013191,
14,12139,0.052883509546518326,0.046726297587156296,0.020524034276604652,
14,12149,0.05929090455174446,0.04010654240846634,0.06394787132740021,
14,12159,0.019315117970108986,0.00634277006611228,0.04324115812778473,
14,12169,0.274223268032074,0.2647501230239868,0.03157718479633331,
14,12179,0.04732381924986839,0.04194117709994316,0.017942143604159355,
14,12189,0.0232387688010931,0.017466682940721512,0.019240286201238632,
14,12199,0.15477246046066284,0.14752237498760223,0.024166954681277275,
14,12209,0.020492292940616608,0.008978363126516342,0.03837976232171059,
14,12219,0.037228479981422424,0.03328792005777359,0.013135198503732681,
14,12229,0.31694167852401733,0.3069160580635071,0.0334186926484108,
14,12239,0.015297440811991692,0.012361153960227966,0.009787621907889843,
14,12249,0.07110115140676498,0.0654301643371582,0.01890328899025917,
14,12259,0.01941383257508278,0.014076863415539265,0.017789896577596664,
14,12269,0.07003654539585114,0.06193830817937851,0.026994122192263603,
14,12279,0.008956744335591793,0.003177215810865164,0.01926509477198124,
14,12289,0.10913895815610886,0.09552989155054092,0.045363545417785645,
14,12299,0.2382470965385437,0.22442752122879028,0.04606526717543602,
14,12309,0.0445588156580925,0.032641325145959854,0.039724960923194885,
14,12319,0.03100523352622986,0.020069004967808723,0.03645409271121025,
14,12329,0.13811351358890533,0.13289740681648254,0.01738702319562435,
14,12339,0.027651092037558556,0.022641628980636597,0.016698211431503296,
14,12349,0.07179679721593857,0.06747647374868393,0.014401069842278957,
14,12359,0.04790337011218071,0.03960262984037399,0.027669135481119156,
14,12369,0.058576006442308426,0.05329379439353943,0.017607370391488075,
14,12379,0.014165990054607391,0.006160615477710962,0.026684578508138657,
14,12389,0.015835266560316086,0.011793342418968678,0.013473077677190304,
14,12389,,,,0.9530608654022217
15,12399,0.025860462337732315,0.020486369729042053,0.01791364513337612,
15,12409,0.014116311445832253,0.009058264084160328,0.016860155388712883,
15,12419,0.029531830921769142,0.02279037982225418,0.02247150056064129,
15,12429,0.14187072217464447,0.13094080984592438,0.03643305227160454,
15,12439,0.021793842315673828,0.015899233520030975,0.01964869722723961,
15,12449,0.021066224202513695,0.012874535284936428,0.02730562910437584,
15,12459,0.04773809015750885,0.04514188691973686,0.008654010482132435,
15,12469,0.01637827605009079,0.005880488082766533,0.034992627799510956,
15,12479,0.021851934492588043,0.01571006514132023,0.020472899079322815,
15,12489,0.024120261892676353,0.013497207313776016,0.03541018068790436,
15,12499,0.014493685215711594,0.0063183847814798355,0.027251001447439194,
15,12509,0.1512092500925064,0.14326046407222748,0.026495961472392082,
15,12519,0.01728074811398983,0.010484082624316216,0.022655552253127098,
15,12529,0.0321212038397789,0.025563832372426987,0.02185790054500103,
15,12539,0.020681502297520638,0.015742158517241478,0.01646447740495205,
15,12549,0.06264172494411469,0.05323629081249237,0.03135143592953682,
15,12559,0.017714878544211388,0.00819682888686657,0.03172682970762253,
15,12569,0.1045500636100769,0.09781043231487274,0.02246544137597084,
15,12579,0.01797240972518921,0.01241469569504261,0.018525710329413414,
15,12589,0.05171709135174751,0.04479660093784332,0.023068305104970932,
15,12599,0.13985462486743927,0.13097220659255981,0.02960807830095291,
15,12609,0.019208522513508797,0.010600374080240726,0.028693826869130135,
15,12619,0.06227106228470802,0.05785202234983444,0.01473013311624527,
15,12629,0.1309756487607956,0.11371535062789917,0.057534340769052505,
15,12639,0.0892425999045372,0.08597491681575775,0.010892285965383053,
15,12649,0.007929799146950245,0.003754131030291319,0.013918893411755562,
15,12659,0.01201331615447998,0.0034263322595506907,0.028623279184103012,
15,12669,0.019126001745462418,0.013349466025829315,0.01925511658191681,
15,12679,0.023303154855966568,0.0174558088183403,0.019491154700517654,
15,12689,0.05398331210017204,0.04630998894572258,0.025577738881111145,
15,12699,0.08661320060491562,0.0802823007106781,0.021103009581565857,
15,12709,0.0531797856092453,0.04243743419647217,0.03580784052610397,
15,12719,0.010019439272582531,0.007689335849136114,0.007767010480165482,
15,12729,0.009071653708815575,0.003560598473995924,0.018370185047388077,
15,12739,0.21246381103992462,0.20388615131378174,0.02859218418598175,
15,12749,0.06045862287282944,0.050211042165756226,0.034158602356910706,
15,12759,0.009535850957036018,0.006755331065505743,0.009268399327993393,
15,12769,0.026343245059251785,0.016396434977650642,0.033156029880046844,
15,12779,0.15550574660301208,0.14722540974617004,0.027601147070527077,
15,12789,0.035185255110263824,0.026932936161756516,0.027507727965712547,
15,12799,0.13809986412525177,0.12683917582035065,0.037535637617111206,
15,12809,0.025441862642765045,0.016211513429880142,0.03076782636344433,
15,12819,0.05586282163858414,0.04748529568314552,0.027925092726945877,
15,12829,0.03620524704456329,0.030107544735074043,0.0203256793320179,
15,12839,0.11764172464609146,0.111524797976017,0.020389754325151443,
15,12849,0.08665896952152252,0.07651121914386749,0.03382583335042,
15,12859,0.031876999884843826,0.023904163390398026,0.026576116681098938,
15,12869,0.018464766442775726,0.009837338700890541,0.0287580955773592,
15,12879,0.01620587706565857,0.007120986469089985,0.030282968655228615,
15,12889,0.009822847321629524,0.0017508063465356827,0.026906801387667656,
15,12899,0.01601688750088215,0.009126381948590279,0.02296834997832775,
15,12909,0.016665734350681305,0.012811095453798771,0.012848795391619205,
15,12919,0.02723189815878868,0.020882122218608856,0.021165920421481133,
15,12929,0.024248436093330383,0.01626541279256344,0.026610080152750015,
15,12939,0.02473662607371807,0.01303116511553526,0.03901820257306099,
15,12949,0.1531967967748642,0.1481950879096985,0.016672376543283463,
15,12959,0.1403915286064148,0.12800385057926178,0.04129224643111229,
15,12969,0.19965118169784546,0.19370386004447937,0.01982441358268261,
15,12979,0.05771487206220627,0.0386558473110199,0.0635300725698471,
15,12989,0.044405966997146606,0.032933928072452545,0.038240134716033936,
15,12999,0.024856628850102425,0.01466771587729454,0.03396304324269295,
15,13009,0.03379710018634796,0.026738308370113373,0.023529306054115295,
15,13019,0.013356147333979607,0.0064564477652311325,0.022998997941613197,
15,13029,0.04623193293809891,0.03822239860892296,0.02669844590127468,
15,13039,0.10014653205871582,0.09101670980453491,0.03043273277580738,
15,13049,0.017389636486768723,0.012733487412333488,0.015520497225224972,
15,13059,0.027200691401958466,0.01808685064315796,0.030379466712474823,
15,13069,0.016891837120056152,0.008402636274695396,0.028297336772084236,
15,13079,0.14476943016052246,0.13225436210632324,0.04171690717339516,
15,13089,0.02172607183456421,0.01590539887547493,0.019402243196964264,
15,13099,0.09622038155794144,0.08901096880435944,0.0240313857793808,
15,13109,0.051404114812612534,0.04077167809009552,0.03544145077466965,
15,13119,0.043137334287166595,0.04000277444720268,0.010448538698256016,
15,13129,0.027179475873708725,0.020239893347024918,0.023131944239139557,
15,13139,0.012825114652514458,0.007499679923057556,0.017751449719071388,
15,13149,0.5359646081924438,0.5253540873527527,0.035368409007787704,
15,13159,0.03841082379221916,0.034950774163007736,0.011533498764038086,
15,13169,0.1500999629497528,0.13217872381210327,0.05973747745156288,
15,13179,0.03572668507695198,0.01990145817399025,0.05275075510144234,
15,13189,0.022503100335597992,0.015647055581212044,0.022853480651974678,
15,13199,0.06386266648769379,0.054913051426410675,0.029832052066922188,
15,13209,0.023375725373625755,0.019957393407821655,0.011394437402486801,
15,13215,,,,0.9534158706665039
16,13219,0.015231603756546974,0.007356636226177216,0.02624989114701748,
16,13229,0.1566402018070221,0.14787912368774414,0.02920358069241047,
16,13239,0.023222189396619797,0.011990994215011597,0.0374373123049736,
16,13249,0.05954708158969879,0.050974972546100616,0.028573697432875633,
16,13259,0.01880268007516861,0.007477601524442434,0.03775026276707649,
16,13269,0.024117009714245796,0.01445753127336502,0.032198261469602585,
16,13279,0.05997081845998764,0.04844788461923599,0.038409776985645294,
16,13289,0.0980151817202568,0.09482340514659882,0.010639259591698647,
16,13299,0.05267181620001793,0.042437657713890076,0.03411386162042618,
16,13309,0.0351986438035965,0.0319208987057209,0.010925812646746635,
16,13319,0.02968013286590576,0.02667303942143917,0.01002364233136177,
16,13329,0.1006891280412674,0.09155423939228058,0.03044961392879486,
16,13339,0.13078033924102783,0.1255011409521103,0.017597340047359467,
16,13349,0.05342252552509308,0.04203783720731735,0.03794895485043526,
16,13359,0.03259051963686943,0.02548498474061489,0.023685112595558167,
16,13369,0.023114684969186783,0.01684516854584217,0.02089838497340679,
16,13379,0.01895003952085972,0.00967671349644661,0.03091108426451683,
16,13389,0.016504639759659767,0.009821264073252678,0.022277917712926865,
16,13399,0.016156405210494995,0.011369768530130386,0.015955455601215363,
16,13409,0.16361473500728607,0.14997869729995728,0.04545346647500992,
16,13419,0.038545623421669006,0.0320717990398407,0.02157941460609436,
16,13429,0.03185645118355751,0.02709323912858963,0.0158773735165596,
16,13439,0.023189041763544083,0.01708344556391239,0.020351989194750786,
16,13449,0.019002579152584076,0.006906797643750906,0.04031927138566971,
16,13459,0.16612282395362854,0.16155412793159485,0.01522900816053152,
16,13469,0.1033225804567337,0.09767135977745056,0.01883741095662117,
16,13479,0.13063469529151917,0.12719173729419708,0.011476550251245499,
16,13489,0.052462175488471985,0.04726206138730049,0.01733371987938881,
16,13499,0.05586538463830948,0.04942180961370468,0.02147858589887619,
16,13509,0.08004359155893326,0.07277918606996536,0.02421468310058117,
16,13519,0.03805876523256302,0.029084574431180954,0.029913974925875664,
16,13529,0.10251614451408386,0.09396408498287201,0.028506867587566376,
16,13539,0.2183205783367157,0.2108834683895111,0.024790389463305473,
16,13549,0.013636250980198383,0.0075559914112091064,0.020267531275749207,
16,13559,0.1227734386920929,0.11390058696269989,0.029576178640127182,
16,13569,0.015141581185162067,0.010975057259202003,0.013888412155210972,
16,13579,0.04572518542408943,0.03917369991540909,0.02183828502893448,
16,13589,0.029366247355937958,0.021986547857522964,0.024598998948931694,
16,13599,0.2120121419429779,0.19376973807811737,0.060808029025793076,
16,13609,0.1492519974708557,0.13623929023742676,0.04337569698691368,
16,13619,0.04249083995819092,0.034780748188495636,0.02570030279457569,
16,13629,0.021334940567612648,0.015015820041298866,0.021063733845949173,
16,13639,0.06346036493778229,0.05556485056877136,0.026318369433283806,
16,13649,0.04039611294865608,0.03444794937968254,0.019827207550406456,
16,13659,0.05879245698451996,0.051935091614723206,0.02285788767039776,
16,13669,0.14680740237236023,0.13934917747974396,0.02486075833439827,
16,13679,0.02549014613032341,0.012421894818544388,0.04356083646416664,
16,13689,0.01372506283223629,0.006366948131471872,0.02452704682946205,
16,13699,0.22461417317390442,0.22218772768974304,0.008088133297860622,
16,13709,0.07912108302116394,0.07247968018054962,0.022138014435768127,
16,13719,0.01770872250199318,0.01085047610104084,0.022860823199152946,
16,13729,0.027859743684530258,0.0160980224609375,0.03920573741197586,
16,13739,0.01572263240814209,0.0059547992423176765,0.03255944699048996,
16,13749,0.3180789649486542,0.3044975697994232,0.045271314680576324,
16,13759,0.21907150745391846,0.21349351108074188,0.018593309447169304,
16,13769,0.023329026997089386,0.013321740552783012,0.033357616513967514,
16,13779,0.019635597243905067,0.008272248320281506,0.037877827882766724,
16,13789,0.03922630846500397,0.031221413984894753,0.026682976633310318,
16,13799,0.17822541296482086,0.17215028405189514,0.02025042660534382,
16,13809,0.03399139642715454,0.027533743530511856,0.021525511518120766,
16,13819,0.05732042342424393,0.047494128346443176,0.032754313200712204,
16,13829,0.0434073843061924,0.03549905866384506,0.02636108361184597,
16,13839,0.024062901735305786,0.013699376955628395,0.03454507887363434,
16,13849,0.06413540989160538,0.05650702118873596,0.025427961722016335,
16,13859,0.02009594812989235,0.010170268826186657,0.033085595816373825,
16,13869,0.017161041498184204,0.010830391198396683,0.021102167665958405,
16,13879,0.01851888746023178,0.014413641765713692,0.013684154488146305,
16,13889,0.023333340883255005,0.010800270363688469,0.04177689552307129,
16,13899,0.027378130704164505,0.023686356842517853,0.012305915355682373,
16,13909,0.298954576253891,0.29265573620796204,0.02099614031612873,
16,13919,0.09728140383958817,0.09026696532964706,0.023381458595395088,
16,13929,0.05218413472175598,0.04263988882303238,0.031814154237508774,
16,13939,0.04596254974603653,0.0353536382317543,0.035363029688596725,
16,13949,0.0830351784825325,0.07191737741231918,0.03705933690071106,
16,13959,0.041794683784246445,0.029901359230279922,0.03964440897107124,
16,13969,0.02437559887766838,0.016362041234970093,0.026711860671639442,
16,13979,0.138269305229187,0.1293272078037262,0.029806964099407196,
16,13989,0.020816445350646973,0.011076951399445534,0.03246498107910156,
16,13999,0.02639000117778778,0.01434624008834362,0.0401458665728569,
16,14009,0.03941648453474045,0.024934088811278343,0.048274654895067215,
16,14019,0.11932644993066788,0.10797696560621262,0.03783160448074341,
16,14029,0.1222371757030487,0.11073029041290283,0.03835628554224968,
16,14039,0.1474422812461853,0.1356678158044815,0.039248209446668625,
16,14041,,,,0.9546654224395752
17,14049,0.13095450401306152,0.12504416704177856,0.019701097160577774,
17,14059,0.05152888968586922,0.04515243321657181,0.021254856139421463,
17,14069,0.020409725606441498,0.015397646464407444,0.016706928610801697,
17,14079,0.024087967351078987,0.015345466323196888,0.02914167009294033,
17,14089,0.017587104812264442,0.009640786796808243,0.026487726718187332,
17,14099,0.06886658072471619,0.054252758622169495,0.04871274158358574,
17,14109,0.10296929627656937,0.09852878749370575,0.014801702462136745,
17,14119,0.021067500114440918,0.017878374084830284,0.010630421340465546,
17,14129,0.11896021664142609,0.11637535691261292,0.008616188541054726,
17,14139,0.02119334042072296,0.01528125163167715,0.01970696449279785,
17,14149,0.1822141706943512,0.16619892418384552,0.05338415130972862,
17,14159,0.016157574951648712,0.005036981776356697,0.037068646401166916,
17,14169,0.02249819040298462,0.014137539081275463,0.027868840843439102,
17,14179,0.09501417726278305,0.08913806825876236,0.019587017595767975,
17,14189,0.0490105077624321,0.03985577076673508,0.03051578439772129,
17,14199,0.032817382365465164,0.029188215732574463,0.012097222730517387,
17,14209,0.016057126224040985,0.009936843067407608,0.020400941371917725,
17,14219,0.0597924068570137,0.05313434824347496,0.022193530574440956,
17,14229,0.05686689913272858,0.048884473741054535,0.02660808339715004,
17,14239,0.02699125185608864,0.024450162425637245,0.00847029872238636,
17,14249,0.023828357458114624,0.01400566753000021,0.03274230286478996,
17,14259,0.18625938892364502,0.1760372817516327,0.034073710441589355,
17,14269,0.07821328938007355,0.0734749436378479,0.015794476494193077,
17,14279,0.059219397604465485,0.05322684720158577,0.019975172355771065,
17,14289,0.006837551016360521,0.004202460870146751,0.008783633820712566,
17,14299,0.0334625169634819,0.02544468455016613,0.026726100593805313,
17,14309,0.020012322813272476,0.010925957933068275,0.030287886038422585,
17,14319,0.04218611121177673,0.03615367040038109,0.02010812982916832,
17,14329,0.043637245893478394,0.03200461342930794,0.03877544403076172,
17,14339,0.0157223641872406,0.012078160420060158,0.012147346511483192,
17,14349,0.2065885365009308,0.19588565826416016,0.03567628189921379,
17,14359,0.02905157208442688,0.01611238531768322,0.04313062131404877,
17,14369,0.06250058859586716,0.05374811589717865,0.029174908995628357,
17,14379,0.05517059564590454,0.044981081038713455,0.03396504744887352,
17,14389,0.016286807134747505,0.011706692166626453,0.01526704989373684,
17,14399,0.04620099812746048,0.03517432138323784,0.03675558790564537,
17,14409,0.045534271746873856,0.03676935285329819,0.029216397553682327,
17,14419,0.05066857114434242,0.03554154559969902,0.05042341351509094,
17,14429,0.029139265418052673,0.019789453595876694,0.031166041269898415,
17,14439,0.03778867796063423,0.031988080590963364,0.019335325807332993,
17,14449,0.03906263783574104,0.031108159571886063,0.026514925062656403,
17,14459,0.05590600520372391,0.05074353516101837,0.017208226025104523,
17,14469,0.014642270281910896,0.0071059768088161945,0.025120975449681282,
17,14479,0.10916166752576828,0.10818251967430115,0.0032638146076351404,
17,14489,0.028633488342165947,0.01919555477797985,0.03145977854728699,
17,14499,0.08462324738502502,0.07968778163194656,0.016451558098196983,
17,14509,0.049313224852085114,0.04395440220832825,0.01786273717880249,
17,14519,0.02118954062461853,0.011998219415545464,0.03063773736357689,
17,14529,0.16974040865898132,0.15671388804912567,0.043421752750873566,
17,14539,0.14201095700263977,0.13777844607830048,0.014108390547335148,
17,14549,0.06364899128675461,0.057318661361932755,0.021101100370287895,
17,14559,0.02152537927031517,0.01435173861682415,0.023912137374281883,
17,14569,0.018658000975847244,0.012693323194980621,0.019882259890437126,
17,14579,0.04527154564857483,0.03890090808272362,0.021235452964901924,
17,14589,0.056951165199279785,0.0464317612349987,0.035064686089754105,
17,14599,0.021322038024663925,0.009884665720164776,0.03812456876039505,
17,14609,0.022503873333334923,0.015258516184985638,0.024151189252734184,
17,14619,0.05216945707798004,0.04194013774394989,0.03409773111343384,
17,14629,0.0192259531468153,0.015139608643949032,0.013621145859360695,
17,14639,0.01552184484899044,0.006702817045152187,0.02939675748348236,
17,14649,0.1891496628522873,0.18292485177516937,0.020749349147081375,
17,14659,0.17558827996253967,0.1703549176454544,0.017444560304284096,
17,14669,0.03632520139217377,0.03298390284180641,0.01113766711205244,
17,14679,0.1344580203294754,0.12643657624721527,0.026738151907920837,
17,14689,0.014451578259468079,0.010906808078289032,0.011815899051725864,
17,14699,0.014434042386710644,0.008712656795978546,0.01907128468155861,
17,14709,0.017280839383602142,0.013498315587639809,0.012608409859240055,
17,14719,0.07107525318861008,0.06714575737714767,0.013098327443003654,
17,14729,0.05023784190416336,0.047001346945762634,0.01078831497579813,
17,14739,0.10948219895362854,0.10319945216178894,0.020942479372024536,
17,14749,0.1519457846879959,0.14888454973697662,0.010204130783677101,
17,14759,0.017316486686468124,0.011902912519872189,0.018045244738459587,
17,14769,0.2886596918106079,0.28558945655822754,0.010234100744128227,
17,14779,0.11583813279867172,0.10742753744125366,0.028035318478941917,
17,14789,0.08405187726020813,0.07610858976840973,0.026477618142962456,
17,14799,0.11237914115190506,0.1066732257604599,0.019019722938537598,
17,14809,0.1909763365983963,0.18581844866275787,0.017192978411912918,
17,14819,0.02273733541369438,0.017566855996847153,0.01723492704331875,
17,14829,0.052636127918958664,0.04534747451543808,0.024295508861541748,
17,14839,0.024794213473796844,0.01902398094534874,0.019234104081988335,
17,14849,0.013746218755841255,0.007826034910976887,0.019733944907784462,
17,14859,0.016643116250634193,0.012723904103040695,0.013064038939774036,
17,14867,,,,0.9548861980438232
18,14869,0.03562038764357567,0.02823467366397381,0.024619048461318016,
18,14879,0.028577448800206184,0.021592114120721817,0.02328444831073284,
18,14889,0.017295412719249725,0.010928644798696041,0.02122255600988865,
18,14899,0.016388017684221268,0.012780128046870232,0.01202629879117012,
18,14909,0.013713520020246506,0.007927041500806808,0.019288262352347374,
18,14919,0.011225108057260513,0.005318495444953442,0.01968870870769024,
18,14929,0.019558139145374298,0.014097729697823524,0.01820136420428753,
18,14939,0.03147526830434799,0.02914656326174736,0.007762355729937553,
18,14949,0.17734603583812714,0.15797382593154907,0.06457401812076569,
18,14959,0.18888865411281586,0.18152733147144318,0.02453772723674774,
18,14969,0.019220169633626938,0.013503698632121086,0.019054898992180824,
18,14979,0.0575420968234539,0.05119570344686508,0.021154647693037987,
18,14989,0.018978504464030266,0.0068305665627121925,0.04049312323331833,
18,14999,0.02514268085360527,0.021580152213573456,0.01187509298324585,
18,15009,0.03282591700553894,0.02908121980726719,0.012482318095862865,
18,15019,0.023611340671777725,0.018745452165603638,0.016219627112150192,
18,15029,0.14124397933483124,0.12894931435585022,0.04098222032189369,
18,15039,0.03742973506450653,0.025612635537981987,0.039390336722135544,
18,15049,0.023721175268292427,0.018377242609858513,0.01781310699880123,
18,15059,0.018452689051628113,0.014294559136033058,0.013860436156392097,
18,15069,0.141469344496727,0.13828130066394806,0.010626789182424545,
18,15079,0.01965348981320858,0.011443655006587505,0.027366114780306816,
18,15089,0.02128789760172367,0.014762701466679573,0.02175065316259861,
18,15099,0.03163225203752518,0.026089781895279884,0.01847490482032299,
18,15109,0.010511832311749458,0.004973254632204771,0.01846192590892315,
18,15119,0.10911466926336288,0.10569895058870316,0.011385738849639893,
18,15129,0.014815080910921097,0.006498668342828751,0.027721373364329338,
18,15139,0.011429745703935623,0.006154319271445274,0.017584756016731262,
18,15149,0.03229774907231331,0.025538885965943336,0.022529540583491325,
18,15159,0.010090671479701996,0.00455630524083972,0.018447887152433395,
18,15169,0.014985152520239353,0.009547220543026924,0.018126439303159714,
18,15179,0.034148313105106354,0.028771759942173958,0.017921850085258484,
18,15189,0.11237139999866486,0.1089690625667572,0.011341122910380363,
18,15199,0.022597800940275192,0.020077304914593697,0.008401650004088879,
18,15209,0.1401398926973343,0.13501201570034027,0.01709292270243168,
18,15219,0.10424555838108063,0.09762168675661087,0.02207956649363041,
18,15229,0.10312069207429886,0.09581190347671509,0.024362629279494286,
18,15239,0.04955697059631348,0.046152226626873016,0.011349146254360676,
18,15249,0.02747563272714615,0.022936098277568817,0.015131784602999687,
18,15259,0.0220661461353302,0.018818674609065056,0.010824905708432198,
18,15269,0.07204369455575943,0.061036817729473114,0.03668958693742752,
18,15279,0.23961366713047028,0.227095827460289,0.041726142168045044,
18,15289,0.17412470281124115,0.1693533957004547,0.015904374420642853,
18,15299,0.010528442449867725,0.005995886400341988,0.015108519233763218,
18,15309,0.01482641976326704,0.007400329224765301,0.0247536338865757,
18,15319,0.12824870645999908,0.12296514213085175,0.017611859366297722,
18,15329,0.006743242964148521,0.0055999355390667915,0.0038110255263745785,
18,15339,0.12017874419689178,0.11518684029579163,0.01663968898355961,
18,15349,0.0369696319103241,0.032587114721536636,0.014608388766646385,
18,15359,0.08874011784791946,0.08420215547084808,0.01512653473764658,
18,15369,0.10481845587491989,0.09803751856088638,0.02260313183069229,
18,15379,0.0268230140209198,0.021067993715405464,0.01918339729309082,
18,15389,0.012196891941130161,0.00847652181982994,0.012401232495903969,
18,15399,0.01776650734245777,0.012266036123037338,0.018334904685616493,
18,15409,0.010856679640710354,0.004270446021109819,0.021954111754894257,
18,15419,0.13811717927455902,0.13047364354133606,0.02547844685614109,
18,15429,0.0843464732170105,0.07498269528150558,0.031212590634822845,
18,15439,0.0651450976729393,0.060013700276613235,0.017104655504226685,
18,15449,0.04780782759189606,0.038609832525253296,0.030659984797239304,
18,15459,0.17711900174617767,0.16971048712730408,0.024695051833987236,
18,15469,0.07123421877622604,0.0661785677075386,0.01685217395424843,
18,15479,0.015441402792930603,0.009716657921671867,0.019082481041550636,
18,15489,0.12426763027906418,0.1196916252374649,0.015253338031470776,
18,15499,0.021741867065429688,0.018922504037618637,0.009397873654961586,
18,15509,0.260217547416687,0.2510899305343628,0.030425412580370903,
18,15519,0.033656492829322815,0.02974589541554451,0.013035318814218044,
18,15529,0.1647997945547104,0.1602587252855301,0.015136873349547386,
18,15539,0.030249107629060745,0.02228471450507641,0.026547977700829506,
18,15549,0.009367573074996471,0.0070003969594836235,0.007890586741268635,
18,15559,0.1342296302318573,0.13279779255390167,0.004772802349179983,
18,15569,0.009470777586102486,0.0031181531958281994,0.021175412461161613,
18,15579,0.016632089391350746,0.004014373291283846,0.04205905273556709,
18,15589,0.09044917672872543,0.07903675734996796,0.03804139420390129,
18,15599,0.09319516271352768,0.0867086872458458,0.0216215793043375,
18,15609,0.02994188666343689,0.017471663653850555,0.04156741127371788,
18,15619,0.025843724608421326,0.020881466567516327,0.01654086261987686,
18,15629,0.017407769337296486,0.01024535670876503,0.023874705657362938,
18,15639,0.029453584924340248,0.024832265451550484,0.015404395759105682,
18,15649,0.19579404592514038,0.1924324929714203,0.011205198243260384,
18,15659,0.03350142762064934,0.024930547922849655,0.028569597750902176,
18,15669,0.11312010884284973,0.10855783522129059,0.015207587741315365,
18,15679,0.056817129254341125,0.04985519498586655,0.02320644073188305,
18,15689,0.13048937916755676,0.125387504696846,0.01700625568628311,
18,15693,,,,0.9554250836372375
19,15699,0.011198055930435658,0.008935512974858284,0.007541809231042862,
19,15709,0.011266743764281273,0.00688145961612463,0.014617613516747952,
19,15719,0.09278454631567001,0.08503077924251556,0.025845881551504135,
19,15729,0.030182383954524994,0.021673735231161118,0.02836216241121292,
19,15739,0.10007113963365555,0.09242577850818634,0.025484539568424225,
19,15749,0.019059255719184875,0.014464149251580238,0.015317023731768131,
19,15759,0.047179821878671646,0.04005368426442146,0.02375379577279091,
19,15769,0.02061985246837139,0.017085613682866096,0.011780794709920883,
19,15779,0.05600409209728241,0.045394983142614365,0.03536368906497955,
19,15789,0.010664446279406548,0.005425986833870411,0.01746153086423874,
19,15799,0.040111515671014786,0.02761109545826912,0.04166806489229202,
19,15809,0.04168052226305008,0.03715809807181358,0.015074748545885086,
19,15819,0.03383554145693779,0.025868169963359833,0.026557905599474907,
19,15829,0.019392648711800575,0.01582660898566246,0.011886796914041042,
19,15839,0.040530089288949966,0.03287373483181,0.025521183386445045,
19,15849,0.025886468589305878,0.016199149191379547,0.03229106217622757,
19,15859,0.13246622681617737,0.12760721147060394,0.016196710988879204,
19,15869,0.01784628815948963,0.013293502852320671,0.015175951644778252,
19,15879,0.03094087541103363,0.01927120052278042,0.03889891132712364,
19,15889,0.050127290189266205,0.025891374796628952,0.08078637719154358,
19,15899,0.017996180802583694,0.010710420086979866,0.02428586781024933,
19,15909,0.023962300270795822,0.011357121169567108,0.04201726242899895,
19,15919,0.012223543599247932,0.006135564297437668,0.020293261855840683,
19,15929,0.011622878722846508,0.00978882610797882,0.006113508250564337,
19,15939,0.008732985705137253,0.005598785355687141,0.010447332635521889,
19,15949,0.014652644284069538,0.012199940159916878,0.008175680413842201,
19,15959,0.14031599462032318,0.1177772730588913,0.07512906938791275,
19,15969,0.015393273904919624,0.010291004553437233,0.01700756512582302,
19,15979,0.016320865601301193,0.013388939201831818,0.009773085825145245,
19,15989,0.013629934750497341,0.007593873422592878,0.020120203495025635,
19,15999,0.028359336778521538,0.02547035738825798,0.009629933163523674,
19,16009,0.03389867767691612,0.02640436589717865,0.024981040507555008,
19,16019,0.13555631041526794,0.1270574927330017,0.028329385444521904,
19,16029,0.01589110493659973,0.011040696874260902,0.016168028116226196,
19,16039,0.06351665407419205,0.058914754539728165,0.015339670702815056,
19,16049,0.033391255885362625,0.030039966106414795,0.011170962825417519,
19,16059,0.03741378337144852,0.032646745443344116,0.015890128910541534,
19,16069,0.0978313758969307,0.09162905067205429,0.020674413070082664,
19,16079,0.021892715245485306,0.011063968762755394,0.03609582036733627,
19,16089,0.013528022915124893,0.005129215773195028,0.027996020391583443,
19,16099,0.014139117673039436,0.009921862743794918,0.014057515189051628,
19,16109,0.03217927739024162,0.025978535413742065,0.020669136196374893,
19,16119,0.05885865166783333,0.04894457384943962,0.03304692357778549,
19,16129,0.008949771523475647,0.004742333199828863,0.014024792239069939,
19,16139,0.12063584476709366,0.11681656539440155,0.01273092720657587,
19,16149,0.25114700198173523,0.2464035451412201,0.015811510384082794,
19,16159,0.02326836995780468,0.012743170373141766,0.03508399799466133,
19,16169,0.0577801875770092,0.05311212316155434,0.015560217201709747,
19,16179,0.05137898027896881,0.044582899659872055,0.022653603926301003,
19,16189,0.03786155954003334,0.031462911516427994,0.02132883109152317,
19,16199,0.015744023025035858,0.012620008550584316,0.010413378477096558,
19,16209,0.01435814332216978,0.00868938397616148,0.018895864486694336,
19,16219,0.05349448695778847,0.04974878951907158,0.012485655955970287,
19,16229,0.008733022958040237,0.0045321485958993435,0.014002912677824497,
19,16239,0.04553232342004776,0.005308563355356455,0.1340791881084442,
19,16249,0.11322620511054993,0.10819729417562485,0.01676304079592228,
19,16259,0.1432313770055771,0.1384328454732895,0.01599510945379734,
19,16269,0.014389201998710632,0.00831560604274273,0.020245321094989777,
19,16279,0.07436180114746094,0.06996822357177734,0.014645270071923733,
19,16289,0.06877738237380981,0.06368813663721085,0.01696416176855564,
19,16299,0.019782548770308495,0.016805145889520645,0.009924675337970257,
19,16309,0.08815164119005203,0.08400806039571762,0.013811932876706123,
19,16319,0.17568261921405792,0.17034029960632324,0.017807750031352043,
19,16329,0.05962146073579788,0.056763045489788055,0.009528045542538166,
19,16339,0.02012709714472294,0.013696490786969662,0.02143535390496254,
19,16349,0.07113319635391235,0.06813342869281769,0.009999214671552181,
19,16359,0.06745024770498276,0.0607641227543354,0.022287076339125633,
19,16369,0.17102870345115662,0.16556450724601746,0.018214011564850807,
19,16379,0.015323007479310036,0.008630994707345963,0.022306708618998528,
19,16389,0.11542236804962158,0.10780879855155945,0.02537856437265873,
19,16399,0.14731357991695404,0.14021368324756622,0.02366630546748638,
19,16409,0.015015732496976852,0.010847946628928185,0.01389261893928051,
19,16419,0.020792342722415924,0.013373805209994316,0.024728454649448395,
19,16429,0.043752361088991165,0.029920905828475952,0.04610484838485718,
19,16439,0.016091102734208107,0.013025607913732529,0.01021831389516592,
19,16449,0.014344239607453346,0.009565787389874458,0.015928173437714577,
19,16459,0.023278167471289635,0.01245623454451561,0.03607310727238655,
19,16469,0.013507748953998089,0.01108921691775322,0.00806177407503128,
19,16479,0.03287522494792938,0.02416398376226425,0.029037468135356903,
19,16489,0.041113436222076416,0.022706596180796623,0.06135612353682518,
19,16499,0.051160603761672974,0.04814600944519043,0.01004865299910307,
19,16509,0.02260400727391243,0.018450036644935608,0.013846569694578648,
19,16519,0.02052893489599228,0.009777750819921494,0.03583728149533272,
19,16519,,,,0.9548097848892212
20,16529,0.016817931085824966,0.013738919049501419,0.010263375006616116,
20,16539,0.12671074271202087,0.12049774080514908,0.02071003057062626,
20,16549,0.01595565676689148,0.012072051875293255,0.012945347465574741,
20,16559,0.02296711690723896,0.015441551804542542,0.025085216388106346,
20,16569,0.07746072113513947,0.07503914833068848,0.008071918040513992,
20,16579,0.011202707886695862,0.007211330346763134,0.013304592110216618,
20,16589,0.008515262976288795,0.004513110034167767,0.013340511359274387,
20,16599,0.027478430420160294,0.01898026652634144,0.028327209874987602,
20,16609,0.008257877081632614,0.003339497372508049,0.01639459654688835,
20,16619,0.010383859276771545,0.007414346560835838,0.009898376651108265,
20,16629,0.030036741867661476,0.025253217667341232,0.015945080667734146,
20,16639,0.021599017083644867,0.013837363570928574,0.02587217651307583,
20,16649,0.17968319356441498,0.1770438402891159,0.008797832764685154,
20,16659,0.011198986321687698,0.008132719434797764,0.010220889002084732,
20,16669,0.016565164551138878,0.012674394994974136,0.012969233095645905,
20,16679,0.05122105032205582,0.03923490270972252,0.039953820407390594,
20,16689,0.05493166297674179,0.0474572516977787,0.024914709851145744,
20,16699,0.1479983627796173,0.13857237994670868,0.03141992166638374,
20,16709,0.013730914331972599,0.004711153917014599,0.03006586804986,
20,16719,0.13696494698524475,0.13128453493118286,0.018934721127152443,
20,16729,0.30449217557907104,0.2965349555015564,0.02652404084801674,
20,16739,0.03997548669576645,0.03520139679312706,0.015913639217615128,
20,16749,0.04308169707655907,0.035053499042987823,0.026760661974549294,
20,16759,0.02739943191409111,0.021600212901830673,0.01933072693645954,
20,16769,0.15745511651039124,0.15121778845787048,0.020791087299585342,
20,16779,0.12591072916984558,0.12095421552658081,0.016521690413355827,
20,16789,0.017084604129195213,0.0112173892557621,0.01955738104879856,
20,16799,0.01890644058585167,0.013173912651836872,0.019108429551124573,
20,16809,0.11147981137037277,0.10578125715255737,0.018995190039277077,
20,16819,0.009143760427832603,0.006713618524372578,0.008100474253296852,
20,16829,0.029948841780424118,0.021968994289636612,0.026599491015076637,
20,16839,0.03282241150736809,0.027546364814043045,0.01758681796491146,
20,16849,0.020032135769724846,0.009807111695408821,0.03408341109752655,
20,16859,0.046243082731962204,0.0398978516459465,0.02115076780319214,
20,16869,0.024288974702358246,0.021532021462917328,0.009189845062792301,
20,16879,0.29241132736206055,0.28054267168045044,0.03956213966012001,
20,16889,0.06394325941801071,0.054747648537158966,0.030652033165097237,
20,16899,0.08933650702238083,0.0775064080953598,0.03943365812301636,
20,16909,0.04627930000424385,0.04190488159656525,0.01458139531314373,
20,16919,0.06183362752199173,0.05257145315408707,0.030873913317918777,
20,16929,0.4132351577281952,0.4122873842716217,0.0031592922750860453,
20,16939,0.1137927994132042,0.10582136362791061,0.02657145820558071,
20,16949,0.009820074774324894,0.006768525578081608,0.010171830654144287,
20,16959,0.032231371849775314,0.026907235383987427,0.017747119069099426,
20,16969,0.026880569756031036,0.015859471634030342,0.03673699125647545,
20,16979,0.015609745867550373,0.0027089735958725214,0.043002571910619736,
20,16989,0.009122949093580246,0.0036285370588302612,0.018314704298973083,
20,16999,0.025338027626276016,0.019879717379808426,0.01819436624646187,
20,17009,0.1405237764120102,0.13848693668842316,0.0067894854582846165,
20,17019,0.015130344778299332,0.0072655389085412025,0.026216017082333565,
20,17029,0.03365384042263031,0.022608516737818718,0.036817748099565506,
20,17039,0.022167861461639404,0.01306142844259739,0.03035477176308632,
20,17049,0.10360842198133469,0.09906970709562302,0.015129053965210915,
20,17059,0.018471384420990944,0.016909832134842873,0.005205176305025816,
20,17069,0.07158901542425156,0.06820804625749588,0.011269896291196346,
20,17079,0.03553661331534386,0.027517355978488922,0.02673085406422615,
20,17089,0.02426176145672798,0.014699502848088741,0.03187419846653938,
20,17099,0.010575339198112488,0.00748186931014061,0.010311565361917019,
20,17109,0.06307139247655869,0.05741739273071289,0.018846673890948296,
20,17119,0.15099850296974182,0.14702092111110687,0.013258599676191807,
20,17129,0.012376399710774422,0.007459939457476139,0.016388198360800743,
20,17139,0.015854042023420334,0.014230480417609215,0.00541187496855855,
20,17149,0.14645570516586304,0.1375756710767746,0.029600128531455994,
20,17159,0.10951989144086838,0.09855936467647552,0.03653508052229881,
20,17169,0.19646817445755005,0.19390596449375153,0.008540710434317589,
20,17179,0.05950583890080452,0.05366438254714012,0.01947152242064476,
20,17189,0.026378631591796875,0.014776018448174,0.038675375282764435,
20,17199,0.008733924478292465,0.003144186455756426,0.01863246038556099,
20,17209,0.012369387783110142,0.010548606514930725,0.006069269496947527,
20,17219,0.042558833956718445,0.03641155734658241,0.02049092762172222,
20,17229,0.029951412230730057,0.017811229452490807,0.040467269718647,
20,17239,0.03709516301751137,0.02953959070146084,0.02518523670732975,
20,17249,0.050359781831502914,0.04587693139910698,0.014942838810384274,
20,17259,0.1138242855668068,0.10565706342458725,0.02722407877445221,
20,17269,0.2216094434261322,0.21909302473068237,0.00838807038962841,
20,17279,0.05736088007688522,0.048040568828582764,0.031067704781889915,
20,17289,0.025897352024912834,0.022817131131887436,0.010267404839396477,
20,17299,0.017861109226942062,0.016015294939279556,0.006152711808681488,
20,17309,0.01438712514936924,0.006120109930634499,0.02755671553313732,
20,17319,0.12230731546878815,0.11576540768146515,0.02180635556578636,
20,17329,0.18961694836616516,0.1835155189037323,0.020338084548711777,
20,17339,0.11508013308048248,0.10814071446657181,0.023131385445594788,
20,17345,,,,0.9567814469337463
