sample_index,ground_truth_label,svm_probability,rf_probability
0,1,0.99909194,0.79250661
1,1,0.9981285,0.51683548
2,1,0.99031752,0.51733118
3,1,0.99023607,0.53097738
4,1,0.8904748,0.55656426
5,1,0.97266083,0.70501543
6,1,0.96021469,0.65321002
7,1,0.89538454,0.39067549
8,1,0.99911416,0.75307902
9,1,0.99705774,0.75861333
10,1,0.88373009,0.64569547
11,1,0.97805557,0.72406693
12,1,0.9695108,0.50900127
13,1,0.91260412,0.4184393
14,1,0.96738271,0.56930182
15,1,0.96916309,0.48311626
16,1,0.99759762,0.6458329
17,1,0.97881182,0.6107523
18,1,0.99377836,0.51090346
19,1,0.96878486,0.55467891
20,1,0.9687789,0.57376288
21,1,0.95342904,0.59417243
22,1,0.50125316,0.38151891
23,1,0.98507725,0.68182478
24,1,0.99804608,0.74313347
25,1,0.99946835,0.70751745
26,1,0.96851903,0.63283369
27,1,0.96851903,0.63283369
28,1,0.96851903,0.63283369
29,1,0.77209773,0.34777067
30,1,0.77209773,0.34777067
31,0,0.05953688,0.32502475
32,1,0.92350927,0.45904655
33,1,0.99988913,0.68193471
34,1,0.99202707,0.70671471
35,1,0.99989925,0.68878544
36,1,0.95971348,0.5912806
37,1,0.99031752,0.51733118
38,1,0.93964024,0.51813693
39,1,0.90936421,0.47550989
40,1,0.9738571,0.76777733
41,0,0.05953688,0.32502475
42,1,0.97089922,0.66976455
43,1,0.9340332,0.64486138
44,1,0.93239285,0.63824638
45,1,0.93239285,0.63824638
46,1,0.99973954,0.71342849
47,1,0.99395265,0.73057854
48,1,0.96466145,0.58764852
49,1,0.98936951,0.62583196
50,1,0.97446506,0.70311799
51,1,0.96214307,0.58171034
52,0,0.06305516,0.33250934
53,1,0.66315843,0.44787703
54,1,0.97957086,0.69843014
55,1,0.9633543,0.52968652
56,1,0.96452713,0.74534834
57,0,0.05953688,0.32502475
58,0,0.07701064,0.23467949
59,0,0.03806594,0.24748035
60,0,0.05219828,0.2373687
61,0,0.06007136,0.20611257
62,0,0.05821156,0.25415741
63,0,0.05219828,0.2373687
64,0,0.04747211,0.2373687
65,1,0.80889061,0.51071542
66,0,0.04958675,0.2373687
67,0,0.0584563,0.23645384
68,0,0.0509823,0.2373687
69,0,0.04005258,0.24764722
70,0,0.06135606,0.2551271
71,0,0.06711721,0.2373687
72,0,0.04959537,0.2373687
73,1,0.98478176,0.46896799
74,1,0.98403225,0.61515642
75,1,0.99747035,0.7486157
76,1,0.96551663,0.51370546
77,1,0.9879828,0.67451474
78,1,0.92350465,0.59868426
79,1,0.99961985,0.72486627
80,1,0.95200095,0.66433281
81,1,0.99883629,0.73128276
82,1,0.98920608,0.72772514
83,1,0.99091353,0.67395789
84,1,0.97169925,0.53332468
85,1,0.99697307,0.65711795
86,1,0.99697307,0.65711795
87,0,0.04159906,0.27734789
88,1,0.96384385,0.58871327
89,1,0.97609675,0.66778485
90,0,0.22425574,0.27734789
91,0,0.06092935,0.22091568
92,0,0.05815231,0.13196377
93,0,0.18147089,0.27734789
94,0,0.05136578,0.2373687
95,0,0.05769139,0.27734789
96,0,0.04290133,0.2356446
97,0,0.06647934,0.2373687
98,1,0.47989392,0.22091568
99,0,0.05136578,0.2373687
100,0,0.05680674,0.22091568
101,0,0.06135606,0.2551271
102,0,0.06175493,0.30611303
103,0,0.0572603,0.2373687
104,0,0.04485086,0.2373687
105,1,0.06135606,0.2551271
106,1,0.9795527,0.61142438
107,1,0.9795527,0.61142438
108,1,0.94210833,0.47729499
109,1,0.84930462,0.43081901
110,1,0.98490206,0.39169171
111,1,0.97973199,0.48802497
112,1,0.96445532,0.6502727
113,1,0.91747446,0.45581454
114,1,0.9981285,0.51683548
115,1,0.96730435,0.57762374
116,1,0.97127915,0.48391724
117,1,0.96471656,0.69984819
118,1,0.98802146,0.48815074
119,1,0.99987678,0.47269459
120,1,0.97724704,0.68264938
121,1,0.99985048,0.73483363
122,1,0.54297694,0.39315268
123,1,0.71290369,0.61267265
124,1,0.98467313,0.60106139
125,1,0.94359768,0.48152989
126,1,0.99162241,0.35422668
127,1,0.94992669,0.56041693
128,1,0.84161857,0.36826406
129,1,0.99270818,0.36469386
130,0,0.05953688,0.32502475
131,0,0.05507699,0.23819394
132,0,0.10764888,0.2494302
133,0,0.02991751,0.25293881
134,1,0.97455624,0.61322458
135,1,0.68323706,0.40150536
136,1,0.99156401,0.52100581
137,0,0.05970531,0.22091568
138,0,0.05769139,0.27734789
139,0,0.02571032,0.24197413
140,1,0.98674552,0.63058045
141,1,0.9941933,0.66130935
142,1,0.98819174,0.51238746
143,0,0.04692332,0.24941352
144,0,0.06705323,0.26505807
145,1,0.98821305,0.54982565
146,1,0.98390431,0.51467677
147,1,0.98158598,0.64947487
148,1,0.95902778,0.71417712
149,1,0.96501532,0.64537213
150,1,0.96589432,0.57867277
151,0,0.0354911,0.30940696
152,1,0.90803578,0.59759515
153,1,0.99099815,0.6935914
154,1,0.99114195,0.60676305
155,1,0.99004527,0.69507307
156,1,0.97305574,0.64407103
157,1,0.50521447,0.38455809
158,1,0.97632866,0.62674235
159,0,0.06111273,0.2551271
160,0,0.04957405,0.2373687
161,0,0.05299944,0.24059403
162,0,0.06135606,0.2551271
163,0,0.16599131,0.23054442
164,0,0.03330388,0.23088687
165,0,0.05953688,0.32502475
166,0,0.05009332,0.22760813
167,0,0.0492258,0.20654027
168,0,0.09371949,0.30395503
169,0,0.06092935,0.22091568
170,0,0.04957678,0.3434004
171,1,0.83856274,0.30942439
172,0,0.05907243,0.16177185
173,0,0.05815231,0.13196377
174,0,0.0619745,0.33737535
175,0,0.05118818,0.23317033
176,0,0.05583988,0.2551271
177,0,0.08667437,0.25351717
178,0,0.01814919,0.24552784
179,1,0.88536164,0.34025472
180,0,0.05821156,0.25415741
181,0,0.04810391,0.26191072
182,0,0.06135606,0.2551271
183,0,0.05507699,0.23819394
184,0,0.05509683,0.23819394
185,0,0.04453189,0.2484274
186,0,0.04665776,0.26191072
187,0,0.05136578,0.2373687
188,0,0.03493994,0.25002591
189,0,0.03799188,0.24597357
190,0,0.06092935,0.22091568
191,0,0.05173874,0.2373687
192,0,0.05299944,0.24059403
193,0,0.05953688,0.32502475
194,0,0.05907243,0.16177185
195,0,0.06135606,0.2551271
196,1,0.89710329,0.39537873
197,0,0.06135606,0.2551271
198,0,0.05445637,0.25415741
199,0,0.05778136,0.23092616
200,0,0.04865398,0.23819394
201,0,0.05821156,0.25415741
202,0,0.05219828,0.2373687
203,0,0.04591461,0.2373687
204,0,0.05003796,0.2373687
205,0,0.02584104,0.24197413
206,0,0.06135606,0.2551271
207,0,0.02454555,0.25025626
208,1,0.97251182,0.62066485
209,0,0.04946406,0.28862595
210,0,0.05433154,0.32403669
211,0,0.04843116,0.32742811
212,0,0.03544944,0.2373687
213,0,0.04653868,0.23317033
214,0,0.05708376,0.28129513
215,0,0.05013748,0.2373687
216,0,0.06092935,0.22091568
217,0,0.02301984,0.23029502
218,0,0.03721618,0.24239517
219,0,0.06860255,0.31044237
220,1,0.93984031,0.57584229
221,0,0.05953688,0.32502475
222,0,0.14666775,0.25415741
223,0,0.14452339,0.25415741
224,0,0.04787889,0.24755429
225,0,0.04959438,0.23039753
226,0,0.05238733,0.32943752
227,0,0.06092935,0.22091568
228,0,0.05020371,0.16155135
229,0,0.06503944,0.23819394
230,0,0.05219828,0.2373687
231,0,0.05209443,0.25415741
232,0,0.05351855,0.25415741
233,0,0.05821156,0.25415741
234,0,0.0505512,0.23092616
235,0,0.06135606,0.2551271
236,0,0.03315583,0.22091568
237,0,0.05398902,0.22091568
238,0,0.07333242,0.33511188
239,0,0.03544259,0.27168504
240,1,0.90664203,0.31898025
241,1,0.97528125,0.66507666
242,1,0.92615497,0.48711798
243,1,0.99782128,0.60108853
244,1,0.68195802,0.31882474
245,1,0.9092398,0.56670275
246,1,0.90186354,0.41307139
247,1,0.82578334,0.43221554
248,1,0.88445276,0.30111356
249,1,0.97667935,0.4781924
250,1,0.98360757,0.54094366
251,1,0.99888219,0.6524572
252,1,0.9765015,0.54599391
253,1,0.93823908,0.49496623
254,0,0.05392757,0.25415741
255,0,0.06175493,0.30611303
256,0,0.03495477,0.25002591
257,1,0.04483254,0.27782482
258,0,0.05953688,0.32502475
259,0,0.02762895,0.25415741
260,0,0.05524259,0.30086735
261,0,0.06305235,0.32742811
262,1,0.75634004,0.48673893
263,1,0.99748508,0.58697952
264,1,0.97584821,0.59797892
265,1,0.97119975,0.62044447
266,1,0.99177029,0.66399441
267,1,0.99115793,0.64708622
268,1,0.14328923,0.44958519
269,1,0.96244799,0.65989864
270,1,0.98814949,0.54458108
271,1,0.8848449,0.35267484
272,1,0.94124616,0.57544563
273,1,0.96895051,0.55883235
274,1,0.99451254,0.49687479
275,1,0.95682666,0.51672795
276,1,0.92822604,0.45308046
277,0,0.05036211,0.25415741
278,0,0.05524259,0.30086735
279,0,0.17474975,0.32502475
280,0,0.05953688,0.32502475
281,1,0.05524259,0.30086735
282,0,0.05471742,0.25415741
283,1,0.9024569,0.38906284
284,1,0.95899026,0.53002951
285,0,0.07641066,0.32502475
286,0,0.05953688,0.32502475
287,0,0.03493994,0.25002591
288,0,0.04244941,0.32227812
289,0,0.05371003,0.31675454
290,0,0.0561007,0.30611303
291,0,0.04331835,0.31483964
292,0,0.19769938,0.25415741
293,0,0.05394384,0.25415741
294,0,0.06744673,0.32502475
295,0,0.06662538,0.30611303
296,0,0.05394384,0.25415741
297,0,0.05953688,0.32502475
298,0,0.09371949,0.30395503
299,0,0.06615687,0.30210267
300,0,0.09371949,0.30395503
301,0,0.03493994,0.25002591
302,0,0.05821156,0.25415741
303,0,0.03493994,0.25002591
304,1,0.97918536,0.64062868
305,0,0.05524259,0.30086735
306,0,0.05875216,0.31675454
307,0,0.06305516,0.33250934
308,1,0.97296057,0.51761683
309,1,0.05524259,0.30086735
310,1,0.87789144,0.34422355
311,0,0.0268519,0.25415741
312,0,0.14666775,0.25415741
313,0,0.05953688,0.32502475
314,0,0.05532208,0.32502475
315,0,0.00982908,0.32502475
316,0,0.05953238,0.32502475
317,0,0.0890576,0.25415741
318,0,0.05953688,0.32502475
319,0,0.03493994,0.25002591
320,0,0.06305235,0.32742811
321,0,0.0591655,0.32502475
322,0,0.05370948,0.32502475
323,0,0.05775354,0.32502475
324,0,0.05959872,0.32502475
325,0,0.05821156,0.25415741
326,0,0.0743564,0.25002591
327,0,0.08239233,0.32502475
328,1,0.9003762,0.49211713
329,0,0.03495579,0.25002591
330,0,0.58827337,0.3737205
331,0,0.03493474,0.25002591
332,0,0.03493474,0.25002591
333,0,0.03478534,0.31549487
334,0,0.05821156,0.25415741
335,0,0.05821156,0.25415741
336,0,0.03493994,0.25002591
337,0,0.05154066,0.30611303
338,0,0.11909234,0.415968
339,0,0.03493994,0.25002591
340,0,0.06175493,0.30611303
341,0,0.05953688,0.32502475
342,1,0.9972882,0.59066532
343,0,0.60064049,0.2585993
344,1,0.98670247,0.59008546
345,0,0.06744673,0.32502475
346,0,0.05953688,0.32502475
347,1,0.09879811,0.25549764
348,1,0.05953688,0.32502475
349,0,0.05524259,0.30086735
350,0,0.05524259,0.30086735
351,0,0.05953688,0.32502475
352,0,0.05932233,0.25002591
353,0,0.03493994,0.25002591
354,0,0.03493994,0.25002591
355,0,0.04978097,0.25415741
356,0,0.04244941,0.32227812
357,1,0.89234949,0.39537873
358,0,0.03473062,0.25002591
359,0,0.05524259,0.30086735
360,1,0.05154066,0.30611303
361,0,0.05532208,0.32502475
362,0,0.05821156,0.25415741
363,0,0.57840176,0.43697522
364,0,0.06175493,0.30611303
365,0,0.03493994,0.25002591
366,0,0.05953688,0.32502475
367,1,0.72409856,0.46957696
368,1,0.99237122,0.61054029
369,1,0.99817805,0.6784579
370,1,0.98215961,0.72528172
371,1,0.07483267,0.55605514
372,1,0.9879006,0.74047119
373,1,0.99467816,0.67847027
374,1,0.9737842,0.65924987
375,1,0.98042771,0.69405182
376,1,0.23010682,0.27475854
377,1,0.97567525,0.72186273
378,1,0.92541755,0.4470001
379,0,0.93243688,0.59277624
380,0,0.05953688,0.32502475
381,0,0.05524259,0.30086735
382,0,0.06305235,0.32742811
383,0,0.05524259,0.30086735
384,0,0.06305235,0.32742811
385,0,0.03493994,0.25002591
386,0,0.05953688,0.32502475
387,0,0.05953688,0.32502475
388,0,0.05953688,0.32502475
389,0,0.05951272,0.32502475
390,1,0.24265122,0.55733384
391,0,0.06175493,0.30611303
392,0,0.04957678,0.3434004
393,0,0.05821156,0.25415741
394,0,0.05524259,0.30086735
395,0,0.05805037,0.32502475
396,1,0.05597352,0.30086735
397,0,0.03493994,0.25002591
398,0,0.05524259,0.30086735
399,0,0.05821156,0.25415741
400,0,0.05063086,0.30611303
401,1,0.91744288,0.49650369
402,0,0.05953688,0.32502475
403,0,0.06244861,0.32502475
404,1,0.99874578,0.72788461
405,0,0.06617238,0.25437952
406,1,0.98611128,0.68968442
407,1,0.97484082,0.70325012
408,1,0.9998864,0.7455303
409,0,0.04562763,0.26175083
410,1,0.98562002,0.68313062
411,0,0.05085608,0.23096124
412,1,0.97271388,0.52001984
413,1,0.97484082,0.70325012
414,1,0.99874578,0.72788461
415,1,0.83160103,0.321073
416,0,0.10247934,0.32898745
417,0,0.0617892,0.21448197
418,0,0.14665081,0.26272488
419,1,0.99882155,0.7144354
420,0,0.23430914,0.28517857
421,1,0.97772393,0.60487784
422,1,0.98566864,0.69606126
423,1,0.93519784,0.5439922
424,1,0.98699239,0.69606126
425,0,0.69764887,0.45424039
426,1,0.98566864,0.69606126
427,1,0.97484082,0.70325012
428,1,0.95907898,0.64694135
429,1,0.98107097,0.65917307
430,1,0.94194357,0.64630927
431,1,0.32223465,0.23096124
432,1,0.96633186,0.64694135
433,1,0.95921246,0.67748576
434,1,0.97906258,0.55643843
435,1,0.95184003,0.53305003
436,0,0.05061173,0.22091568
437,1,0.97273432,0.70991855
438,1,0.9635399,0.49250498
439,1,0.99562557,0.58142398
440,1,0.99005785,0.56080932
441,1,0.99874578,0.72788461
442,1,0.97340119,0.7297416
443,1,0.95907898,0.64694135
444,1,0.99518149,0.7490092
445,1,0.99974857,0.68922117
446,1,0.9995437,0.6755221
447,0,0.82506746,0.28549531
448,1,0.9660009,0.53733236
449,1,0.99571461,0.64485153
450,1,0.97756148,0.65641939
451,1,0.98000076,0.40815708
452,1,0.98125401,0.65085858
453,1,0.97485279,0.53457112
454,0,0.07536521,0.33813471
455,0,0.0649455,0.33756931
456,1,0.99775277,0.61258497
457,1,0.9615266,0.54602606
458,1,0.96414479,0.59176187
459,1,0.95302528,0.5214187
460,1,0.07509738,0.45219573
461,1,0.05743677,0.22104037
462,1,0.99189656,0.38722324
463,1,0.93894033,0.49311321
464,0,0.07668557,0.20833517
465,0,0.07390997,0.23222826
466,1,0.99591214,0.50059331
467,0,0.04820966,0.22091568
468,1,0.93164784,0.52982302
469,1,0.99638219,0.77527475
470,0,0.06092935,0.22091568
471,1,0.99981747,0.65548488
472,1,0.9995341,0.67460628
473,0,0.05219828,0.2373687
474,1,0.28211645,0.29241878
475,1,0.89220766,0.3421221
476,1,0.98790218,0.605669
477,1,0.46804945,0.34035206
478,1,0.97335255,0.55328567
479,1,0.96292408,0.50795918
480,1,0.94436366,0.45852084
481,1,0.93991833,0.52462521
482,1,0.99828574,0.61373751
483,1,0.99681339,0.58595803
484,1,0.93982423,0.54212022
485,0,0.07060626,0.25538094
486,1,0.99499667,0.4896181
487,1,0.88536235,0.53374202
488,1,0.95851298,0.37950228
489,1,0.98834456,0.56738332
490,1,0.98379819,0.58464866
491,1,0.85084375,0.39113616
492,0,0.04497513,0.35316963
493,1,0.9915646,0.4730191
494,1,0.99664048,0.58033932
495,1,0.97273432,0.70991855
496,1,0.9997858,0.51586221
497,1,0.9901258,0.67169361
498,0,0.07536521,0.33813471
499,1,0.90799712,0.73140085
500,1,0.9643935,0.53077954
501,0,0.0271841,0.253433
502,0,0.06710398,0.30279458
503,0,0.05053483,0.25359988
504,0,0.06835613,0.2668148
505,0,0.06736268,0.2820633
506,1,0.94771856,0.53379056
507,0,0.06092935,0.22091568
508,1,0.96962216,0.7794593
509,1,0.38406714,0.49335788
510,1,0.99029243,0.5589336
511,1,0.99971691,0.70541315
512,0,0.16367088,0.39667778
513,1,0.95429835,0.61967786
514,1,0.98256642,0.68921496
515,1,0.99490817,0.67392178
516,1,0.98782637,0.62286934
517,1,0.98604129,0.61052313
518,1,0.98774191,0.75123594
519,1,0.95998816,0.74232793
520,1,0.85582891,0.68503766
521,1,0.98001724,0.64486319
522,1,0.93584824,0.59277624
523,0,0.06023854,0.31107258
524,1,0.21692335,0.55521534
525,0,0.05305025,0.32502475
526,1,0.83939025,0.30167109
527,1,0.99545481,0.65178325
528,0,0.04535185,0.20628254
529,1,0.95910034,0.38994211
530,1,0.98503417,0.65593803
531,1,0.90505805,0.70179803
532,0,0.0693256,0.25727289
533,0,0.05043845,0.2373687
534,1,0.96339889,0.63257483
535,1,0.97120033,0.62044447
536,1,0.99216248,0.70640693
537,1,0.95329084,0.53002065
538,0,0.07324077,0.41621599
539,1,0.93722081,0.61144898
540,1,0.34552008,0.30145366
541,0,0.06200575,0.28589286
542,1,0.96869984,0.57826033
543,1,0.87622452,0.66824463
544,1,0.96726306,0.64025236
545,1,0.9880288,0.7163573
546,1,0.71870289,0.45059398
547,1,0.95462476,0.64977975
548,1,0.97155748,0.63874332
549,1,0.91906299,0.37335768
550,1,0.99024751,0.40615459
551,1,0.97731716,0.56339161
552,1,0.99509955,0.70779937
553,1,0.99129233,0.71564324
554,0,0.10430652,0.26726336
555,1,0.94860268,0.42957508
556,1,0.89150225,0.68886556
557,1,0.98669859,0.62878271
558,1,0.99894357,0.54140245
559,1,0.99867081,0.56473366
560,0,0.04589877,0.25415741
561,1,0.97183188,0.62659123
562,0,0.237833,0.33250934
563,1,0.9835842,0.69500132
564,1,0.9517424,0.53952896
565,1,0.99170156,0.45201117
566,1,0.9720699,0.34557921
567,1,0.98581425,0.68773832
568,1,0.96922607,0.60536769
569,1,0.90008383,0.62196905
570,0,0.20124563,0.22186491
571,1,0.9685901,0.53733236
572,0,0.04183391,0.2373687
573,0,0.05169402,0.1603447
574,1,0.94900291,0.53722647
575,1,0.89380451,0.53111396
576,1,0.97148383,0.62044447
577,1,0.99689245,0.67791726
578,1,0.9725174,0.66860705
579,1,0.89898778,0.52977113
580,1,0.88511394,0.50446026
581,1,0.93243692,0.59277624
582,1,0.95337391,0.55171448
583,1,0.89044001,0.55592081
584,1,0.89220766,0.3421221
585,1,0.48056008,0.25756195
586,1,0.97273432,0.70991855
587,1,0.99963409,0.6320766
588,1,0.9797285,0.67264669
589,1,0.97294259,0.66860705
590,1,0.99972316,0.68365553
591,1,0.99216224,0.70640693
592,1,0.99666322,0.68950261
593,0,0.05858357,0.40996028
594,0,0.05755697,0.31398989
595,1,0.09428301,0.40996028
596,0,0.06246996,0.32971499
597,1,0.99652217,0.6283598
598,1,0.93834033,0.62058433
599,0,0.10247934,0.32898745
600,1,0.88525449,0.43742225
601,1,0.96347718,0.63960918
602,1,0.96745348,0.71556721
603,0,0.05517939,0.26588233
604,0,0.06493902,0.20833517
605,1,0.97225278,0.73135943
606,1,0.99104228,0.66499294
607,0,0.06313279,0.26588233
608,1,0.93432706,0.43875358
609,1,0.96182146,0.45677321
610,1,0.98082404,0.65794457
611,1,0.96947049,0.30875322
612,1,0.71870289,0.45059398
613,1,0.97490667,0.66221995
614,1,0.98983577,0.74937272
615,0,0.06092935,0.22091568
616,0,0.05214336,0.2373687
617,0,0.05953688,0.32502475
618,1,0.9959952,0.67814221
619,1,0.79001564,0.56930234
620,0,0.06787155,0.25010842
621,0,0.05243885,0.2373687
622,1,0.95488415,0.65444083
623,0,0.08102621,0.34282495
624,0,0.05953688,0.32502475
625,1,0.3819667,0.20654027
626,1,0.98031996,0.55724287
627,1,0.93518561,0.43519706
628,1,0.92564914,0.44948931
629,1,0.93022226,0.51056978
630,1,0.99805184,0.71580449
631,1,0.99923211,0.80366723
632,1,0.97640021,0.58472817
633,1,0.9876746,0.56125668
634,1,0.98014609,0.72989899
635,1,0.99782057,0.56726866
636,1,0.99269734,0.74272331
637,1,0.98435473,0.60311072
638,1,0.9989969,0.6913264
639,0,0.02323617,0.2288218
640,1,0.91753367,0.34275415
641,0,0.0784661,0.33359977
642,0,0.04127368,0.25002591
643,1,0.96746997,0.58613986
644,1,0.95334593,0.55098168
645,1,0.97519547,0.49311321
646,1,0.70175014,0.39071449
647,1,0.97115124,0.67673426
648,1,0.99819174,0.8041946
649,0,0.02556995,0.32502475
650,1,0.96766133,0.65186953
651,1,0.92298466,0.37125622
652,1,0.94589311,0.59206004
653,1,0.90016178,0.70241857
654,1,0.96765973,0.64579563
655,1,0.97634181,0.69229944
656,1,0.99682084,0.75254433
657,1,0.97988829,0.70482127
658,1,0.90376521,0.53566256
659,0,0.07387534,0.42074675
660,1,0.95047986,0.64977975
661,1,0.99414254,0.49871397
662,0,0.08102621,0.34282495
663,1,0.98562002,0.68313062
664,0,0.06026306,0.22091568
665,1,0.96972286,0.62534705
666,1,0.97796837,0.48515625
667,1,0.98476277,0.68313062
668,0,0.0927433,0.34282495
669,1,0.95288,0.57025256
670,1,0.05516282,0.30789965
671,0,0.07713403,0.2699988
672,0,0.05733556,0.25367329
673,1,0.67034313,0.2949908
674,0,0.0276151,0.33250934
675,1,0.95398799,0.59944521
676,0,0.09941697,0.22091568
677,1,0.98339744,0.50118563
678,1,0.99610943,0.72234309
679,1,0.99972383,0.72570776
680,1,0.9449052,0.55894903
681,1,0.96094893,0.54228726
682,1,0.96682223,0.66664981
683,1,0.99965636,0.74582241
684,1,0.90200322,0.61768612
685,1,0.9659945,0.60463845
686,1,0.99845559,0.63969339
687,0,0.0276151,0.33250934
688,1,0.97986895,0.71218571
689,0,0.05214336,0.2373687
690,1,0.20908134,0.38208008
691,0,0.10239152,0.32898745
692,1,0.99886309,0.80098858
693,1,0.95873942,0.49039257
694,0,0.05953688,0.32502475
695,1,0.9976514,0.69424449
696,0,0.04907082,0.25707071
697,1,0.97350627,0.57061751
698,0,0.05473841,0.23645384
699,1,0.97119975,0.62044447
700,0,0.05773938,0.32502475
701,1,0.09352213,0.3118523
702,0,0.0497718,0.32971499
703,1,0.91226844,0.3239261
704,0,0.06142461,0.24318469
705,0,0.09892691,0.27184924
706,1,0.96910088,0.48261787
707,0,0.05507699,0.23819394
708,0,0.08102621,0.34282495
709,1,0.5935085,0.34229791
710,1,0.72760205,0.45114052
711,1,0.99801333,0.59047353
712,1,0.99953377,0.76428004
713,1,0.99920623,0.53317713
714,1,0.96029696,0.63359367
715,0,0.07585915,0.24332375
716,0,0.05953688,0.32502475
717,1,0.98490206,0.39169171
718,1,0.99208253,0.73426464
719,1,0.95152006,0.63981714
720,1,0.88116354,0.41468698
721,1,0.99538354,0.6753448
722,1,0.98562002,0.68313062
723,1,0.96850826,0.64389945
724,0,0.0517725,0.26110454
725,1,0.96826437,0.65769762
726,1,0.94769832,0.57352853
727,1,0.9897444,0.57904442
728,1,0.89246392,0.44265922
729,1,0.99711503,0.70947829
730,1,0.99965828,0.76882633
731,1,0.99526053,0.65840995
732,1,0.99860366,0.55279332
733,1,0.98580087,0.63719796
734,1,0.96442901,0.6500624
735,1,0.99393761,0.70117005
736,1,0.74597075,0.36259624
737,1,0.7571204,0.3181129
738,1,0.98119468,0.64110994
739,1,0.96471656,0.69984819
740,1,0.95429835,0.61967786
741,1,0.99515237,0.45101457
742,0,0.05219828,0.2373687
743,0,0.08102621,0.34282495
744,0,0.07817884,0.28233005
745,0,0.04484074,0.26430593
746,1,0.73779171,0.45139399
747,0,0.05032738,0.2373687
748,1,0.97465016,0.5568949
749,1,0.05297913,0.264538
750,0,0.06097264,0.25538094
751,1,0.98515346,0.72165472
752,1,0.97492042,0.71072256
753,1,0.59842315,0.49881262
754,1,0.89712666,0.60937764
755,1,0.99379614,0.54104654
756,1,0.96296794,0.68527932
757,1,0.97294259,0.66860705
758,1,0.96700704,0.60202877
759,1,0.99763214,0.72595392
760,1,0.71792293,0.51518279
761,1,0.91887564,0.43654246
762,0,0.04695312,0.21697131
763,0,0.05643873,0.20654027
764,1,0.94915946,0.66944516
765,0,0.05219828,0.2373687
766,0,0.06092935,0.22091568
767,1,0.99918601,0.72228748
768,1,0.99970422,0.74423627
769,1,0.93645631,0.59884602
770,1,0.99975426,0.75472026
771,1,0.99982985,0.7614422
772,1,0.92693924,0.50273592
773,1,0.988723,0.73579094
774,1,0.99300264,0.61278718
775,1,0.9923383,0.75475048
776,1,0.99652544,0.7021916
777,0,0.12526418,0.28184414
778,1,0.96980913,0.66525741
779,1,0.98386201,0.46882347
780,1,0.99393497,0.5821223
781,1,0.94750815,0.4308946
782,1,0.99941988,0.74194247
783,1,0.99704506,0.60664444
784,1,0.9995072,0.74727951
785,1,0.99696931,0.64981555
786,1,0.99920076,0.72228748
787,1,0.99916647,0.70392906
788,1,0.9901147,0.77244496
789,1,0.98914071,0.71738849
790,1,0.94627966,0.79039567
791,1,0.97051298,0.69808797
792,1,0.97867878,0.74051134
793,1,0.99480081,0.67451915
794,1,0.9974604,0.67690474
795,1,0.97679055,0.73623052
796,1,0.97943774,0.72224289
797,1,0.98004257,0.76287005
798,1,0.98856083,0.75548547
799,1,0.96870808,0.68640816
800,1,0.99836201,0.79893647
801,1,0.99811424,0.81708431
802,1,0.97538938,0.72382252
803,1,0.9780107,0.71154639
804,1,0.97538938,0.72382252
805,1,0.96923916,0.72156908
806,1,0.96128059,0.76967709
807,1,0.97680365,0.73623052
808,1,0.99920076,0.72228748
809,0,0.08937401,0.24332375
810,0,0.05248017,0.2658673
811,0,0.04709785,0.23287276
812,0,0.07038823,0.24318469
813,0,0.07604024,0.24567854
814,1,0.97591826,0.75018974
815,0,0.07956398,0.27018547
816,1,0.93174777,0.58546042
817,0,0.07585915,0.24332375
818,0,0.04612552,0.24157083
819,1,0.9995072,0.74727951
820,1,0.9995072,0.74727951
821,1,0.9244042,0.34832286
822,0,0.07142168,0.24264123
823,0,0.09608674,0.24332375
824,0,0.08303599,0.23222826
825,0,0.08105318,0.28772615
826,0,0.07404477,0.25538094
827,0,0.08102621,0.34282495
828,0,0.04539644,0.26175083
829,0,0.07404477,0.25538094
830,0,0.04524848,0.26175083
831,0,0.07038823,0.24318469
832,0,0.07304971,0.24567854
833,0,0.07586253,0.25153166
834,0,0.05977272,0.26716454
835,0,0.0725829,0.33738782
836,1,0.57229234,0.31264841
837,1,0.98604135,0.61052313
838,0,0.06202141,0.23617521
839,0,0.07585915,0.24332375
840,0,0.08303599,0.23222826
841,0,0.0784661,0.33359977
842,0,0.16944438,0.24318469
843,0,0.28031933,0.33742274
844,0,0.07536521,0.33813471
845,0,0.07751861,0.23096124
846,0,0.06787155,0.25010842
847,0,0.07477343,0.2699988
848,0,0.07828997,0.22701687
849,0,0.12955079,0.24140127
850,0,0.07038823,0.24318469
851,0,0.07819359,0.20833517
852,0,0.07819359,0.20833517
853,0,0.07536521,0.33813471
854,0,0.07643048,0.25495221
855,0,0.02737983,0.24667537
856,0,0.19523822,0.30122467
857,0,0.07751861,0.23096124
858,0,0.05238705,0.2658673
859,0,0.06787155,0.25010842
860,0,0.11008154,0.23448332
861,0,0.06089502,0.25538094
862,0,0.08303599,0.23222826
863,0,0.06318305,0.27913654
864,0,0.05940448,0.24318469
865,0,0.09954305,0.25538094
866,1,0.98946738,0.70375489
867,0,0.07143698,0.25010842
868,0,0.06978531,0.25538094
869,0,0.08492676,0.33742274
870,0,0.07934343,0.2699988
871,0,0.07054121,0.20955498
872,0,0.07313488,0.27614908
873,0,0.12726767,0.33658714
874,0,0.04773536,0.24764422
875,0,0.07025032,0.25538094
876,0,0.07405231,0.25538094
877,0,0.06960267,0.27255684
878,0,0.0614339,0.42543699
879,0,0.06277464,0.23352389
880,0,0.08230231,0.24638423
881,0,0.06882824,0.25378487
882,0,0.05512103,0.24254384
883,0,0.05812838,0.23816108
884,1,0.95649139,0.5248703
885,0,0.06787155,0.25010842
886,0,0.06787155,0.25010842
887,1,0.98267658,0.59777989
888,0,0.07411687,0.28589286
889,0,0.06787155,0.25010842
890,1,0.07197939,0.14553795
891,0,0.07251057,0.22857968
892,0,0.06786448,0.28772615
893,0,0.07404477,0.25538094
894,0,0.06658479,0.23222826
895,0,0.07934343,0.2699988
896,0,0.06232316,0.25538094
897,0,0.07934343,0.2699988
898,1,0.97207722,0.63050944
899,1,0.99524746,0.78690325
900,1,0.90768921,0.70054787
901,1,0.99920076,0.72228748
902,1,0.35447727,0.39143515
903,1,0.94236959,0.44890494
904,1,0.98886748,0.5885747
905,1,0.93755983,0.46816804
906,1,0.94947704,0.75364134
907,1,0.99775323,0.74550705
908,1,0.94758613,0.51513054
909,1,0.99395178,0.71944024
910,1,0.97234819,0.74941733
911,1,0.76875305,0.62426774
912,1,0.98521207,0.61704172
913,1,0.99396632,0.66772739
914,1,0.9995072,0.74727951
915,1,0.99036143,0.7013664
916,1,0.99950724,0.75458127
917,1,0.99908585,0.68914543
918,1,0.98234578,0.71734137
919,1,0.99207031,0.75559227
920,1,0.99996004,0.7128897
921,1,0.95798823,0.76213048
922,1,0.96554129,0.53915605
923,1,0.99319751,0.74649383
924,1,0.99985994,0.72888427
925,1,0.98116689,0.73064631
926,1,0.99977796,0.75070864
927,1,0.99970422,0.74423627
928,1,0.99982984,0.7253125
929,1,0.9995072,0.74727951
930,1,0.9974674,0.80452028
931,1,0.98200028,0.65509668
932,1,0.9995072,0.74727951
933,1,0.99966869,0.79082957
934,1,0.95649139,0.5248703
935,1,0.93318518,0.67839737
936,1,0.95602779,0.66337207
937,1,0.98568322,0.57302837
938,0,0.03843531,0.26175083
939,0,0.05981247,0.2653248
940,1,0.9946546,0.73014475
941,1,0.96810759,0.56556421
942,0,0.05604809,0.22091568
943,0,0.02356655,0.25687095
944,0,0.03895838,0.25414238
945,0,0.07734954,0.34282495
946,1,0.99072858,0.72315649
947,1,0.94447392,0.36082101
948,1,0.97321082,0.64577784
949,0,0.09909405,0.42463513
950,1,0.99920029,0.75561245
951,1,0.99947829,0.76334241
952,1,0.95734782,0.62574764
953,1,0.99130864,0.73147891
954,1,0.99893253,0.72218379
955,1,0.99965375,0.76869807
956,1,0.99962973,0.70523632
957,1,0.98965126,0.75032802
958,0,0.07140579,0.33699858
959,0,0.06499625,0.24110808
960,0,0.05354831,0.23645384
961,1,0.97810979,0.6684876
962,1,0.58275617,0.36181766
963,1,0.71838982,0.74901829
964,0,0.06092935,0.22091568
965,1,0.97205035,0.7635546
966,0,0.06305516,0.33250934
967,0,0.04426156,0.22760813
968,1,0.98899443,0.52003714
969,1,0.83263009,0.63912416
970,1,0.8463351,0.67851072
971,1,0.92199797,0.61377325
972,1,0.95444577,0.75202133
973,1,0.99849037,0.52227025
974,0,0.0584563,0.23645384
975,0,0.06795952,0.35060002
976,1,0.99239645,0.52304358
977,1,0.95829934,0.73301093
978,1,0.96709767,0.70214721
979,0,0.04885207,0.23819394
980,1,0.08395967,0.25357646
981,1,0.96709767,0.70214721
982,0,0.0923096,0.24271477
983,1,0.97793455,0.70895868
984,1,0.94255604,0.69673003
985,1,0.99572947,0.51317287
986,1,0.94020392,0.45643522
987,0,0.0391808,0.17815347
988,0,0.04939508,0.22976537
989,0,0.05855721,0.30361113
990,1,0.80042255,0.29731196
991,0,0.06124229,0.23645384
992,0,0.0584563,0.23645384
993,1,0.98944025,0.81641897
994,0,0.06048579,0.24054835
995,1,0.99789883,0.65949725
996,1,0.85648297,0.77308899
997,1,0.96548181,0.68392139
998,1,0.98964898,0.76983316
999,0,0.63984986,0.2637642
1000,1,0.97615594,0.67710501
1001,0,0.04893815,0.25415741
1002,0,0.02932941,0.23002666
1003,0,0.06110391,0.25312749
1004,0,0.0738315,0.22813727
1005,0,0.13029068,0.25649987
1006,1,0.98536594,0.77597676
1007,1,0.98828157,0.77416393
1008,0,0.07643048,0.25495221
1009,0,0.07585915,0.24332375
1010,0,0.07886114,0.238333
1011,1,0.97302699,0.69518329
1012,1,0.96879902,0.69864562
1013,1,0.9878164,0.60672279
1014,1,0.98398233,0.5884303
1015,0,0.05507699,0.23819394
1016,0,0.1663535,0.2572015
1017,1,0.98049837,0.70687909
1018,1,0.9909812,0.71535164
1019,1,0.99357976,0.66197669
1020,1,0.99963454,0.60833792
1021,0,0.05701747,0.23645384
1022,0,0.04999865,0.25415741
1023,0,0.05747495,0.26192575
1024,1,0.88146702,0.4525692
1025,1,0.98393371,0.48655812
1026,1,0.95345715,0.75547624
1027,1,0.99678461,0.7699915
1028,1,0.74625875,0.5863658
1029,1,0.94048651,0.6524145
1030,1,0.97792489,0.79184106
1031,0,0.99123826,0.51365006
1032,1,0.98331081,0.75331075
1033,1,0.90125687,0.41469328
1034,0,0.05933036,0.23645384
1035,1,0.99912655,0.76927983
1036,1,0.87777775,0.62879273
1037,0,0.03886528,0.238333
1038,1,0.85793981,0.37016313
1039,0,0.05792667,0.238333
1040,1,0.99463043,0.69373482
1041,1,0.9887265,0.81755267
1042,1,0.98916261,0.81396156
1043,1,0.82425642,0.56768027
1044,0,0.06439401,0.23110056
1045,1,0.96811846,0.70214721
1046,1,0.97764514,0.62967972
1047,1,0.98217816,0.76254123
1048,1,0.99001613,0.6385648
1049,0,0.05316313,0.2221827
1050,1,0.95868647,0.75972756
1051,0,0.12160291,0.2402841
1052,0,0.05371452,0.25232357
1053,0,0.09736703,0.27171577
1054,0,0.393004,0.28631486
1055,0,0.07368888,0.23530198
1056,1,0.99933235,0.53026884
1057,0,0.07826111,0.22760813
1058,0,0.04992838,0.238333
1059,1,0.46767756,0.29840918
1060,0,0.04852258,0.238333
1061,1,0.97469622,0.77944201
1062,0,0.05792667,0.238333
1063,1,0.9925585,0.61704748
1064,1,0.98462208,0.81524813
1065,1,0.93954938,0.62071835
1066,0,0.22656526,0.24054835
1067,1,0.98585204,0.56755288
1068,1,0.85903735,0.5286799
1069,1,0.86631422,0.42420115
1070,0,0.05410634,0.24082653
1071,0,0.06498011,0.3398811
1072,0,0.07751861,0.23096124
1073,0,0.0716476,0.23377076
1074,0,0.05747495,0.26192575
1075,1,0.95707193,0.59093333
1076,0,0.09113103,0.24023446
1077,0,0.02090331,0.26009552
1078,0,0.09085283,0.27565229
1079,0,0.05818753,0.24786807
1080,0,0.08509517,0.25038397
1081,0,0.13815114,0.3418767
1082,0,0.08498048,0.2213488
1083,1,0.94658976,0.73775015
1084,0,0.05509131,0.24654091
1085,0,0.05507699,0.23819394
1086,1,0.98592776,0.82301329
1087,0,0.0592059,0.31471672
1088,1,0.85670918,0.60806127
1089,0,0.08668151,0.2323314
1090,1,0.05454625,0.26191072
1091,1,0.98544068,0.6785386
1092,1,0.96446931,0.76323359
1093,0,0.06999708,0.2501731
1094,1,0.99226611,0.71698178
1095,1,0.95019009,0.37753444
1096,1,0.95093448,0.35987328
1097,0,0.04952096,0.25415741
1098,1,0.9834397,0.77170672
1099,1,0.96263906,0.72490054
1100,1,0.9305467,0.70836017
1101,1,0.97623421,0.60293559
1102,0,0.05163678,0.24438184
1103,1,0.97176735,0.73102977
1104,1,0.96029361,0.67235032
1105,0,0.0584563,0.23645384
1106,0,0.08509517,0.25038397
1107,1,0.96922257,0.76374526
1108,1,0.96001475,0.78262579
1109,0,0.0666789,0.22277372
1110,1,0.8439589,0.30810981
1111,1,0.99027134,0.5019408
1112,1,0.95883178,0.64769273
1113,0,0.02508197,0.25607887
1114,1,0.98639196,0.82810288
1115,0,0.05991662,0.23355325
1116,1,0.98396257,0.8005914
1117,1,0.08720786,0.26364462
1118,1,0.86987279,0.35448997
1119,0,0.0562073,0.23645384
1120,1,0.96912948,0.69540093
1121,0,0.06340867,0.25017996
1122,0,0.07038823,0.24318469
1123,1,0.92715134,0.76904142
1124,1,0.95283991,0.69389807
1125,1,0.96749165,0.55566834
1126,0,0.07153515,0.23645384
1127,1,0.98776536,0.74571936
1128,0,0.05507699,0.23819394
1129,1,0.96031723,0.65619557
1130,0,0.03955256,0.23645384
1131,0,0.25372096,0.23645384
1132,1,0.95810764,0.55378395
1133,0,0.18573503,0.23819394
1134,0,0.06987597,0.24150048
1135,1,0.92978272,0.58121022
1136,1,0.99945004,0.72163488
1137,0,0.0584563,0.23645384
1138,1,0.96546744,0.68392139
1139,0,0.09706537,0.22690946
1140,0,0.08334398,0.35030478
1141,1,0.97119545,0.75317039
1142,1,0.43573353,0.51860899
1143,1,0.99174942,0.72486128
1144,1,0.97123474,0.6694883
1145,0,0.04595399,0.23645384
1146,0,0.07359168,0.25621568
1147,1,0.94576787,0.56176063
1148,1,0.99772869,0.68226454
1149,1,0.98119418,0.63627775
1150,1,0.97212744,0.6690976
1151,1,0.97344181,0.68818415
1152,0,0.03707772,0.23166571
1153,0,0.07278345,0.33813471
1154,1,0.98828354,0.50191255
1155,0,0.01642249,0.2494302
1156,1,0.9996626,0.72153929
1157,1,0.9402921,0.58139965
1158,1,0.42593689,0.40633533
1159,1,0.9834397,0.77170672
1160,1,0.98396257,0.8005914
1161,1,0.98599065,0.55533284
1162,0,0.0687829,0.25038397
1163,1,0.98937316,0.61611893
1164,0,0.04521125,0.23028919
1165,0,0.06305235,0.32742811
1166,0,0.08509171,0.25770281
1167,1,0.03651183,0.45108876
1168,0,0.05746238,0.23645384
1169,1,0.93903857,0.48489966
1170,1,0.86591381,0.78407828
1171,0,0.05769139,0.27734789
1172,1,0.9996626,0.72153929
1173,1,0.97054999,0.70875808
1174,1,0.96675613,0.51128896
1175,0,0.03330388,0.23088687
1176,1,0.99699411,0.49962676
1177,0,0.0584563,0.23645384
1178,0,0.05846401,0.23645384
1179,1,0.96879902,0.69864562
1180,0,0.04102945,0.23270772
1181,1,0.94582627,0.72868545
1182,0,0.0537479,0.23645384
1183,1,0.94173779,0.67241696
1184,1,0.99890683,0.73300462
1185,1,0.96879902,0.69864562
1186,1,0.96585972,0.68476652
1187,1,0.09225999,0.23645384
1188,1,0.99944124,0.65561217
1189,0,0.05422015,0.23448332
1190,1,0.97773997,0.52192076
1191,1,0.99937431,0.76089069
1192,1,0.65303893,0.59571547
1193,1,0.97309957,0.66149374
1194,1,0.98350178,0.74880454
1195,0,0.9838031,0.34154316
1196,1,0.97654304,0.78721696
1197,1,0.98455877,0.82561012
1198,1,0.98763916,0.84253992
1199,1,0.96696165,0.69530057
1200,1,0.95618839,0.64769273
1201,1,0.96507865,0.74694277
1202,1,0.96629241,0.79110356
1203,1,0.80684873,0.32878421
1204,1,0.98596316,0.83595589
1205,1,0.75459907,0.40951682
1206,1,0.84801357,0.82862342
1207,0,0.07393372,0.24251252
1208,1,0.9577441,0.65246836
1209,0,0.10417703,0.23645384
1210,1,0.96696165,0.69530057
1211,1,0.76999589,0.36721632
1212,1,0.99992597,0.68136815
1213,0,0.0584563,0.23645384
1214,1,0.9834397,0.77170672
1215,0,0.02508207,0.25607887
1216,1,0.98273892,0.7765021
1217,0,0.07826111,0.22760813
1218,1,0.04421343,0.23122596
1219,0,0.06839009,0.22760813
1220,1,0.8709862,0.65669475
1221,0,0.0510221,0.23270772
1222,0,0.04109251,0.23819394
1223,0,0.10245062,0.24730277
1224,0,0.07200286,0.22760813
1225,0,0.0510504,0.23270772
1226,0,0.79911841,0.30927819
1227,0,0.05507699,0.23819394
1228,1,0.92459873,0.47873846
1229,1,0.98590403,0.8259465
1230,0,0.05553912,0.23054442
1231,0,0.03021767,0.22118548
1232,1,0.99387207,0.61116829
1233,1,0.98263251,0.78896044
1234,1,0.98396257,0.8005914
1235,1,0.99968524,0.72598615
1236,1,0.99590086,0.50369164
1237,0,0.05769139,0.27734789
1238,1,0.95302163,0.77453538
1239,1,0.96670908,0.58039081
1240,1,0.93273159,0.4925176
1241,1,0.97256765,0.76583026
1242,0,0.07579718,0.22760813
1243,0,0.07133323,0.24553947
1244,0,0.11481722,0.22327041
1245,0,0.06165653,0.24318469
1246,0,0.10349549,0.2501731
1247,1,0.98311362,0.69660069
1248,1,0.96673639,0.65157703
1249,0,0.07887932,0.25505038
1250,0,0.07135065,0.23028919
1251,1,0.14597801,0.23028919
1252,0,0.05053045,0.24941352
1253,0,0.08638827,0.24318469
1254,1,0.98741539,0.84435141
1255,0,0.05103572,0.23054442
1256,1,0.63395016,0.70425581
1257,1,0.96117817,0.77028112
1258,0,0.88404954,0.29003079
1259,0,0.1361308,0.36721632
1260,0,0.94994786,0.50867589
1261,1,0.96583269,0.78896044
1262,0,0.05821156,0.25415741
1263,1,0.98251765,0.78607981
1264,1,0.93870385,0.42070557
1265,1,0.97189363,0.549559
1266,0,0.03779272,0.17498457
1267,0,0.05953688,0.32502475
1268,1,0.9774208,0.68805846
1269,0,0.07097786,0.34730492
1270,1,0.95079448,0.56898325
1271,0,0.83488318,0.37724055
1272,0,0.10120357,0.25317239
1273,0,0.84968592,0.5882471
1274,1,0.99863562,0.37162962
1275,0,0.06660072,0.300571
1276,0,0.05398314,0.2449747
1277,0,0.99955425,0.7519212
1278,0,0.97917359,0.70935924
1279,0,0.21741773,0.25233576
1280,1,0.99964068,0.74044748
1281,0,0.05148915,0.23819394
1282,0,0.05507699,0.23819394
1283,1,0.97653985,0.78721696
1284,1,0.84959114,0.6504469
1285,1,0.98411706,0.8058161
1286,1,0.98396257,0.8005914
1287,0,0.05398314,0.2449747
1288,0,0.05507699,0.23819394
1289,0,0.06358957,0.23819394
1290,1,0.99737227,0.77910412
1291,1,0.49504437,0.2861302
1292,1,0.9577441,0.65246836
1293,0,0.06244413,0.2424914
1294,1,0.98169252,0.52213987
1295,0,0.08274573,0.22747544
1296,0,0.05424304,0.23819394
1297,0,0.05507699,0.23819394
1298,1,0.05635425,0.23529335
1299,1,0.9926824,0.74066006
1300,1,0.9577441,0.65246836
1301,0,0.05855721,0.30361113
1302,0,0.06305235,0.32742811
1303,0,0.06502275,0.27734789
1304,0,0.00853589,0.25164337
1305,1,0.948625,0.58326062
1306,1,0.96523484,0.7206728
1307,1,0.96357436,0.50463809
1308,0,0.05769139,0.27734789
1309,0,0.05496232,0.2449747
1310,1,0.98411706,0.8058161
1311,1,0.8788555,0.68050187
1312,0,0.05507699,0.23819394
1313,1,0.99283616,0.71478111
1314,0,0.04274534,0.23819394
1315,1,0.92307047,0.63880327
1316,1,0.99787559,0.61651581
1317,1,0.90677188,0.76847129
1318,0,0.05829321,0.23645384
1319,1,0.95533228,0.72549809
1320,1,0.99201817,0.7762662
1321,0,0.0351734,0.23217335
1322,0,0.05769139,0.27734789
1323,0,0.04972267,0.32502475
1324,0,0.06238122,0.2494302
1325,1,0.98263251,0.78896044
1326,1,0.98396257,0.8005914
1327,1,0.50813873,0.62596109
1328,1,0.79388352,0.2750969
1329,1,0.03899601,0.23819394
1330,0,0.05507699,0.23819394
1331,0,0.0338595,0.25233576
1332,1,0.99805515,0.54375732
1333,0,0.9995534,0.57611846
1334,1,0.94339715,0.38466247
1335,0,0.05648677,0.23054442
1336,1,0.98396257,0.8005914
1337,1,0.11873734,0.2770909
1338,0,0.05507659,0.23819394
1339,0,0.05126623,0.24524502
1340,0,0.05991662,0.23355325
1341,0,0.07210658,0.22813727
1342,1,0.8788555,0.68050187
1343,1,0.78742833,0.38482072
1344,0,0.05688944,0.22091568
1345,1,0.0395541,0.23645384
1346,0,0.05507699,0.23819394
1347,0,0.06092935,0.22091568
1348,1,0.96867485,0.703687
1349,0,0.05769139,0.27734789
1350,1,0.99657138,0.73213282
1351,0,0.06092935,0.22091568
1352,0,0.04803582,0.22981726
1353,0,0.03330614,0.23028919
1354,1,0.94967463,0.62225426
1355,0,0.04698042,0.22981726
1356,1,0.97170958,0.69530057
1357,0,0.05507754,0.23819394
1358,0,0.05769139,0.27734789
1359,0,0.0738315,0.22813727
1360,1,0.9927072,0.7146958
1361,1,0.98424112,0.72612244
1362,1,0.99968594,0.53031053
1363,1,0.96696165,0.69530057
1364,0,0.05435311,0.25293881
1365,1,0.99566229,0.69291139
1366,1,0.80495839,0.4588569
1367,1,0.8833866,0.58326062
1368,1,0.86785943,0.62591901
1369,1,0.96541091,0.68032815
1370,0,0.08002161,0.25293881
1371,0,0.06529887,0.22760813
1372,1,0.96144636,0.63171737
1373,1,0.98286692,0.77226148
1374,1,0.0119045,0.25293881
1375,1,0.96965862,0.46691647
1376,0,0.04353923,0.23819394
1377,0,0.04892788,0.25359988
1378,1,0.9607901,0.67715091
1379,0,0.05507699,0.23819394
1380,0,0.04550533,0.23819394
1381,1,0.88113471,0.44969519
1382,1,0.98461472,0.79449895
1383,0,0.0662372,0.25267254
1384,1,0.96730333,0.77251347
1385,0,0.06341219,0.26817715
1386,0,0.04803582,0.22981726
1387,0,0.09879616,0.21986786
1388,0,0.05981673,0.23645384
1389,0,0.05507699,0.23819394
1390,0,0.05305707,0.27734789
1391,1,0.9996626,0.72153929
1392,0,0.06386019,0.23819394
1393,1,0.98095442,0.772068
1394,0,0.04269402,0.23819394
1395,1,0.98907526,0.71392342
1396,0,0.01993172,0.23356792
1397,0,0.04168367,0.31755675
1398,0,0.04272454,0.25679664
1399,0,0.05507699,0.23819394
1400,0,0.05035698,0.23819394
1401,1,0.96749814,0.72457709
1402,0,0.5291925,0.29753968
1403,1,0.98570022,0.85425132
1404,0,0.06092935,0.22091568
1405,0,0.03406169,0.24151011
1406,1,0.95382547,0.70071607
1407,1,0.63534247,0.31410341
1408,0,0.18798978,0.23074437
1409,1,0.85233172,0.72029531
1410,0,0.03353177,0.25490063
1411,0,0.02356655,0.25687095
1412,1,0.97706502,0.61073881
1413,0,0.07245401,0.25457045
1414,1,0.8788555,0.68050187
1415,0,0.04909204,0.23819394
1416,0,0.03493994,0.25002591
1417,1,0.97171978,0.7013819
1418,1,0.92715786,0.52611453
1419,1,0.98396257,0.8005914
1420,1,0.96885183,0.69373482
1421,1,0.98396257,0.8005914
1422,0,0.05769139,0.27734789
1423,0,0.05507699,0.23819394
1424,1,0.89000742,0.32556748
1425,1,0.53507261,0.29415495
1426,0,0.05439638,0.26191072
1427,1,0.98396257,0.8005914
1428,0,0.05155945,0.23819394
1429,0,0.04903714,0.25415741
1430,1,0.84037394,0.30496173
1431,0,0.05507699,0.23819394
1432,1,0.95533228,0.72549809
1433,0,0.17172485,0.29711045
1434,1,0.9996626,0.72153929
1435,0,0.04608073,0.23645384
1436,0,0.05991662,0.23355325
1437,1,0.99521296,0.56526796
1438,0,0.04429011,0.23122596
1439,1,0.90385583,0.31489212
1440,1,0.92888314,0.72675904
1441,1,0.91440726,0.57812314
1442,0,0.05085306,0.2494302
1443,0,0.04697772,0.23645384
1444,0,0.13140023,0.34094105
1445,1,0.97724289,0.71251633
1446,1,0.97925369,0.69513505
1447,1,0.99875716,0.64636363
1448,0,0.0936423,0.25415741
1449,0,0.05953688,0.32502475
1450,0,0.06135606,0.2551271
1451,0,0.05219828,0.2373687
1452,0,0.48113478,0.30807815
1453,1,0.49517767,0.278304
1454,0,0.22709143,0.26627548
1455,0,0.03519831,0.2373687
1456,0,0.05219828,0.2373687
1457,0,0.06647934,0.2373687
1458,1,0.97927413,0.68756444
1459,0,0.04692332,0.24941352
1460,0,0.22709143,0.26627548
1461,0,0.05953688,0.32502475
1462,1,0.7198362,0.63236302
1463,1,0.48113478,0.30807815
1464,0,0.05219828,0.2373687
1465,1,0.96018107,0.56238265
1466,0,0.03544259,0.27168504
1467,0,0.05219828,0.2373687
1468,0,0.07305962,0.24941352
1469,0,0.05953688,0.32502475
1470,0,0.04692332,0.24941352
1471,0,0.10636545,0.27063984
1472,0,0.06305235,0.32742811
1473,0,0.05219828,0.2373687
1474,0,0.0126405,0.25530092
1475,0,0.06547658,0.22091568
1476,0,0.2013603,0.24941352
1477,1,0.06135606,0.2551271
1478,0,0.05219828,0.2373687
1479,0,0.0601984,0.26651708
1480,0,0.05795994,0.26015594
1481,0,0.56342298,0.31300127
1482,0,0.22738489,0.27183103
1483,1,0.97774082,0.58671368
1484,0,0.05769139,0.27734789
1485,0,0.15425277,0.26810844
1486,0,0.05219828,0.2373687
1487,0,0.70872672,0.28549531
1488,0,0.03881786,0.2373687
1489,0,0.08430245,0.2373687
1490,0,0.0982301,0.29525082
1491,0,0.04692332,0.24941352
1492,0,0.05219828,0.2373687
1493,0,0.07743683,0.2373687
1494,0,0.72512512,0.64909806
1495,0,0.01294301,0.27734789
1496,0,0.0634425,0.26733196
1497,0,0.09789444,0.24941352
1498,1,0.52682934,0.41676085
1499,0,0.53682496,0.41531243
1500,0,0.30085176,0.2373687
1501,1,0.99167412,0.66130935
1502,0,0.09428098,0.23681041
1503,0,0.04692332,0.24941352
1504,0,0.01576022,0.25530092
1505,0,0.03544259,0.27168504
1506,0,0.07363277,0.31633866
1507,0,0.10636545,0.27063984
1508,0,0.04004138,0.25233576
1509,0,0.09980646,0.2373687
1510,0,0.05953688,0.32502475
1511,1,0.50543569,0.41845347
1512,0,0.17085058,0.26889478
1513,0,0.98655237,0.49333047
1514,0,0.05219828,0.2373687
1515,0,0.09817407,0.29525082
1516,0,0.22709143,0.26627548
1517,0,0.01549298,0.24941352
1518,0,0.02996744,0.32502475
1519,0,0.72613958,0.38335879
1520,0,0.28676052,0.25353908
1521,0,0.05219828,0.2373687
1522,0,0.08430245,0.2373687
1523,0,0.10651627,0.29525082
1524,1,0.98874872,0.54980671
1525,0,0.05953688,0.32502475
1526,1,0.9359991,0.48488993
1527,0,0.05219828,0.2373687
1528,1,0.7884064,0.76245797
1529,0,0.02934548,0.2373687
1530,0,0.09980646,0.2373687
1531,0,0.02570933,0.24941352
1532,0,0.09489528,0.2373687
1533,0,0.22709143,0.26627548
1534,0,0.06135606,0.2551271
1535,1,0.55724485,0.41721447
1536,0,0.05953688,0.32502475
1537,0,0.22738489,0.27183103
1538,0,0.09455372,0.29525082
1539,0,0.05953688,0.32502475
1540,0,0.19285895,0.28236395
1541,0,0.05953688,0.32502475
1542,0,0.05953688,0.32502475
1543,0,0.05953688,0.32502475
1544,0,0.04692332,0.24941352
1545,0,0.04892788,0.25359988
1546,0,0.06305235,0.32742811
1547,1,0.53466273,0.41531243
1548,1,0.89650454,0.40466891
1549,1,0.85612903,0.42871212
1550,1,0.92104682,0.49116259
1551,1,0.82128595,0.32533339
1552,1,0.97616585,0.40266697
1553,1,0.97614953,0.3199723
1554,0,0.09399107,0.24787287
1555,0,0.1278435,0.33341725
1556,1,0.86749034,0.38676524
1557,1,0.03605747,0.25415741
1558,1,0.8869682,0.37613926
1559,1,0.84357159,0.4609161
1560,1,0.98428529,0.67613972
1561,0,0.04816679,0.27168504
1562,1,0.94804447,0.56179394
1563,1,0.68622915,0.60145081
1564,1,0.92252084,0.57977037
1565,1,0.99304898,0.63225237
1566,1,0.9389654,0.70793573
1567,1,0.96837851,0.58795492
1568,1,0.7198362,0.63236302
1569,0,0.10788925,0.28364174
1570,1,0.99915475,0.5098381
1571,1,0.99980696,0.68611084
1572,1,0.99825123,0.47872577
1573,0,0.80977539,0.44138012
1574,0,0.50543569,0.41845347
1575,0,0.53466273,0.41531243
1576,1,0.03970384,0.2373687
1577,0,0.56445499,0.30650379
1578,0,0.25362576,0.27467329
1579,1,0.7884064,0.76245797
1580,1,0.99915475,0.5098381
1581,1,0.95066186,0.56714513
1582,1,0.99287493,0.64647138
1583,1,0.7198362,0.63236302
1584,0,0.06622815,0.2373687
1585,0,0.05953688,0.32502475
1586,0,0.17990801,0.32199599
1587,1,0.7198362,0.63236302
1588,1,0.94712235,0.45097914
1589,1,0.97458143,0.55077216
1590,1,0.89382501,0.32533339
1591,1,0.99507076,0.69926822
1592,1,0.92663934,0.44022412
1593,1,0.9745879,0.65881279
1594,1,0.988789,0.50150353
1595,1,0.32990597,0.27796239
1596,1,0.97276007,0.58517567
1597,1,0.99942838,0.51308879
1598,1,0.92179218,0.5592694
1599,1,0.96837851,0.58795492
1600,0,0.53466273,0.41531243
1601,1,0.7198362,0.63236302
1602,0,0.50543569,0.41845347
1603,1,0.89525066,0.57805219
1604,0,0.39628351,0.34453231
1605,1,0.91642177,0.42933812
1606,1,0.7198362,0.63236302
1607,1,0.97245727,0.74593487
1608,1,0.7198362,0.63236302
1609,0,0.99919488,0.61707728
1610,1,0.73887625,0.57471664
1611,1,0.89525066,0.57805219
1612,0,0.70872672,0.28549531
1613,1,0.7198362,0.63236302
1614,0,0.59019284,0.37903362
1615,0,0.33466978,0.3468495
1616,1,0.73987763,0.59173478
1617,1,0.53466273,0.41531243
1618,1,0.91396681,0.74192679
1619,1,0.94399863,0.78085097
1620,0,0.02765568,0.2373687
1621,1,0.96008769,0.49034739
1622,0,0.53466273,0.41531243
1623,1,0.95718934,0.56708851
1624,1,0.96394242,0.69835562
1625,1,0.95572211,0.5665582
1626,1,0.95461835,0.56714513
1627,1,0.99190186,0.66388473
1628,1,0.88527415,0.32533339
1629,0,0.02323617,0.2288218
1630,1,0.7198362,0.63236302
1631,0,0.17252937,0.38679035
1632,1,0.05219828,0.2373687
1633,1,0.94436781,0.57805219
1634,1,0.70975902,0.63474856
1635,1,0.98828292,0.71421757
1636,0,0.06007611,0.33756931
1637,1,0.95453794,0.68077521
1638,0,0.03677929,0.36881164
1639,0,0.61428947,0.44821401
1640,0,0.53466273,0.41531243
1641,0,0.48113478,0.30807815
1642,1,0.1908832,0.33423697
1643,1,0.99413936,0.62712313
1644,1,0.9785644,0.65891125
1645,1,0.99299083,0.72093962
1646,1,0.78880059,0.65879072
1647,1,0.78880059,0.65879072
1648,1,0.99101919,0.6443086
1649,1,0.60516102,0.61982667
1650,1,0.89253436,0.67600897
1651,1,0.99507076,0.69926822
1652,1,0.96726878,0.72579413
1653,1,0.9951322,0.56556101
1654,1,0.98754072,0.63071606
1655,1,0.99507076,0.69926822
1656,1,0.98857887,0.57181319
1657,1,0.95517372,0.65514369
1658,1,0.99572127,0.4940945
1659,1,0.99917232,0.71799181
1660,1,0.72545188,0.65656076
1661,1,0.98362332,0.35613612
1662,1,0.5806409,0.45883195
1663,1,0.95487429,0.77194406
1664,1,0.9874208,0.58359608
1665,1,0.98590113,0.4850839
1666,1,0.97334839,0.35741502
1667,0,0.08715257,0.33341725
1668,0,0.17153363,0.41958678
1669,1,0.90431897,0.33422343
1670,1,0.94865728,0.4619199
1671,1,0.93910396,0.45951352
1672,1,0.93758286,0.37332289
1673,1,0.94865728,0.4619199
1674,1,0.92663934,0.44022412
1675,1,0.95629332,0.32571573
1676,1,0.94865728,0.4619199
1677,1,0.95216785,0.46005402
1678,1,0.92702905,0.42452584
1679,1,0.94865728,0.4619199
1680,1,0.95127909,0.5247472
1681,1,0.94865728,0.4619199
1682,1,0.94865728,0.4619199
1683,1,0.94865728,0.4619199
1684,1,0.92663934,0.44022412
1685,1,0.94865728,0.4619199
1686,1,0.69160565,0.59742754
1687,1,0.98325962,0.47750646
1688,1,0.9987285,0.65972068
1689,1,0.92663934,0.44022412
1690,1,0.74051652,0.50285582
1691,1,0.01825892,0.32601216
1692,1,0.83913609,0.41875429
1693,1,0.945698,0.42430724
1694,1,0.98325962,0.47750646
1695,1,0.90400461,0.38348179
1696,1,0.92663934,0.44022412
1697,1,0.92663934,0.44022412
1698,1,0.94865728,0.4619199
1699,1,0.98325962,0.47750646
1700,1,0.95216785,0.46005402
1701,1,0.98325962,0.47750646
1702,1,0.92663934,0.44022412
1703,0,0.02765568,0.2373687
1704,1,0.92663934,0.44022412
1705,1,0.90573077,0.48152989
1706,1,0.92663934,0.44022412
1707,0,0.1033213,0.48541001
1708,0,0.34189739,0.31442854
1709,1,0.33089975,0.38042071
1710,1,0.57766352,0.4450293
1711,1,0.99990018,0.67682067
1712,1,0.97654763,0.60197998
1713,1,0.53466273,0.41531243
1714,1,0.75929097,0.40090393
1715,1,0.99542098,0.6220611
1716,1,0.71450399,0.61879911
1717,1,0.94399863,0.78085097
1718,1,0.53466273,0.41531243
1719,1,0.84701416,0.43774144
1720,1,0.93941973,0.3747439
1721,1,0.89453183,0.39774088
1722,1,0.97110014,0.63247706
1723,1,0.98170798,0.7074915
1724,1,0.53466273,0.41531243
1725,1,0.07751861,0.23096124
1726,1,0.53466273,0.41531243
1727,0,0.11188148,0.22091568
1728,1,0.91311246,0.68237557
1729,1,0.9475512,0.72742445
1730,1,0.99167308,0.58603029
1731,1,0.93167924,0.40044795
1732,0,0.15678427,0.3807673
1733,1,0.99697196,0.53344112
1734,1,0.57766352,0.4450293
1735,1,0.94169964,0.77194406
1736,1,0.98697317,0.55751286
1737,1,0.90459633,0.41584359
1738,0,0.07238596,0.32408924
1739,1,0.89382501,0.32533339
1740,0,0.07056676,0.36458478
1741,1,0.96928938,0.47107599
1742,1,0.95570938,0.57619571
1743,1,0.98139971,0.51681415
1744,1,0.85104858,0.42819507
1745,1,0.94930288,0.53010885
1746,1,0.73537027,0.63236302
1747,1,0.98177341,0.38392128
1748,1,0.95570938,0.57619571
1749,1,0.95738158,0.55531177
1750,1,0.89941375,0.61541374
1751,1,0.72456037,0.49043367
1752,0,0.20094084,0.43904248
1753,1,0.95487429,0.77194406
1754,1,0.9485386,0.56675877
1755,1,0.94399863,0.78085097
1756,1,0.82724441,0.76225414
1757,1,0.91396681,0.74192679
1758,1,0.98139971,0.51681415
1759,1,0.89719481,0.54632597
1760,1,0.89525066,0.57805219
1761,1,0.99580678,0.68819198
1762,1,0.90850709,0.38348179
1763,1,0.53466273,0.41531243
1764,1,0.89525066,0.57805219
1765,1,0.91777471,0.71045661
1766,1,0.91093637,0.36801475
1767,0,0.04692332,0.24941352
1768,0,0.03867591,0.2373687
1769,0,0.12140914,0.24755429
1770,0,0.06647934,0.2373687
1771,0,0.08540612,0.25419802
1772,0,0.22709143,0.26627548
1773,0,0.47818265,0.26255199
1774,0,0.06008614,0.35671499
1775,1,0.84357159,0.4609161
1776,0,0.22709143,0.26627548
1777,0,0.05953688,0.32502475
1778,0,0.05219828,0.2373687
1779,0,0.02184612,0.2373687
1780,0,0.03970384,0.2373687
1781,0,0.05661225,0.34339707
1782,0,0.04692332,0.24941352
1783,1,0.93999623,0.62558514
1784,0,0.09980646,0.2373687
1785,0,0.03867591,0.2373687
1786,0,0.05352088,0.40996028
1787,0,0.03906529,0.20654027
1788,0,0.05953688,0.32502475
1789,1,0.53414686,0.27998064
1790,0,0.09555618,0.26733196
1791,0,0.05953688,0.32502475
1792,0,0.06175493,0.30611303
1793,0,0.05219828,0.2373687
1794,0,0.05953688,0.32502475
1795,0,0.10042266,0.29525082
1796,0,0.03906529,0.20654027
1797,0,0.05219828,0.2373687
1798,0,0.06647934,0.2373687
1799,0,0.05219828,0.2373687
1800,1,0.97937378,0.36899443
1801,0,0.02981489,0.2373687
1802,1,0.95696798,0.59241786
1803,0,0.05331269,0.27734789
1804,0,0.03146999,0.24552784
1805,1,0.92853574,0.35878539
1806,0,0.05071365,0.2551271
1807,0,0.22709143,0.26627548
1808,0,0.05953688,0.32502475
1809,0,0.22709143,0.26627548
1810,0,0.22709143,0.26627548
1811,0,0.09678796,0.25010842
1812,0,0.53466273,0.41531243
1813,1,0.96837851,0.58795492
1814,1,0.99078471,0.70756812
1815,1,0.22738489,0.27183103
1816,0,0.05953688,0.32502475
1817,0,0.04360502,0.24941352
1818,0,0.04196106,0.2373687
1819,0,0.04861273,0.2373687
1820,0,0.03544259,0.27168504
1821,0,0.06162372,0.25415741
1822,0,0.05769139,0.27734789
1823,0,0.03727017,0.25359988
1824,0,0.05219828,0.2373687
1825,0,0.14666775,0.25415741
1826,0,0.12140914,0.24755429
1827,0,0.09355245,0.29525082
1828,1,0.87579389,0.36904811
1829,0,0.03003426,0.22091568
1830,0,0.04692332,0.24941352
1831,0,0.05071365,0.2551271
1832,0,0.05219828,0.2373687
1833,0,0.05651014,0.30611303
1834,0,0.04166875,0.26815613
1835,0,0.00603234,0.25415741
1836,0,0.06774216,0.26800154
1837,0,0.2706512,0.2551271
1838,0,0.60458435,0.29684254
1839,0,0.20094084,0.43904248
1840,1,0.84357159,0.4609161
1841,1,0.89444181,0.7678218
1842,1,0.82644316,0.42522655
1843,1,0.48113478,0.30807815
1844,1,0.89189915,0.41984534
1845,1,0.99941974,0.58622724
1846,1,0.95572211,0.5665582
1847,1,0.92832973,0.35410797
1848,1,0.94424866,0.51413552
1849,1,0.94852099,0.56457059
1850,1,0.882224,0.53184313
1851,1,0.96837851,0.58795492
1852,1,0.99164112,0.63253436
1853,1,0.98141352,0.49932264
1854,1,0.72381474,0.52138484
1855,1,0.99435826,0.43934737
1856,1,0.99979702,0.47070003
1857,1,0.94996302,0.56953544
1858,1,0.99112852,0.47361345
1859,1,0.7198362,0.63236302
1860,1,0.9843984,0.5801572
1861,1,0.98139971,0.51681415
1862,1,0.98485104,0.56313688
1863,1,0.43169596,0.44868367
1864,0,0.05500716,0.25359988
1865,1,0.24534383,0.3624025
1866,1,0.94953784,0.68237557
1867,1,0.95738158,0.55531177
1868,1,0.9745879,0.65881279
1869,0,0.01834926,0.32502475
1870,1,0.9941933,0.66130935
1871,1,0.90341506,0.52314994
1872,0,0.05219828,0.2373687
1873,1,0.43345155,0.29716119
1874,1,0.7884064,0.76245797
1875,1,0.98485104,0.56313688
1876,1,0.95572211,0.5665582
1877,1,0.91844798,0.38836322
1878,1,0.97510909,0.55879414
1879,1,0.90948191,0.39006012
1880,1,0.99507076,0.69926822
1881,1,0.66525751,0.34568242
1882,1,0.99875796,0.55085002
1883,0,0.50543569,0.41845347
1884,1,0.99840334,0.55248373
1885,1,0.96123647,0.57676619
1886,0,0.50543569,0.41845347
1887,1,0.05219828,0.2373687
1888,1,0.71524835,0.60964596
1889,1,0.90948191,0.39006012
1890,1,0.90380567,0.36103222
1891,1,0.80689142,0.43983705
1892,1,0.92918367,0.43297829
1893,0,0.03906529,0.20654027
1894,0,0.02934548,0.2373687
1895,0,0.73753017,0.30213652
1896,1,0.05953688,0.32502475
1897,1,0.98768539,0.46625402
1898,0,0.03727017,0.25359988
1899,0,0.2013603,0.24941352
1900,0,0.05858357,0.40996028
1901,0,0.17085058,0.26889478
1902,1,0.99808687,0.44264967
1903,0,0.04692332,0.24941352
1904,0,0.04692332,0.24941352
1905,0,0.05050082,0.2373687
1906,1,0.92104682,0.49116259
1907,1,0.7198362,0.63236302
1908,0,0.08501435,0.25415741
1909,1,0.53466273,0.41531243
1910,1,0.99939724,0.55799288
1911,1,0.9745879,0.65881279
1912,1,0.97635815,0.66548175
1913,1,0.95127909,0.5247472
1914,0,0.7848275,0.43315853
1915,1,0.73987763,0.59173478
1916,1,0.95532698,0.52514696
1917,1,0.9424321,0.50537308
1918,1,0.68923758,0.63958162
1919,1,0.87713395,0.52262326
1920,1,0.82736432,0.584625
1921,1,0.99472186,0.68674044
1922,1,0.95561505,0.54803769
1923,1,0.99628306,0.67353617
1924,0,0.99805037,0.45108547
1925,1,0.9941933,0.66130935
1926,1,0.95738158,0.55531177
1927,1,0.97998671,0.66177028
1928,1,0.99388814,0.63056483
1929,1,0.96673907,0.60963613
1930,1,0.90453647,0.71930214
1931,1,0.99767799,0.52255709
1932,1,0.99980879,0.68611084
1933,1,0.97563931,0.74778927
1934,1,0.98835766,0.68288743
1935,1,0.97591249,0.47179097
1936,1,0.99203485,0.71866302
1937,1,0.50762888,0.56428317
1938,1,0.9941933,0.66130935
1939,1,0.99697291,0.53616587
1940,1,0.98428529,0.67613972
1941,1,0.9424321,0.50537308
1942,0,0.05905279,0.26114904
1943,0,0.04793817,0.23054442
1944,0,0.05219828,0.2373687
1945,0,0.04692332,0.24941352
1946,0,0.22709143,0.26627548
1947,0,0.01277446,0.28783154
1948,0,0.17085058,0.26889478
1949,0,0.04692332,0.24941352
1950,0,0.04892788,0.25359988
1951,0,0.06175493,0.30611303
1952,0,0.04692332,0.24941352
1953,0,0.02186173,0.2373687
1954,0,0.06092935,0.22091568
1955,0,0.03727017,0.25359988
1956,0,0.05953688,0.32502475
1957,0,0.07948581,0.2373687
1958,0,0.01775546,0.40094463
1959,0,0.17762664,0.2373687
1960,0,0.09980646,0.2373687
1961,0,0.05905279,0.26114904
1962,0,0.09677854,0.27734789
1963,0,0.05219828,0.2373687
1964,1,0.68912371,0.65795427
1965,0,0.16539541,0.25415741
1966,0,0.0982301,0.29525082
1967,0,0.05490121,0.2723842
1968,0,0.09980646,0.2373687
1969,0,0.60601355,0.35599024
1970,0,0.06135606,0.2551271
1971,0,0.02981489,0.2373687
1972,0,0.05769139,0.27734789
1973,0,0.03544259,0.27168504
1974,0,0.05953688,0.32502475
1975,0,0.17085058,0.26889478
1976,0,0.06092935,0.22091568
1977,0,0.07071563,0.26733196
1978,0,0.02186173,0.2373687
1979,0,0.19548876,0.22919306
1980,0,0.05219828,0.2373687
1981,0,0.05953688,0.32502475
1982,0,0.05654049,0.30272276
1983,0,0.04692332,0.24941352
1984,1,0.7147005,0.3541605
1985,0,0.05953688,0.32502475
1986,0,0.06092935,0.22091568
1987,0,0.09789444,0.24941352
1988,0,0.16539541,0.25415741
1989,1,0.95843765,0.52068035
1990,0,0.10636545,0.27063984
1991,0,0.05953688,0.32502475
1992,0,0.22738489,0.27183103
1993,0,0.09980646,0.2373687
1994,1,0.9745879,0.65881279
1995,1,0.99435826,0.43934737
1996,0,0.0982301,0.29525082
1997,0,0.11747966,0.3058291
1998,0,0.06622815,0.2373687
1999,0,0.08432198,0.23467949
2000,0,0.06647934,0.2373687
2001,0,0.17790551,0.2373687
2002,0,0.05821156,0.25415741
2003,0,0.05953688,0.32502475
2004,0,0.05953688,0.32502475
2005,0,0.50543569,0.41845347
2006,0,0.05832281,0.2551271
2007,1,0.93258469,0.31480905
2008,1,0.93904224,0.50913765
2009,0,0.05219828,0.2373687
2010,1,0.93600237,0.48488993
2011,0,0.02366264,0.23054442
2012,0,0.13800043,0.26526304
2013,0,0.06647934,0.2373687
2014,1,0.9037395,0.38348179
2015,0,0.05643873,0.20654027
2016,0,0.09555618,0.26733196
2017,0,0.03907173,0.2373687
2018,0,0.1356231,0.24755429
2019,0,0.05643873,0.20654027
2020,0,0.04693104,0.24755429
2021,1,0.99897943,0.7183037
2022,1,0.99906956,0.7231234
2023,1,0.99886772,0.71189078
2024,1,0.92410873,0.49496623
2025,1,0.99747983,0.63348281
2026,1,0.97605893,0.66125887
2027,1,0.99966735,0.73787693
2028,1,0.95890812,0.54746677
2029,1,0.99876709,0.74441246
2030,1,0.99943448,0.76628588
2031,1,0.9996291,0.72351073
2032,1,0.96179538,0.60598657
2033,1,0.98203849,0.67489894
2034,1,0.96012217,0.71583088
2035,1,0.97273432,0.70991855
2036,0,0.05219828,0.2373687
2037,0,0.04502743,0.25233576
2038,1,0.97119798,0.55193537
2039,1,0.98960547,0.48720775
2040,1,0.89057284,0.52552277
2041,1,0.99098055,0.6334008
2042,1,0.99181198,0.65946142
2043,0,0.05889756,0.24383549
2044,0,0.08488623,0.22772834
2045,0,0.07751861,0.23096124
2046,0,0.07424778,0.26588233
2047,0,0.06913255,0.2668148
2048,0,0.11084658,0.28827106
2049,1,0.99307463,0.68014275
2050,1,0.93847673,0.59021595
2051,1,0.79185493,0.53261991
2052,0,0.04528248,0.2551271
2053,0,0.0721642,0.20955498
2054,1,0.99920076,0.72228748
2055,1,0.97888957,0.64230995
2056,1,0.98948796,0.78188479
2057,1,0.97663561,0.57575612
2058,0,0.07404477,0.25538094
2059,1,0.99367723,0.52737845
2060,1,0.99820201,0.74291192
2061,1,0.78314957,0.28380627
2062,1,0.85109261,0.26249894
2063,1,0.96344278,0.69568269
2064,1,0.9709312,0.61524908
2065,0,0.05855748,0.23054442
2066,0,0.07301266,0.23096124
2067,1,0.99532325,0.53262604
2068,0,0.0103667,0.2373687
2069,0,0.0695466,0.27255684
2070,0,0.07589693,0.23593325
2071,0,0.02755663,0.2373687
2072,0,0.06787155,0.25010842
2073,0,0.04989383,0.23577264
2074,0,0.01635327,0.24787287
2075,1,0.09503191,0.3851597
2076,1,0.93243806,0.59277624
2077,1,0.95723517,0.65003533
2078,1,0.89289234,0.62143297
2079,1,0.97790703,0.70445307
2080,1,0.99920076,0.72228748
2081,0,0.09769333,0.30576288
2082,1,0.96625496,0.57043546
2083,1,0.97374874,0.51314496
2084,1,0.95968572,0.48034633
2085,0,0.06092935,0.22091568
2086,1,0.93102776,0.47741167
2087,1,0.98627113,0.52583034
2088,1,0.99652914,0.68046669
2089,1,0.94390529,0.64591133
2090,0,0.03727017,0.25359988
2091,1,0.99929292,0.68232251
2092,1,0.99981818,0.74727951
2093,0,0.04535185,0.20628254
2094,0,0.09714547,0.27602014
2095,0,0.0476771,0.20487764
2096,1,0.88430072,0.3672278
2097,1,0.90193061,0.41749656
2098,1,0.48300252,0.23560784
2099,0,0.07028339,0.31293947
2100,0,0.05219828,0.2373687
2101,0,0.09314939,0.26588233
2102,1,0.99636302,0.62687909
2103,0,0.04681639,0.25238457
2104,0,0.54479054,0.26783182
2105,0,0.06405479,0.25924357
2106,0,0.06228549,0.28772615
2107,0,0.11575282,0.25361702
2108,1,0.99950833,0.74727951
2109,1,0.07404477,0.25538094
2110,0,0.06403618,0.22091568
2111,0,0.06836186,0.26944127
2112,0,0.07934343,0.2699988
2113,0,0.05821156,0.25415741
2114,0,0.06664319,0.23096124
2115,0,0.06283955,0.25010842
2116,0,0.08303599,0.23222826
2117,0,0.09961427,0.23084413
2118,1,0.97142939,0.64730665
2119,1,0.9810457,0.62472634
2120,1,0.99698091,0.60861044
2121,0,0.06787155,0.25010842
2122,1,0.98381257,0.67183387
2123,1,0.92274075,0.4416485
2124,1,0.96483054,0.6093586
2125,1,0.99069634,0.61017863
2126,1,0.9870441,0.62236832
2127,1,0.99638035,0.63033084
2128,1,0.99882545,0.53560535
2129,1,0.99403303,0.63937525
2130,1,0.96846293,0.59786154
2131,0,0.06101442,0.20690539
2132,0,0.07751861,0.23096124
2133,0,0.02675169,0.238333
2134,1,0.93922006,0.68279168
2135,0,0.06787155,0.25010842
2136,0,0.04441067,0.26292912
2137,0,0.08422806,0.23096124
2138,0,0.04562763,0.26175083
2139,0,0.06787155,0.25010842
2140,0,0.06092935,0.22091568
2141,0,0.05815231,0.13196377
2142,1,0.98171098,0.39537873
2143,0,0.09021665,0.2323314
2144,0,0.07404477,0.25538094
2145,0,0.05004036,0.20089273
2146,0,0.05643873,0.20654027
2147,0,0.03984127,0.32304226
2148,0,0.07536521,0.33813471
2149,0,0.06787155,0.25010842
2150,0,0.08310611,0.23222826
2151,1,0.7198362,0.63236302
2152,0,0.06787155,0.25010842
2153,0,0.16284195,0.23319204
2154,0,0.0678691,0.25010842
2155,0,0.06035497,0.14306551
2156,0,0.04418093,0.2373687
2157,0,0.04418093,0.2373687
2158,0,0.06787155,0.25010842
2159,0,0.07776604,0.2668148
2160,0,0.04686866,0.23448332
2161,1,0.87927023,0.38114112
2162,1,0.9995072,0.74727951
2163,0,0.07912222,0.33184295
2164,0,0.07153338,0.23703374
2165,1,0.86760974,0.32842404
2166,1,0.7879456,0.4869653
2167,1,0.80621278,0.29345117
2168,1,0.91347364,0.36578865
2169,0,0.05912829,0.22091568
2170,0,0.04146661,0.26110454
2171,0,0.05219828,0.2373687
2172,1,0.99997262,0.75371123
2173,0,0.0695466,0.27255684
2174,0,0.09902206,0.46358277
2175,1,0.99950471,0.74727951
2176,1,0.99920076,0.72228748
2177,1,0.96540832,0.46919956
2178,1,0.9770675,0.60504254
2179,0,0.06670528,0.16343595
2180,0,0.04418093,0.2373687
2181,0,0.07913835,0.24140127
2182,0,0.05219828,0.2373687
2183,0,0.05244817,0.27918119
2184,0,0.05219828,0.2373687
2185,0,0.05219828,0.2373687
2186,0,0.03948167,0.2551271
2187,1,0.10647587,0.44186639
2188,0,0.05682979,0.27502007
2189,0,0.04851378,0.25415741
2190,1,0.87340352,0.3421221
2191,1,0.99898493,0.7584399
2192,0,0.05219828,0.2373687
2193,1,0.92547203,0.51036874
2194,0,0.04852448,0.21697131
2195,0,0.06564548,0.22091568
2196,1,0.93243692,0.59277624
2197,1,0.99918794,0.79494681
2198,0,0.06092935,0.22091568
2199,0,0.04839606,0.25415741
2200,0,0.03916649,0.2373687
2201,1,0.04874186,0.2373687
2202,0,0.05648677,0.23054442
2203,0,0.07585915,0.24332375
2204,0,0.06092935,0.22091568
2205,0,0.05219828,0.2373687
2206,0,0.06135606,0.2551271
2207,0,0.06135606,0.2551271
2208,0,0.06783928,0.2395284
2209,0,0.05219828,0.2373687
2210,0,0.04709411,0.2373687
2211,0,0.06092935,0.22091568
2212,1,0.88863231,0.39229762
2213,1,0.9996203,0.59115443
2214,1,0.78333834,0.49578412
2215,0,0.01569282,0.26052183
2216,0,0.09892691,0.27184924
2217,0,0.05953688,0.32502475
2218,0,0.04301923,0.26507732
2219,0,0.06722021,0.26588233
2220,0,0.04301923,0.26507732
2221,0,0.01596457,0.27126305
2222,0,0.06054702,0.25983504
2223,0,0.0539597,0.25415741
2224,0,0.05682979,0.27502007
2225,0,0.01568494,0.26052183
2226,0,0.06100972,0.25854294
2227,1,0.96980471,0.64943973
2228,0,0.07038823,0.24318469
2229,1,0.97079564,0.60293559
2230,1,0.84963454,0.30815176
2231,1,0.99928195,0.69833721
2232,1,0.98643935,0.57359006
2233,1,0.99261161,0.69519122
2234,1,0.98014118,0.69357201
2235,1,0.9977314,0.48572434
2236,0,0.06389417,0.24318469
2237,0,0.05507699,0.23819394
2238,0,0.77068911,0.49587409
2239,1,0.97548569,0.53303833
2240,1,0.97917626,0.64924411
2241,0,0.99431772,0.46761312
2242,1,0.98097057,0.47220342
2243,0,0.98992158,0.44994065
2244,1,0.97718124,0.63048703
2245,0,0.98831294,0.41554497
2246,1,0.96610349,0.6011769
2247,1,0.93354236,0.49750182
2248,1,0.70557915,0.56483148
2249,1,0.59199817,0.54827191
2250,1,0.97488938,0.48567641
2251,1,0.97074845,0.6812306
2252,1,0.95572821,0.48741479
2253,1,0.9998402,0.68886334
2254,1,0.91087116,0.47657105
2255,1,0.99685743,0.6767547
2256,1,0.98224879,0.60525497
2257,1,0.94217797,0.62981097
2258,1,0.95450606,0.5079979
2259,1,0.96985285,0.62876442
2260,1,0.97083531,0.48419334
2261,1,0.98082145,0.65754811
2262,1,0.93401736,0.46798805
2263,1,0.98608279,0.64067682
2264,1,0.83137646,0.62276864
2265,1,0.96175215,0.44006589
2266,1,0.87181411,0.56867715
2267,1,0.13185937,0.52892468
2268,1,0.68170498,0.5218853
2269,1,0.95678319,0.48329637
2270,1,0.31629702,0.38391527
2271,1,0.50387697,0.35830265
2272,0,0.31275884,0.45467763
2273,1,0.88861228,0.52703443
2274,1,0.98294496,0.46203838
2275,1,0.94382463,0.5965914
2276,1,0.83611622,0.40702753
2277,1,0.95331762,0.40035443
2278,1,0.99777243,0.56592103
2279,1,0.89330363,0.45906787
2280,1,0.88830799,0.5534497
2281,0,0.17287441,0.26588233
2282,1,0.95909613,0.50535692
2283,1,0.96374449,0.63251241
2284,0,0.12764039,0.3717309
2285,1,0.92103592,0.45883612
2286,0,0.15139655,0.37176322
2287,0,0.04336557,0.27352861
2288,0,0.13528284,0.3975622
2289,1,0.92139174,0.32812851
2290,1,0.98299957,0.65190056
2291,0,0.04752904,0.2494302
2292,1,0.96926856,0.60871178
2293,1,0.99533457,0.48225202
2294,1,0.9966317,0.5312566
2295,1,0.21941242,0.37106408
2296,0,0.2940005,0.42138508
2297,1,0.50252491,0.2487983
2298,1,0.97240547,0.47778075
2299,1,0.91965121,0.57421332
2300,0,0.02542664,0.24928557
2301,1,0.9998513,0.5951119
2302,1,0.9981138,0.57519386
2303,1,0.99555435,0.51486717
2304,1,0.81233466,0.68056717
2305,1,0.9937244,0.49705867
2306,1,0.99387619,0.59557095
2307,1,0.98501981,0.49932666
2308,1,0.96748944,0.46023702
2309,1,0.99215104,0.5783292
2310,1,0.79565923,0.45741865
2311,1,0.99885714,0.51010474
2312,1,0.79122395,0.44393854
2313,1,0.98545118,0.5807824
2314,1,0.99485416,0.50145974
2315,1,0.85562054,0.55299247
2316,0,0.09749875,0.23819394
2317,0,0.03493994,0.25002591
2318,1,0.9847479,0.68356838
2319,1,0.98581102,0.71365036
2320,1,0.98473614,0.66207893
2321,1,0.97177576,0.44433449
2322,1,0.97694947,0.58675946
2323,1,0.9659542,0.56605895
2324,1,0.90104711,0.55131255
2325,0,0.20410439,0.29923363
2326,1,0.07831747,0.23819394
2327,0,0.0584563,0.23645384
2328,0,0.05507699,0.23819394
2329,1,0.93366958,0.5974713
2330,1,0.99669698,0.44699177
2331,1,0.93737345,0.5974713
2332,1,0.97120741,0.59789802
2333,1,0.72504626,0.38344273
2334,1,0.09131151,0.50816235
2335,0,0.06201968,0.2551271
2336,0,0.05102421,0.23270772
2337,0,0.04526343,0.24610784
2338,0,0.85063066,0.39581661
2339,0,0.08433141,0.23819394
2340,0,0.05299622,0.15782626
2341,0,0.04415353,0.22796995
2342,0,0.05144534,0.25359988
2343,0,0.06356295,0.3315815
2344,0,0.06274725,0.23645384
2345,1,0.88416005,0.27212768
2346,0,0.05165233,0.23160697
2347,0,0.05195963,0.2373687
2348,0,0.01563426,0.23309134
2349,0,0.0991665,0.3306903
2350,0,0.02092824,0.23645384
2351,0,0.04587947,0.25233576
2352,0,0.05303264,0.23054442
2353,0,0.04122886,0.23819394
2354,0,0.24049008,0.55059237
2355,0,0.04972267,0.32502475
2356,0,0.04387181,0.23065101
2357,0,0.05085306,0.2494302
2358,1,0.86841727,0.32894772
2359,0,0.05402819,0.22324602
2360,0,0.0720581,0.2551271
2361,0,0.05133919,0.29865765
2362,0,0.0539597,0.25415741
2363,0,0.35224983,0.22091568
2364,0,0.05219828,0.2373687
2365,0,0.01960846,0.23941315
2366,0,0.05219828,0.2373687
2367,0,0.1001522,0.45141151
2368,1,0.99805018,0.80522119
2369,0,0.05119464,0.22424571
2370,0,0.05243885,0.2373687
2371,0,0.05180041,0.2494302
2372,1,0.90240684,0.32672797
2373,0,0.05219828,0.2373687
2374,0,0.0503378,0.2373687
2375,0,0.05992752,0.22760813
2376,0,0.06305516,0.33250934
2377,0,0.04845351,0.25415741
2378,0,0.05728427,0.23645384
2379,0,0.06135606,0.2551271
2380,1,0.39773531,0.26454115
2381,0,0.04573956,0.25359988
2382,0,0.07711618,0.24098517
2383,0,0.06135606,0.2551271
2384,0,0.0259573,0.23819394
2385,0,0.03334883,0.22091568
2386,0,0.0385311,0.32227812
2387,1,0.81104137,0.30688927
2388,0,0.05821156,0.25415741
2389,0,0.06077362,0.25810771
2390,0,0.02653853,0.26668026
2391,0,0.04254199,0.20483712
2392,0,0.05507699,0.23819394
2393,1,0.78355361,0.31543886
2394,0,0.05507699,0.23819394
2395,0,0.05219828,0.2373687
2396,0,0.02990241,0.23002666
2397,1,0.94242805,0.41075113
2398,0,0.0584563,0.23645384
2399,0,0.026541,0.2373687
2400,0,0.0374298,0.25233576
2401,0,0.07474083,0.25587438
2402,0,0.05507699,0.23819394
2403,0,0.05848232,0.21862098
2404,0,0.05219828,0.2373687
2405,0,0.04157634,0.23028919
2406,0,0.04971337,0.2373687
2407,0,0.04595537,0.25359988
2408,0,0.0494404,0.23819394
2409,0,0.05855748,0.23054442
2410,0,0.03890075,0.22091568
2411,0,0.05774997,0.25038397
2412,0,0.05219828,0.2373687
2413,0,0.06305235,0.32742811
2414,0,0.05342694,0.23227372
2415,0,0.05815231,0.13196377
2416,0,0.05219828,0.2373687
2417,0,0.05550754,0.25415741
2418,0,0.05648677,0.23054442
2419,0,0.05797013,0.22167628
2420,0,0.04492594,0.24610784
2421,0,0.03686105,0.25233576
2422,0,0.04890855,0.2373687
2423,0,0.03907992,0.24769025
2424,0,0.06152471,0.2551271
2425,0,0.05219828,0.2373687
2426,0,0.03329874,0.23088687
2427,0,0.0720581,0.2551271
2428,0,0.05987495,0.25359988
2429,0,0.06152197,0.26807566
2430,0,0.05507699,0.23819394
2431,0,0.05219828,0.2373687
2432,0,0.05284156,0.22091568
2433,0,0.05642365,0.25002591
2434,0,0.04685687,0.2373687
2435,0,0.05012878,0.2373687
2436,0,0.05066789,0.23054442
2437,1,0.0926137,0.22259175
2438,0,0.05507659,0.23819394
2439,0,0.11140967,0.33928822
2440,0,0.03299224,0.22945735
2441,0,0.05275689,0.24741673
2442,0,0.05755697,0.31398989
2443,0,0.05507699,0.23819394
2444,0,0.0321987,0.21180343
2445,0,0.05028593,0.23054442
2446,0,0.05507699,0.23819394
2447,0,0.05306001,0.23028919
2448,1,0.88795648,0.34381355
2449,0,0.03686105,0.25233576
2450,0,0.05219828,0.2373687
2451,0,0.0584563,0.23645384
2452,0,0.04044973,0.23363868
2453,0,0.05755697,0.31398989
2454,1,0.92382712,0.37913705
2455,0,0.03769398,0.34680897
2456,0,0.05507699,0.23819394
2457,0,0.05052173,0.25293881
2458,0,0.0477826,0.25233576
2459,0,0.05465914,0.30086735
2460,1,0.93577998,0.39923834
2461,1,0.97685557,0.49175711
2462,0,0.03269447,0.23054442
2463,0,0.01887081,0.23577239
2464,0,0.05507699,0.23819394
2465,0,0.06024027,0.2551271
2466,0,0.10070834,0.23819394
2467,0,0.05785044,0.244667
2468,0,0.03802452,0.22713621
2469,0,0.05769139,0.27734789
2470,1,0.98307334,0.48538335
2471,1,0.89647526,0.3339474
2472,1,0.83844232,0.27212768
2473,0,0.0498256,0.2373687
2474,0,0.0406231,0.22091568
2475,0,0.05855748,0.23054442
2476,0,0.05219828,0.2373687
2477,0,0.01267714,0.24754547
2478,1,0.88555129,0.29798261
2479,0,0.04526343,0.24610784
2480,0,0.03686105,0.25233576
2481,0,0.04453189,0.2484274
2482,0,0.077284,0.25038397
2483,0,0.06195302,0.23645384
2484,0,0.04194615,0.33731315
2485,1,0.8861793,0.36054054
2486,0,0.05317715,0.22091568
2487,0,0.0375598,0.25233576
2488,0,0.05894989,0.24685684
2489,0,0.04904386,0.23645384
2490,0,0.05507699,0.23819394
2491,0,0.0584563,0.23645384
2492,0,0.05780162,0.22918607
2493,0,0.04899639,0.2494302
2494,0,0.05476889,0.2551271
2495,1,0.89114292,0.40036624
2496,1,0.47267183,0.27300714
2497,0,0.06453505,0.32502475
2498,0,0.06175493,0.30611303
2499,0,0.02800841,0.25233576
2500,0,0.05507699,0.23819394
2501,1,0.82015497,0.30029544
2502,0,0.05219828,0.2373687
2503,0,0.05342448,0.23819394
2504,0,0.06674524,0.23092616
2505,0,0.05219828,0.2373687
2506,0,0.09629499,0.23062053
2507,0,0.03915282,0.2373687
2508,0,0.01125684,0.24928557
2509,1,0.94235371,0.58839058
2510,1,0.76136256,0.31809732
2511,0,0.02021055,0.32264134
2512,1,0.89220636,0.48101297
2513,0,0.05676997,0.2551271
2514,0,0.05821156,0.25415741
2515,0,0.05918922,0.23819394
2516,0,0.06722778,0.37795924
2517,1,0.83926092,0.30167109
2518,0,0.01355055,0.22324602
2519,0,0.09215949,0.14415369
2520,0,0.05507699,0.23819394
2521,0,0.03969773,0.25025765
2522,0,0.0747007,0.23074437
2523,0,0.05219828,0.2373687
2524,0,0.05263397,0.22091568
2525,0,0.05507699,0.23819394
2526,0,0.05507699,0.23819394
2527,0,0.04881169,0.2373687
2528,0,0.04301923,0.26507732
2529,0,0.04893815,0.25415741
2530,0,0.05234112,0.23054442
2531,0,0.06797226,0.24189211
2532,0,0.03915282,0.2373687
2533,0,0.04484895,0.2373687
2534,0,0.05266728,0.23638467
2535,0,0.0720581,0.2551271
2536,1,0.86841727,0.32894772
2537,0,0.01799781,0.23092616
2538,0,0.07472577,0.32400575
2539,0,0.03611183,0.17498457
2540,0,0.04528243,0.2494302
2541,0,0.04909232,0.21132723
2542,1,0.95857139,0.60192301
2543,0,0.06847982,0.22324602
2544,0,0.04244941,0.32227812
2545,0,0.05507699,0.23819394
2546,1,0.88958631,0.29107441
2547,0,0.05409277,0.32593609
2548,0,0.03881468,0.24558748
2549,0,0.03523712,0.2373687
2550,0,0.05746238,0.23645384
2551,0,0.0477826,0.25233576
2552,0,0.05415794,0.23819394
2553,0,0.06024027,0.2551271
2554,1,0.85142648,0.29413516
2555,0,0.05440322,0.23054442
2556,1,0.93147868,0.32533339
2557,1,0.89956787,0.33625199
2558,0,0.02356655,0.25687095
2559,0,0.05219828,0.2373687
2560,0,0.03999399,0.21180343
2561,0,0.05103572,0.23054442
2562,0,0.05643873,0.20654027
2563,0,0.04972267,0.32502475
2564,0,0.05219828,0.2373687
2565,0,0.06274725,0.23645384
2566,1,0.82681525,0.33481125
2567,0,0.07556504,0.25227562
2568,0,0.04892882,0.24983869
2569,1,0.88990221,0.50636784
2570,0,0.04587947,0.25233576
2571,0,0.03025305,0.22749416
2572,0,0.05858029,0.23092616
2573,0,0.05219828,0.2373687
2574,0,0.02468362,0.24197413
2575,0,0.06092935,0.22091568
2576,0,0.05648677,0.23054442
2577,0,0.04570523,0.2373687
2578,0,0.0394212,0.25359988
2579,1,0.82903848,0.30735117
2580,0,0.04587086,0.25359988
2581,0,0.03399282,0.2520962
2582,0,0.01978499,0.23819394
2583,0,0.05677567,0.2551271
2584,0,0.07917421,0.23043889
2585,0,0.01797193,0.23309134
2586,0,0.01076934,0.23645384
2587,0,0.14355424,0.25027214
2588,0,0.06820186,0.20549503
2589,0,0.05916275,0.23922953
2590,1,0.98862123,0.42221615
2591,0,0.05507699,0.23819394
2592,0,0.02668294,0.24197413
2593,1,0.99882151,0.6952275
2594,0,0.05219828,0.2373687
2595,0,0.042214,0.23819394
2596,0,0.14517891,0.2271915
2597,0,0.04979763,0.32571395
2598,0,0.05219828,0.2373687
2599,0,0.03984701,0.25254869
2600,0,0.05855748,0.23054442
2601,1,0.98000076,0.40815708
2602,0,0.06572753,0.22452525
2603,0,0.05499548,0.23819394
2604,0,0.05507659,0.23819394
2605,0,0.06486484,0.34144217
2606,1,0.8988624,0.32672797
2607,0,0.05441809,0.23819394
2608,1,0.8918689,0.36168553
2609,0,0.05507699,0.23819394
2610,0,0.04099308,0.22600831
2611,1,0.88421505,0.35636253
2612,0,0.05180041,0.2494302
2613,0,0.04298328,0.23409568
2614,0,0.04707088,0.23819394
2615,0,0.03184946,0.24941352
2616,0,0.04099308,0.22600831
2617,0,0.05522919,0.23819394
2618,0,0.04305747,0.23755309
2619,1,0.85122219,0.29731196
2620,0,0.05855748,0.23054442
2621,0,0.09892691,0.27184924
2622,1,0.86841727,0.32894772
2623,0,0.05855748,0.23054442
2624,0,0.03991077,0.21180343
2625,0,0.05987564,0.20996551
2626,0,0.05180041,0.2494302
2627,0,0.03343344,0.23356792
2628,0,0.0594542,0.22596116
2629,0,0.01735226,0.32169471
2630,0,0.05648677,0.23054442
2631,0,0.05507699,0.23819394
2632,0,0.06425643,0.35146947
2633,0,0.06684817,0.14450212
2634,0,0.04709411,0.2373687
2635,0,0.20045573,0.23074437
2636,0,0.04172348,0.25359988
2637,0,0.05738312,0.23270772
2638,0,0.04669865,0.27254215
2639,0,0.01781109,0.24343239
2640,0,0.05784378,0.32502475
2641,0,0.053778,0.24060433
2642,1,0.85122219,0.29731196
2643,1,0.83844232,0.27212768
2644,0,0.21314701,0.23564768
2645,0,0.04773998,0.26110454
2646,0,0.03254249,0.2373687
2647,0,0.05769139,0.27734789
2648,0,0.0546827,0.22091568
2649,1,0.93844892,0.59021595
2650,0,0.0586175,0.1434507
2651,0,0.06135606,0.2551271
2652,0,0.0259573,0.23819394
2653,0,0.08378968,0.3146544
2654,0,0.05006073,0.24240691
2655,1,0.82681525,0.33481125
2656,0,0.06177539,0.13572984
2657,0,0.1089039,0.25810771
2658,0,0.05444828,0.23028919
2659,0,0.04892788,0.25359988
2660,1,0.8201276,0.32219917
2661,0,0.03299224,0.22945735
2662,0,0.12754885,0.25595204
2663,0,0.0385311,0.32227812
2664,0,0.04309059,0.23819394
2665,0,0.05507699,0.23819394
2666,0,0.33155327,0.29484551
2667,0,0.05435311,0.25293881
2668,0,0.03493994,0.25002591
2669,0,0.04282376,0.235813
2670,1,0.8870772,0.42752127
2671,0,0.09656047,0.23188465
2672,0,0.04312419,0.22700006
2673,0,0.05788875,0.23819394
2674,0,0.01251562,0.26052183
2675,0,0.06280794,0.15016484
2676,0,0.04968761,0.22091568
2677,0,0.06092935,0.22091568
2678,1,0.89753423,0.33229672
2679,0,0.05495227,0.30155399
2680,0,0.04926087,0.27734789
2681,0,0.68199222,0.56559237
2682,1,0.88402637,0.30023702
2683,0,0.0738315,0.22813727
2684,1,0.99824547,0.54812549
2685,0,0.05180041,0.2494302
2686,1,0.94948908,0.64747192
2687,0,0.0477826,0.25233576
2688,1,0.90379989,0.32533339
2689,1,0.86841727,0.32894772
2690,0,0.05219828,0.2373687
2691,0,0.06178654,0.21697131
2692,1,0.88990221,0.50636784
2693,0,0.06092935,0.22091568
2694,0,0.0584876,0.33250934
2695,0,0.0556787,0.23054442
2696,1,0.84525394,0.39632986
2697,0,0.97074845,0.6812306
2698,0,0.04734605,0.23054442
2699,0,0.03721618,0.24239517
2700,0,0.08002161,0.25293881
2701,0,0.05180041,0.2494302
2702,0,0.04587947,0.25233576
2703,0,0.05219828,0.2373687
2704,1,0.82451568,0.29856158
2705,1,0.86841727,0.32894772
2706,0,0.05028729,0.23054442
2707,0,0.05769139,0.27734789
2708,0,0.04505096,0.23819394
2709,0,0.04813714,0.27168504
2710,0,0.05476889,0.2551271
2711,0,0.01273707,0.24928557
2712,0,0.04797442,0.2373687
2713,0,0.03399282,0.2520962
2714,0,0.08424626,0.23819394
2715,0,0.04420267,0.24438184
2716,0,0.03405728,0.23922953
2717,0,0.05346351,0.30611303
2718,0,0.05618707,0.33191966
2719,1,0.86557761,0.30992705
2720,0,0.04244941,0.32227812
2721,0,0.05175145,0.23880863
2722,0,0.4331412,0.16653412
2723,0,0.05855748,0.23054442
2724,0,0.06175493,0.30611303
2725,0,0.05507699,0.23819394
2726,0,0.03916649,0.2373687
2727,1,0.85122219,0.29731196
2728,0,0.04960003,0.2373687
2729,0,0.09839851,0.2901166
2730,0,0.02336859,0.2583369
2731,1,0.89671928,0.36112481
2732,0,0.05073892,0.23054442
2733,0,0.05020371,0.16155135
2734,0,0.08509517,0.25038397
2735,0,0.06305516,0.33250934
2736,1,0.88416005,0.27212768
2737,0,0.05534693,0.2809509
2738,0,0.04983101,0.23054442
2739,0,0.04881495,0.23819394
2740,0,0.05299944,0.24059403
2741,0,0.0495097,0.2373687
2742,1,0.40815109,0.26374907
2743,0,0.06152197,0.26807566
2744,1,0.86841727,0.32894772
2745,0,0.06305516,0.33250934
2746,1,0.92580633,0.63144292
2747,0,0.05693147,0.23645384
2748,1,0.32631622,0.27121538
2749,0,0.05074721,0.25415741
2750,0,0.12872499,0.25359988
2751,0,0.19376514,0.23819394
2752,0,0.06135606,0.2551271
2753,0,0.05855748,0.23054442
2754,0,0.05507699,0.23819394
2755,0,0.66312269,0.33757286
2756,1,0.83198934,0.32795301
2757,0,0.05251427,0.23054442
2758,0,0.06324835,0.24741673
2759,0,0.05180041,0.2494302
2760,0,0.05987495,0.25359988
2761,0,0.04587947,0.25233576
2762,0,0.03930357,0.25359988
2763,0,0.07787693,0.24476981
2764,0,0.05815231,0.13196377
2765,0,0.06551623,0.32611323
2766,0,0.04521125,0.23028919
2767,0,0.0511576,0.2373687
2768,1,0.89957244,0.36510311
2769,0,0.05251427,0.23054442
2770,0,0.08861328,0.29600456
2771,0,0.03960079,0.24706289
2772,0,0.06305516,0.33250934
2773,0,0.05507699,0.23819394
2774,0,0.03915876,0.2373687
2775,0,0.0476771,0.20487764
2776,1,0.86841727,0.32894772
2777,0,0.04269733,0.22150958
2778,0,0.04473864,0.23092042
2779,0,0.05507699,0.23819394
2780,0,0.05465914,0.30086735
2781,0,0.04172151,0.23065101
2782,0,0.03597801,0.23088687
2783,1,0.96292112,0.51096262
2784,0,0.05507699,0.23819394
2785,1,0.94682662,0.42887473
2786,0,0.04926516,0.23942281
2787,0,0.04692332,0.24941352
2788,0,0.05855748,0.23054442
2789,0,0.05618707,0.33191966
2790,0,0.05507699,0.23819394
2791,0,0.05953688,0.32502475
2792,0,0.04426156,0.22760813
2793,1,0.99754443,0.41945864
2794,0,0.04986776,0.23513821
2795,1,0.85080341,0.29021127
2796,0,0.06092935,0.22091568
2797,0,0.06178654,0.21697131
2798,0,0.05729216,0.22132173
2799,0,0.0547542,0.2494302
2800,0,0.09856974,0.23054442
2801,1,0.33790607,0.28614195
2802,0,0.03489028,0.25002591
2803,0,0.35634761,0.35928603
2804,0,0.05499897,0.23819394
2805,0,0.04658704,0.2373687
2806,0,0.06112701,0.2551271
2807,0,0.0529343,0.23245716
2808,0,0.01273125,0.25165147
2809,0,0.05778136,0.23092616
2810,0,0.04558958,0.25359988
2811,0,0.05769139,0.27734789
2812,1,0.8951441,0.2980407
2813,0,0.11394365,0.31653886
2814,0,0.24896394,0.23074437
2815,0,0.04558958,0.25359988
2816,0,0.03399282,0.2520962
2817,0,0.03473867,0.25002591
2818,0,0.03405728,0.23922953
2819,0,0.05507699,0.23819394
2820,0,0.06092935,0.22091568
2821,1,0.89224314,0.32846807
2822,0,0.14689457,0.24776359
2823,0,0.05180041,0.2494302
2824,0,0.05219828,0.2373687
2825,0,0.09892691,0.27184924
2826,0,0.04558958,0.25359988
2827,0,0.03399282,0.2520962
2828,0,0.06946274,0.23796995
2829,0,0.04984597,0.2373687
2830,0,0.05363744,0.32502475
2831,0,0.03119969,0.25293881
2832,0,0.037321,0.23054442
2833,1,0.86841727,0.32894772
2834,0,0.05219828,0.2373687
2835,0,0.01217411,0.2770909
2836,0,0.05219828,0.2373687
2837,0,0.05815231,0.13196377
2838,0,0.04813714,0.27168504
2839,1,0.89712127,0.39537873
2840,1,0.88568584,0.47369451
2841,0,0.05432895,0.26191072
2842,0,0.05507699,0.23819394
2843,1,0.90702159,0.32911352
2844,0,0.05219828,0.2373687
2845,0,0.05507699,0.23819394
2846,0,0.05953688,0.32502475
2847,1,0.92793095,0.39781039
2848,0,0.08483046,0.23870893
2849,0,0.05402819,0.22324602
2850,0,0.05987495,0.25359988
2851,1,0.80990455,0.30902619
2852,0,0.05266728,0.23638467
2853,0,0.05219828,0.2373687
2854,0,0.05769139,0.27734789
2855,0,0.05855748,0.23054442
2856,0,0.05006844,0.23819394
2857,0,0.05341793,0.3199202
2858,0,0.05624334,0.23645384
2859,0,0.05507699,0.23819394
2860,0,0.05793052,0.30361113
2861,0,0.0392993,0.24438184
2862,0,0.05462901,0.25415741
2863,0,0.08483046,0.23870893
2864,0,0.02301984,0.23029502
2865,0,0.0494679,0.23487166
2866,0,0.05550754,0.25415741
2867,0,0.24176345,0.23819394
2868,0,0.0337711,0.21132723
2869,0,0.0472494,0.22902857
2870,0,0.05219828,0.2373687
2871,0,0.05815231,0.13196377
2872,0,0.05476889,0.2551271
2873,0,0.05769139,0.27734789
2874,0,0.05251651,0.22884539
2875,0,0.05058123,0.23054442
2876,1,0.88704731,0.32846807
2877,0,0.05243885,0.2373687
2878,0,0.12869756,0.24191133
2879,0,0.04587086,0.25359988
2880,0,0.0720581,0.2551271
2881,0,0.06092935,0.22091568
2882,0,0.05953688,0.32502475
2883,0,0.05341869,0.22091568
2884,0,0.03679802,0.26507732
2885,0,0.05649484,0.24054872
2886,0,0.04587947,0.25233576
2887,0,0.05219828,0.2373687
2888,0,0.05507699,0.23819394
2889,1,0.85550094,0.25855457
2890,0,0.05507699,0.23819394
2891,1,0.86841727,0.32894772
2892,0,0.03890075,0.22091568
2893,0,0.03299224,0.22945735
2894,0,0.04570523,0.2373687
2895,0,0.05507605,0.23819394
2896,1,0.98287577,0.59857234
2897,1,0.89104152,0.30992705
2898,0,0.04803982,0.2373687
2899,0,0.03161829,0.22600831
2900,0,0.05507699,0.23819394
2901,0,0.05507699,0.23819394
2902,0,0.05481178,0.32239327
2903,0,0.06305516,0.33250934
2904,0,0.05684118,0.32502475
2905,0,0.04301641,0.26129891
2906,1,0.84649233,0.31356689
2907,0,0.04997869,0.2373687
2908,0,0.05465914,0.30086735
2909,0,0.05631902,0.22804972
2910,0,0.02976265,0.2373687
2911,0,0.05219828,0.2373687
2912,0,0.04851378,0.25415741
2913,0,0.07281275,0.17570734
2914,0,0.0498257,0.23054442
2915,0,0.05101573,0.23054442
2916,0,0.06280794,0.15016484
2917,0,0.03302304,0.32502475
2918,0,0.02619022,0.23819394
2919,0,0.05394384,0.25415741
2920,0,0.05851133,0.2551271
2921,0,0.05522329,0.23054442
2922,1,0.86841727,0.32894772
2923,1,0.86841727,0.32894772
2924,0,0.05892914,0.2373687
2925,1,0.85006192,0.29413516
2926,0,0.05353129,0.23819394
2927,0,0.05806813,0.23645384
2928,0,0.05848232,0.21862098
2929,0,0.03581532,0.17664309
2930,0,0.05648677,0.23054442
2931,0,0.085614,0.23870893
2932,0,0.0785875,0.25052228
2933,0,0.05432895,0.26191072
2934,0,0.06901689,0.23597496
2935,0,0.06274725,0.23645384
2936,0,0.05603371,0.25415741
2937,0,0.05507699,0.23819394
2938,0,0.05006844,0.23819394
2939,0,0.05507699,0.23819394
2940,1,0.8426438,0.29798261
2941,0,0.06092935,0.22091568
2942,0,0.04172151,0.23065101
2943,0,0.03999399,0.21180343
2944,0,0.06024027,0.2551271
2945,1,0.89584295,0.38348179
2946,1,0.8506143,0.31123615
2947,0,0.05953688,0.32502475
2948,0,0.05240842,0.23819394
2949,0,0.01515825,0.23309134
2950,0,0.04570523,0.2373687
2951,0,0.05815231,0.13196377
2952,0,0.03999399,0.21180343
2953,0,0.05507699,0.23819394
2954,0,0.01456117,0.23577239
2955,0,0.03949789,0.23409568
2956,1,0.98363397,0.54962693
2957,0,0.05085306,0.2494302
2958,0,0.07474083,0.25587438
2959,0,0.05240745,0.23645384
2960,0,0.0720581,0.2551271
2961,0,0.05855748,0.23054442
2962,0,0.05642365,0.25002591
2963,0,0.05234112,0.23054442
2964,0,0.05219828,0.2373687
2965,1,0.89550734,0.36273914
2966,1,0.89220766,0.3421221
2967,1,0.90193318,0.41749656
2968,0,0.05507699,0.23819394
2969,0,0.01436013,0.24754547
2970,0,0.04757793,0.23819394
2971,0,0.05319173,0.25679608
2972,0,0.05505085,0.23819394
2973,0,0.08510379,0.26114904
2974,0,0.05673866,0.24459884
2975,0,0.03957337,0.26115305
2976,0,0.02503155,0.2373687
2977,0,0.05643873,0.20654027
2978,0,0.05507699,0.23819394
2979,0,0.05507699,0.23819394
2980,0,0.0720581,0.2551271
2981,0,0.0461265,0.2373687
2982,0,0.05219828,0.2373687
2983,0,0.05645516,0.22091568
2984,0,0.0461265,0.2373687
2985,0,0.06305235,0.32742811
2986,0,0.05402819,0.22324602
2987,0,0.1191345,0.23583578
2988,0,0.03472979,0.25002591
2989,0,0.05102421,0.23270772
2990,0,0.04841525,0.23819394
2991,1,0.92580633,0.63144292
2992,0,0.12869756,0.24191133
2993,0,0.0498812,0.23092616
2994,0,0.05538269,0.23819394
2995,0,0.05415794,0.23819394
2996,0,0.06776965,0.23819394
2997,0,0.01003806,0.23470159
2998,0,0.06092935,0.22091568
2999,0,0.05107022,0.23054442
3000,0,0.05507699,0.23819394
3001,0,0.05219828,0.2373687
3002,1,0.90132451,0.44726275
3003,0,0.04988878,0.23819394
3004,0,0.05103572,0.23054442
3005,0,0.06137089,0.25810771
3006,0,0.05219828,0.2373687
3007,0,0.05181924,0.2494302
3008,0,0.0584563,0.23645384
3009,0,0.0483195,0.29495958
3010,0,0.03901764,0.23028919
3011,0,0.05319173,0.25679608
3012,0,0.05219828,0.2373687
3013,0,0.06135606,0.2551271
3014,0,0.05792769,0.26675491
3015,0,0.05764647,0.32502475
3016,0,0.05035927,0.2373687
3017,0,0.05143326,0.23819394
3018,0,0.09297587,0.23074437
3019,0,0.07516988,0.2373687
3020,0,0.05507699,0.23819394
3021,0,0.05219828,0.2373687
3022,0,0.05219828,0.2373687
3023,0,0.52704524,0.27979727
3024,0,0.05507699,0.23819394
3025,0,0.04640866,0.22976537
3026,0,0.09236067,0.24706289
3027,0,0.05849145,0.23306243
3028,0,0.04892788,0.25359988
3029,0,0.05158119,0.2494302
3030,0,0.05085622,0.23819394
3031,0,0.04968599,0.28620553
3032,0,0.05766348,0.3062304
3033,0,0.05507699,0.23819394
3034,0,0.0476771,0.20487764
3035,0,0.05507699,0.23819394
3036,0,0.06358957,0.23819394
3037,0,0.03071916,0.23028919
3038,1,0.89002163,0.36494706
3039,0,0.05679476,0.3379821
3040,0,0.06092935,0.22091568
3041,1,0.84034081,0.51155238
3042,0,0.05507699,0.23819394
3043,0,0.05303264,0.23054442
3044,0,0.05507699,0.23819394
3045,0,0.05960323,0.14415369
3046,0,0.05228552,0.24524502
3047,0,0.05180041,0.2494302
3048,0,0.06135606,0.2551271
3049,1,0.91992389,0.44576133
3050,0,0.02809002,0.25415741
3051,0,0.06092935,0.22091568
3052,0,0.02298457,0.24480226
3053,0,0.05635425,0.23529335
3054,0,0.05549975,0.24445925
3055,0,0.04903131,0.23106963
3056,0,0.0890539,0.26507732
3057,0,0.03475318,0.25002591
3058,0,0.0557362,0.27441823
3059,0,0.04036444,0.22091568
3060,0,0.05680323,0.23819394
3061,0,0.05180041,0.2494302
3062,1,0.9927539,0.46858976
3063,1,0.9927539,0.46858976
3064,0,0.03405728,0.23922953
3065,0,0.06648271,0.23630542
3066,0,0.0527419,0.23819394
3067,0,0.0487442,0.25454115
3068,0,0.04892788,0.25359988
3069,0,0.05219828,0.2373687
3070,0,0.05281246,0.20433442
3071,0,0.05329807,0.25556481
3072,0,0.05563382,0.27734789
3073,0,0.0494108,0.23819394
3074,0,0.05953688,0.32502475
3075,0,0.05507699,0.23819394
3076,0,0.05461708,0.22360057
3077,0,0.03908448,0.21842098
3078,0,0.04397565,0.23583578
3079,0,0.05821156,0.25415741
3080,0,0.04892788,0.25359988
3081,0,0.06092935,0.22091568
3082,0,0.0498256,0.2373687
3083,0,0.0720581,0.2551271
3084,0,0.05180041,0.2494302
3085,0,0.04986776,0.23513821
3086,0,0.09388962,0.30232181
3087,0,0.0395534,0.29650881
3088,0,0.01533279,0.26052183
3089,0,0.05290322,0.25773412
3090,0,0.03399282,0.2520962
3091,0,0.06775714,0.24189211
3092,0,0.05319173,0.25679608
3093,1,0.71541821,0.26722149
3094,0,0.05593945,0.23819394
3095,0,0.02198035,0.23819394
3096,0,0.06157511,0.33867793
3097,0,0.05764647,0.32502475
3098,0,0.05180041,0.2494302
3099,0,0.05130745,0.23409568
3100,0,0.05507699,0.23819394
3101,0,0.05219828,0.2373687
3102,0,0.05513721,0.20654027
3103,0,0.03901764,0.23028919
3104,0,0.05778136,0.23092616
3105,0,0.0511576,0.2373687
3106,0,0.05769139,0.27734789
3107,0,0.05507699,0.23819394
3108,0,0.05476889,0.2551271
3109,0,0.03946303,0.25648451
3110,0,0.05550754,0.25415741
3111,0,0.06305235,0.32742811
3112,0,0.02463756,0.25038397
3113,0,0.03946303,0.25648451
3114,0,0.04716989,0.23819394
3115,0,0.05471408,0.20530103
3116,0,0.03955256,0.23645384
3117,0,0.03160957,0.26052183
3118,0,0.05435311,0.25293881
3119,0,0.03927099,0.23028919
3120,0,0.05229559,0.23819394
3121,0,0.05948214,0.24610784
3122,0,0.05661907,0.28002002
3123,0,0.04960717,0.23270772
3124,0,0.0250874,0.24834379
3125,1,0.81187457,0.29753959
3126,0,0.05943288,0.24536854
3127,0,0.0477826,0.25233576
3128,0,0.05507699,0.23819394
3129,0,0.04301923,0.26507732
3130,0,0.0584563,0.23645384
3131,0,0.05445637,0.25415741
3132,0,0.05079459,0.22091568
3133,0,0.05180041,0.2494302
3134,0,0.05507699,0.23819394
3135,0,0.05545846,0.25415741
3136,0,0.0514337,0.23819394
3137,0,0.04587947,0.25233576
3138,0,0.05219828,0.2373687
3139,0,0.04154299,0.23028919
3140,0,0.04892788,0.25359988
3141,0,0.04426156,0.22760813
3142,0,0.03399282,0.2520962
3143,0,0.05507699,0.23819394
3144,0,0.06135606,0.2551271
3145,0,0.05223133,0.23819394
3146,0,0.05764647,0.32502475
3147,1,0.85776812,0.29484944
3148,0,0.11159745,0.22813727
3149,0,0.05416363,0.24741673
3150,0,0.0487442,0.25454115
3151,0,0.05181736,0.2373687
3152,0,0.05219828,0.2373687
3153,0,0.05281485,0.23645384
3154,0,0.05550754,0.25415741
3155,0,0.01994271,0.26089741
3156,1,0.74440866,0.69208012
3157,0,0.02284387,0.39065909
3158,1,0.90877294,0.41345397
3159,0,0.05224068,0.25374907
3160,0,0.05559327,0.31957272
3161,0,0.042214,0.23819394
3162,0,0.06092935,0.22091568
3163,0,0.05614568,0.25415741
3164,1,0.82680906,0.42362338
3165,0,0.0487442,0.25454115
3166,0,0.06915644,0.32742811
3167,0,0.05193958,0.2373687
3168,0,0.05953688,0.32502475
3169,0,0.04154299,0.23028919
3170,0,0.0505512,0.23092616
3171,0,0.05219828,0.2373687
3172,0,0.03399282,0.2520962
3173,0,0.04137468,0.24611344
3174,0,0.04445514,0.25415741
3175,0,0.05296941,0.23819394
3176,0,0.03399282,0.2520962
3177,0,0.05778136,0.23092616
3178,0,0.06124819,0.22918607
3179,0,0.05219828,0.2373687
3180,0,0.06305235,0.32742811
3181,0,0.02308139,0.14744485
3182,0,0.06135606,0.2551271
3183,0,0.05848232,0.21862098
3184,0,0.04301923,0.26507732
3185,0,0.0264796,0.25002591
3186,0,0.05152287,0.23054442
3187,0,0.0720581,0.2551271
3188,0,0.07548318,0.25415741
3189,0,0.05219828,0.2373687
3190,0,0.06092935,0.22091568
3191,0,0.04963609,0.2373687
3192,1,0.74772367,0.29350607
3193,0,0.05219828,0.2373687
3194,0,0.10247934,0.32898745
3195,0,0.05668845,0.3274048
3196,0,0.04948829,0.2551271
3197,0,0.12890174,0.25587438
3198,1,0.8719616,0.3561867
3199,0,0.03347776,0.23194015
3200,0,0.06853794,0.22681399
3201,1,0.9405837,0.31921969
3202,0,0.05416363,0.24741673
3203,0,0.03399282,0.2520962
3204,0,0.04587947,0.25233576
3205,0,0.05953688,0.32502475
3206,0,0.05180041,0.2494302
3207,0,0.05834533,0.25415741
3208,0,0.08317915,0.24103135
3209,0,0.05243885,0.2373687
3210,0,0.0738315,0.22813727
3211,1,0.97074845,0.6812306
3212,0,0.08384964,0.23188465
3213,0,0.03900091,0.22091568
3214,0,0.05507699,0.23819394
3215,0,0.05446055,0.23819394
3216,0,0.04868748,0.23819394
3217,0,0.05219828,0.2373687
3218,0,0.04052875,0.23583578
3219,0,0.05682395,0.32502475
3220,0,0.05774997,0.25038397
3221,0,0.05507699,0.23819394
3222,0,0.05219828,0.2373687
3223,0,0.04173507,0.26404713
3224,0,0.04893815,0.25415741
3225,0,0.05960323,0.14415369
3226,0,0.04906892,0.27663361
3227,0,0.07135065,0.23028919
3228,0,0.05432895,0.26191072
3229,0,0.02356655,0.25687095
3230,0,0.03493994,0.25002591
3231,0,0.05507699,0.23819394
3232,0,0.04858458,0.23819394
3233,0,0.06175493,0.30611303
3234,0,0.05991662,0.23355325
3235,0,0.02759693,0.2373687
3236,0,0.05243747,0.2373687
3237,0,0.05507699,0.23819394
3238,0,0.05507699,0.23819394
3239,0,0.04716989,0.23819394
3240,0,0.02981957,0.23819394
3241,0,0.05507699,0.23819394
3242,0,0.03412024,0.23028919
3243,0,0.05266889,0.25587438
3244,0,0.07443451,0.26328901
3245,0,0.05181736,0.2373687
3246,0,0.05103572,0.23054442
3247,0,0.05219828,0.2373687
3248,0,0.05507699,0.23819394
3249,0,0.06092935,0.22091568
3250,0,0.0738315,0.22813727
3251,0,0.02356655,0.25687095
3252,0,0.0520942,0.23819394
3253,0,0.03516871,0.17538864
3254,0,0.37831576,0.23028919
3255,0,0.05507699,0.23819394
3256,0,0.0720581,0.2551271
3257,0,0.04357283,0.25687095
3258,0,0.05117378,0.23390701
3259,0,0.07247597,0.22324602
3260,0,0.02251652,0.23356792
3261,0,0.0738315,0.22813727
3262,0,0.05183643,0.23513821
3263,0,0.04500522,0.2551271
3264,0,0.03916649,0.2373687
3265,0,0.05180041,0.2494302
3266,0,0.05597705,0.24856467
3267,0,0.05219828,0.2373687
3268,0,0.05507699,0.23819394
3269,0,0.06135606,0.2551271
3270,0,0.03399282,0.2520962
3271,0,0.05464813,0.25415741
3272,0,0.06178654,0.21697131
3273,0,0.05143298,0.23480252
3274,0,0.03493994,0.25002591
3275,0,0.05507699,0.23819394
3276,0,0.05778136,0.23092616
3277,0,0.05769139,0.27734789
3278,0,0.0483195,0.29495958
3279,0,0.06092935,0.22091568
3280,0,0.05508576,0.23819394
3281,0,0.05397626,0.23819394
3282,0,0.04172151,0.23065101
3283,0,0.05219828,0.2373687
3284,0,0.0310804,0.22735455
3285,0,0.0817452,0.14216524
3286,0,0.03686755,0.23583578
3287,0,0.05507699,0.23819394
3288,0,0.05507699,0.23819394
3289,0,0.04893815,0.25415741
3290,1,0.95522031,0.52993759
3291,0,0.06932451,0.2551271
3292,0,0.05872073,0.2551271
3293,0,0.06260312,0.23819394
3294,1,0.66509101,0.28001729
3295,0,0.03195506,0.22967355
3296,0,0.05896355,0.22091568
3297,0,0.05635425,0.23529335
3298,0,0.02308139,0.14744485
3299,0,0.05180041,0.2494302
3300,0,0.05507699,0.23819394
3301,0,0.05219828,0.2373687
3302,0,0.02899954,0.22976537
3303,0,0.05648677,0.23054442
3304,0,0.05533088,0.24464527
3305,0,0.05136491,0.23819394
3306,0,0.05180041,0.2494302
3307,0,0.05507699,0.23819394
3308,0,0.10016534,0.25795499
3309,0,0.06135606,0.2551271
3310,0,0.04892788,0.25359988
3311,0,0.07084454,0.24570246
3312,0,0.04995703,0.22091568
3313,0,0.05491758,0.25359988
3314,0,0.06668055,0.2494302
3315,0,0.05416316,0.24741673
3316,0,0.05507699,0.23819394
3317,0,0.0497939,0.20525533
3318,0,0.05848232,0.21862098
3319,0,0.04526343,0.24610784
3320,0,0.06157511,0.33867793
3321,0,0.0720581,0.2551271
3322,0,0.05415794,0.23819394
3323,0,0.0479761,0.25359988
3324,0,0.21741773,0.25233576
3325,0,0.02808156,0.30068412
3326,0,0.04653868,0.23317033
3327,0,0.06305235,0.32742811
3328,0,0.73647239,0.27309581
3329,0,0.10018067,0.36645591
3330,1,0.8742863,0.31123615
3331,0,0.03399282,0.2520962
3332,0,0.03307411,0.23356792
3333,1,0.69686662,0.34654305
3334,0,0.07001971,0.2271915
3335,0,0.03493994,0.25002591
3336,0,0.05329807,0.25556481
3337,0,0.06576346,0.22918607
3338,1,0.82039949,0.31314371
3339,0,0.05631902,0.22804972
3340,0,0.09690491,0.23074437
3341,1,0.56795582,0.41974846
3342,1,0.99809536,0.5220621
3343,1,0.99166329,0.56979524
3344,1,0.92623441,0.52684384
3345,1,0.86572188,0.59870027
3346,1,0.2467605,0.30086735
3347,1,0.93632481,0.60271306
3348,1,0.99241515,0.63944044
3349,1,0.96252725,0.45334041
3350,1,0.9382281,0.40127695
3351,1,0.98382354,0.43266592
3352,1,0.87746397,0.48976068
3353,1,0.80476278,0.50689314
3354,1,0.78327188,0.57214283
3355,1,0.96425846,0.51349556
3356,1,0.95048144,0.62709784
3357,1,0.95516043,0.56370303
3358,1,0.8946755,0.47131592
3359,1,0.90798996,0.55972284
3360,1,0.87881542,0.35092479
3361,1,0.81811693,0.29327095
3362,1,0.94155116,0.48772016
3363,1,0.97276988,0.62044447
3364,1,0.97276988,0.62044447
3365,1,0.93596677,0.57928953
3366,1,0.89722054,0.46202967
3367,1,0.89722054,0.46202967
3368,1,0.89722054,0.46202967
3369,1,0.90404378,0.6097293
3370,1,0.8817897,0.31591735
3371,1,0.90236271,0.48610268
3372,1,0.86382838,0.48084834
3373,1,0.93243692,0.59277624
3374,1,0.88568584,0.47369451
3375,1,0.96802062,0.53390325
3376,1,0.94049482,0.48407303
3377,1,0.94465186,0.49155762
3378,1,0.96962908,0.64313951
3379,1,0.87797889,0.43394072
3380,1,0.89067019,0.43525782
3381,1,0.9347719,0.54409208
3382,1,0.89126326,0.57238257
3383,1,0.95023866,0.47676971
3384,1,0.95023866,0.47676971
3385,1,0.89500988,0.48435473
3386,1,0.87200434,0.43394072
3387,1,0.98444987,0.65547039
3388,1,0.97186714,0.55241913
3389,1,0.95185526,0.51968101
3390,1,0.92326236,0.48886613
3391,1,0.98308904,0.56408516
3392,0,0.02171137,0.22849253
3393,0,0.05636897,0.30611303
3394,0,0.2874765,0.28873984
3395,0,0.06305235,0.32742811
3396,1,0.88608053,0.45205628
3397,0,0.03758818,0.40547968
3398,1,0.95185526,0.51968101
3399,0,0.02540528,0.22895202
3400,1,0.90144914,0.48134172
3401,0,0.03322452,0.31262282
3402,0,0.05855721,0.30361113
3403,0,0.06199213,0.41050683
3404,0,0.05291578,0.32502475
3405,1,0.89486585,0.47644115
3406,0,0.06305516,0.33250934
3407,0,0.05321492,0.26912075
3408,0,0.13786753,0.41236365
3409,0,0.05858357,0.40996028
3410,0,0.05846027,0.25415741
3411,0,0.06305516,0.33250934
3412,0,0.02705289,0.22895202
3413,0,0.0510743,0.29754556
3414,1,0.89778914,0.40286333
3415,1,0.01885378,0.24343239
3416,1,0.90156091,0.48490127
3417,0,0.06305516,0.33250934
3418,0,0.05768439,0.22091568
3419,0,0.02842511,0.22895202
3420,0,0.04972267,0.32502475
3421,1,0.87597148,0.48435473
3422,0,0.47643564,0.47515577
3423,0,0.0533707,0.32593609
3424,0,0.10961335,0.36273708
3425,0,0.04795704,0.32227812
3426,0,0.05492607,0.32789067
3427,0,0.05953688,0.32502475
3428,0,0.05543191,0.32502475
3429,0,0.05190725,0.20544716
3430,0,0.06175493,0.30611303
3431,0,0.05617055,0.23301985
3432,1,0.34839805,0.29753959
3433,1,0.04974738,0.2373687
3434,0,0.24204213,0.28873984
3435,0,0.05953688,0.32502475
3436,0,0.06199213,0.41050683
3437,0,0.02410066,0.22895202
3438,1,0.97302065,0.6097293
3439,0,0.06305235,0.32742811
3440,0,0.05831953,0.32742811
3441,1,0.84909052,0.55669774
3442,0,0.50848862,0.31385207
3443,1,0.92366218,0.50489208
3444,0,0.03810322,0.30086735
3445,0,0.05953688,0.32502475
3446,0,0.05511759,0.30086735
3447,0,0.05546116,0.33325288
3448,1,0.65738378,0.29058989
3449,0,0.05678463,0.33250934
3450,1,0.86145691,0.52649138
3451,0,0.00809198,0.23117358
3452,1,0.86476524,0.29258226
3453,1,0.92840299,0.48941268
3454,0,0.05858357,0.40996028
3455,0,0.01932249,0.24422929
3456,0,0.05403063,0.32660345
3457,0,0.05181436,0.33250934
3458,0,0.05875216,0.31675454
3459,0,0.06587805,0.30611303
3460,1,0.87996512,0.37574648
3461,1,0.81344511,0.39165187
3462,0,0.03021767,0.22118548
3463,0,0.03021767,0.22118548
3464,1,0.54937214,0.31675454
3465,0,0.04553594,0.32502475
3466,0,0.07094797,0.33421608
3467,0,0.01887081,0.23577239
3468,1,0.89500988,0.48435473
3469,0,0.04697749,0.25824421
3470,1,0.84809025,0.47436634
3471,0,0.04225865,0.22895202
3472,0,0.02734744,0.23163308
3473,1,0.89508397,0.47899538
3474,0,0.05988468,0.30611303
3475,0,0.05176953,0.36826966
3476,1,0.89486585,0.47644115
3477,0,0.04972267,0.32502475
3478,0,0.06753168,0.32935008
3479,0,0.05541209,0.34138242
3480,1,0.90907371,0.47532307
3481,1,0.85984695,0.29327095
3482,1,0.94224514,0.50875426
3483,0,0.05953688,0.32502475
3484,0,0.05524259,0.30086735
3485,0,0.02734744,0.23163308
3486,0,0.21822057,0.22895202
3487,0,0.02672502,0.23163308
3488,0,0.21521562,0.23163308
3489,0,0.04082729,0.25359988
3490,0,0.04795704,0.32227812
3491,0,0.02957763,0.22895202
3492,0,0.04987678,0.32502475
3493,1,0.90156091,0.48490127
3494,0,0.06287704,0.30155399
3495,0,0.17384515,0.25415741
3496,0,0.05376535,0.23692943
3497,0,0.05465961,0.30086735
3498,0,0.01503211,0.23263184
3499,0,0.02264944,0.22849253
3500,1,0.89805457,0.44096825
3501,0,0.05330914,0.40460093
3502,1,0.85899944,0.40437065
3503,0,0.02842511,0.22895202
3504,0,0.05718394,0.3054619
3505,0,0.08334398,0.35030478
3506,1,0.06511753,0.30048628
3507,0,0.62721918,0.35720109
3508,0,0.02174966,0.22849253
3509,0,0.02101087,0.23117358
3510,0,0.05020877,0.25415741
3511,0,0.05020877,0.25415741
3512,1,0.83890382,0.40617666
3513,1,0.91118872,0.52456515
3514,0,0.0265412,0.23008029
3515,0,0.05858357,0.40996028
3516,1,0.91273721,0.62099148
3517,1,0.51881178,0.38451553
3518,0,0.06572408,0.41537283
3519,0,0.03841343,0.21944904
3520,0,0.02957763,0.22895202
3521,0,0.05291578,0.32502475
3522,0,0.05821156,0.25415741
3523,0,0.05821156,0.25415741
3524,0,0.03170424,0.21849196
3525,0,0.02734739,0.23007752
3526,0,0.02734739,0.23007752
3527,0,0.05953688,0.32502475
3528,0,0.05618707,0.33191966
3529,1,0.92789012,0.49662854
3530,0,0.06676943,0.26317669
3531,0,0.05661663,0.26019209
3532,0,0.03493994,0.25002591
3533,1,0.95496141,0.63474158
3534,1,0.95167478,0.60706945
3535,1,0.86863004,0.64193347
3536,1,0.91622113,0.48999668
3537,1,0.96740815,0.64389945
3538,1,0.97839735,0.65631192
3539,1,0.97803587,0.61496536
3540,1,0.96846784,0.62430497
3541,0,0.1156828,0.44683856
3542,0,0.04661931,0.30389787
3543,0,0.04661931,0.30389787
3544,0,0.20249937,0.2373687
3545,0,0.09939887,0.25293881
3546,0,0.04952636,0.41230547
3547,1,0.87981056,0.60852712
3548,0,0.20249937,0.2373687
3549,1,0.82901033,0.60852712
3550,0,0.04979763,0.32571395
3551,0,0.05435311,0.25293881
3552,1,0.87981056,0.60852712
3553,0,0.04230453,0.23305761
3554,0,0.05060316,0.32068681
3555,1,0.87099252,0.60616388
3556,1,0.98119446,0.62676535
3557,1,0.9526897,0.52371578
3558,0,0.04661931,0.30389787
3559,0,0.04230453,0.23305761
3560,0,0.05222122,0.25293881
3561,0,0.20249937,0.2373687
3562,0,0.03569678,0.32502475
3563,0,0.20249937,0.2373687
3564,0,0.05507699,0.23819394
3565,0,0.05060316,0.32068681
3566,0,0.04661931,0.30389787
3567,0,0.04661931,0.30389787
3568,0,0.05910716,0.24054872
3569,0,0.73184319,0.3369235
3570,0,0.04661931,0.30389787
3571,0,0.0764933,0.29514832
3572,0,0.0394212,0.25359988
3573,0,0.04979763,0.32571395
3574,1,0.87981056,0.60852712
3575,0,0.04979763,0.32571395
3576,0,0.04661931,0.30389787
3577,1,0.87981056,0.60852712
3578,0,0.0564266,0.31544358
3579,0,0.30634305,0.30389787
3580,0,0.04979763,0.32571395
3581,1,0.95109498,0.62045879
3582,0,0.05953688,0.32502475
3583,0,0.04359765,0.24982828
3584,0,0.04005089,0.24610784
3585,1,0.89588332,0.41724332
3586,0,0.0764933,0.29514832
3587,0,0.09255768,0.29514832
3588,0,0.0473207,0.23819394
3589,0,0.0460875,0.31612021
3590,0,0.04979763,0.32571395
3591,0,0.05953688,0.32502475
3592,0,0.03664829,0.24890856
3593,0,0.07003332,0.30770425
3594,0,0.19985876,0.25010842
3595,0,0.06149961,0.33725966
3596,0,0.04230453,0.23305761
3597,1,0.94874968,0.61404442
3598,0,0.04979763,0.32571395
3599,0,0.04979763,0.32571395
3600,0,0.0764933,0.29514832
3601,0,0.04914644,0.32571395
3602,0,0.20249937,0.2373687
3603,0,0.04979763,0.32571395
3604,0,0.04979763,0.32571395
3605,1,0.95776332,0.53430929
3606,0,0.06149961,0.33725966
3607,0,0.04102945,0.23270772
3608,0,0.10220772,0.24054872
3609,1,0.9526897,0.52371578
3610,1,0.9526897,0.52371578
3611,0,0.04979763,0.32571395
3612,0,0.04307446,0.24610784
3613,0,0.0509971,0.24769025
3614,0,0.04596385,0.25699286
3615,0,0.07536521,0.33813471
3616,0,0.06194552,0.2653248
3617,0,0.04005089,0.24610784
3618,0,0.05953688,0.32502475
3619,0,0.04979763,0.32571395
3620,0,0.05953688,0.32502475
3621,0,0.04429191,0.32114735
3622,0,0.04979763,0.32571395
3623,1,0.87981056,0.60852712
3624,0,0.05507699,0.23819394
3625,1,0.87981056,0.60852712
3626,0,0.04979763,0.32571395
3627,0,0.05953688,0.32502475
3628,0,0.04661931,0.30389787
3629,0,0.0309889,0.25293881
3630,0,0.05953688,0.32502475
3631,1,0.96912703,0.62221785
3632,0,0.08286394,0.25106154
3633,1,0.98924114,0.6111734
3634,0,0.04346512,0.2395426
3635,0,0.05457162,0.32502475
3636,0,0.04979763,0.32571395
3637,1,0.9526897,0.52371578
3638,1,0.92562957,0.59512143
3639,1,0.92780688,0.59512143
3640,0,0.0764933,0.29514832
3641,0,0.0537941,0.4156543
3642,0,0.04661931,0.30389787
3643,0,0.04979763,0.32571395
3644,0,0.09255768,0.29514832
3645,0,0.04979763,0.32571395
3646,0,0.055145,0.2551271
3647,0,0.06149961,0.33725966
3648,0,0.0764933,0.29514832
3649,0,0.05953688,0.32502475
3650,0,0.05507699,0.23819394
3651,0,0.05060316,0.32068681
3652,0,0.05060316,0.32068681
3653,0,0.09231447,0.25293881
3654,0,0.09939887,0.25293881
3655,1,0.9526897,0.52371578
3656,0,0.04429191,0.32114735
3657,0,0.04979763,0.32571395
3658,0,0.04429191,0.32114735
3659,0,0.06149961,0.33725966
3660,0,0.20249937,0.2373687
3661,0,0.04979763,0.32571395
3662,0,0.04074815,0.23819394
3663,0,0.05953688,0.32502475
3664,1,0.9526897,0.52371578
3665,0,0.1554301,0.2373687
3666,0,0.20249937,0.2373687
3667,0,0.04979763,0.32571395
3668,1,0.91261647,0.41036195
3669,1,0.82425473,0.43151985
3670,0,0.01348968,0.25124393
3671,1,0.89271882,0.367978
3672,0,0.07796261,0.26736834
3673,1,0.85334943,0.3728061
3674,0,0.02637627,0.25002591
3675,1,0.56040211,0.45847081
3676,1,0.99675476,0.60314699
3677,1,0.98396178,0.65095386
3678,1,0.91707753,0.63291165
3679,1,0.97771178,0.615833
3680,1,0.99252397,0.71199184
3681,1,0.98996435,0.64286375
3682,1,0.99223916,0.56640415
3683,0,0.04545783,0.32227812
3684,1,0.93872192,0.53079345
3685,1,0.89682962,0.73334368
3686,1,0.1752261,0.44246507
3687,1,0.9789966,0.71115883
3688,1,0.99836228,0.63817537
3689,1,0.93349659,0.72240369
3690,1,0.92326791,0.60276014
3691,0,0.12629241,0.36049859
3692,1,0.48860112,0.32040508
3693,0,0.08273811,0.23947539
3694,1,0.96778716,0.58967182
3695,1,0.80665471,0.43448168
3696,1,0.94336991,0.67765976
3697,1,0.95275697,0.62686012
3698,1,0.33675874,0.29806091
3699,1,0.78568001,0.47509998
3700,1,0.05821156,0.25415741
3701,0,0.0294372,0.32593609
3702,0,0.05533088,0.24464527
3703,0,0.05953688,0.32502475
3704,0,0.05953688,0.32502475
3705,0,0.05533088,0.24464527
3706,0,0.1089039,0.25810771
3707,0,0.06305235,0.32742811
3708,0,0.05900481,0.2551271
3709,0,0.08714146,0.26800154
3710,0,0.11277248,0.45913573
3711,0,0.05196929,0.32593609
3712,0,0.05219828,0.2373687
3713,0,0.26567855,0.25507484
3714,0,0.06305235,0.32742811
3715,0,0.0442141,0.2356446
3716,0,0.05821156,0.25415741
3717,0,0.05533088,0.24464527
3718,0,0.04244941,0.32227812
3719,0,0.08162405,0.27991861
3720,0,0.05533088,0.24464527
3721,0,0.04826803,0.25359988
3722,1,0.94446392,0.43314806
3723,0,0.05409277,0.32593609
3724,0,0.05409277,0.32593609
3725,0,0.04559107,0.25415741
3726,1,0.86804273,0.46514534
3727,0,0.05533088,0.24464527
3728,1,0.89220766,0.3421221
3729,0,0.05409277,0.32593609
3730,0,0.05987495,0.25359988
3731,0,0.05905881,0.22091568
3732,0,0.05953688,0.32502475
3733,0,0.06305235,0.32742811
3734,0,0.05821156,0.25415741
3735,1,0.04692332,0.24941352
3736,1,0.26567855,0.25507484
3737,0,0.04853757,0.23054442
3738,0,0.04692332,0.24941352
3739,0,0.05900481,0.2551271
3740,1,0.96965011,0.56798181
3741,0,0.05953688,0.32502475
3742,0,0.04125108,0.27734789
3743,0,0.05361731,0.25415741
3744,0,0.05953688,0.32502475
3745,0,0.05533088,0.24464527
3746,0,0.05184271,0.28126508
3747,0,0.07851118,0.25314452
3748,0,0.05409277,0.32593609
3749,0,0.05409277,0.32593609
3750,0,0.03048978,0.24464527
3751,1,0.82044242,0.30202788
3752,0,0.01075135,0.25491478
3753,0,0.06305235,0.32742811
3754,0,0.04692332,0.24941352
3755,0,0.08139983,0.32502475
3756,0,0.03957337,0.26115305
3757,1,0.08688974,0.3146544
3758,0,0.09440543,0.22091568
3759,0,0.05953688,0.32502475
3760,0,0.05821156,0.25415741
3761,0,0.05953688,0.32502475
3762,0,0.04244941,0.32227812
3763,0,0.06092935,0.22091568
3764,0,0.04709411,0.2373687
3765,0,0.0455415,0.25415741
3766,0,0.06305235,0.32742811
3767,0,0.05409277,0.32593609
3768,0,0.05533088,0.24464527
3769,0,0.05533088,0.24464527
3770,0,0.03907853,0.23039372
3771,0,0.02694953,0.32502475
3772,0,0.0545365,0.20654027
3773,0,0.04290133,0.2356446
3774,0,0.04244941,0.32227812
3775,0,0.1089039,0.25810771
3776,0,0.06305235,0.32742811
3777,0,0.05103572,0.23054442
3778,0,0.03953445,0.32227812
3779,0,0.04692332,0.24941352
3780,0,0.05533088,0.24464527
3781,1,0.21421642,0.25385603
3782,0,0.05660063,0.30718511
3783,0,0.05036211,0.25415741
3784,1,0.61778162,0.42115127
3785,1,0.99962411,0.54976527
3786,0,0.04036444,0.22091568
3787,0,0.1089039,0.25810771
3788,0,0.1089039,0.25810771
3789,0,0.05953688,0.32502475
3790,0,0.05533088,0.24464527
3791,0,0.05284722,0.25415741
3792,0,0.05409277,0.32593609
3793,0,0.05409277,0.32593609
3794,0,0.13065438,0.31867099
3795,0,0.05953688,0.32502475
3796,0,0.04388691,0.23819394
3797,0,0.2350704,0.42851086
3798,0,0.08323693,0.39638677
3799,0,0.27953101,0.24531034
3800,0,0.36096046,0.25233576
3801,1,0.88827709,0.43274015
3802,0,0.10471726,0.37866383
3803,0,0.05987495,0.25359988
3804,0,0.2719769,0.34955856
3805,1,0.93316248,0.44327478
3806,1,0.05294541,0.32593609
3807,1,0.774054,0.65901577
3808,0,0.05987495,0.25359988
3809,0,0.02852614,0.31790462
3810,1,0.99964447,0.51459352
3811,0,0.42142049,0.33268556
3812,0,0.14328923,0.44958519
3813,0,0.11780457,0.34282762
3814,1,0.73428107,0.4393146
3815,1,0.93382111,0.54118197
3816,0,0.26567855,0.25507484
3817,1,0.98275531,0.32246322
3818,0,0.11277248,0.45913573
3819,1,0.99248032,0.53318834
3820,0,0.51169434,0.33233096
3821,0,0.06305235,0.32742811
3822,1,0.9921466,0.71190114
3823,1,0.99901585,0.81399394
3824,1,0.64479809,0.73753664
3825,1,0.89685512,0.47246259
3826,1,0.9697557,0.67054651
3827,1,0.64574357,0.40548259
3828,1,0.90701588,0.8107265
3829,0,0.09721294,0.39009173
3830,1,0.86334707,0.30342327
3831,1,0.1089039,0.25810771
3832,1,0.81932966,0.3389101
3833,1,0.85286805,0.37333469
3834,0,0.04658276,0.24464527
3835,0,0.05533088,0.24464527
3836,0,0.05533088,0.24464527
3837,0,0.04275213,0.2551271
3838,1,0.96822971,0.82807901
3839,1,0.87688512,0.6163304
3840,1,0.97047646,0.79307487
3841,1,0.76637739,0.64762792
3842,0,0.05476889,0.2551271
3843,1,0.97524081,0.78848244
3844,0,0.12475823,0.43739288
3845,1,0.99836793,0.525741
3846,1,0.98706587,0.63220047
3847,1,0.98948001,0.56613576
3848,1,0.98617236,0.5342543
3849,1,0.89322598,0.53414489
3850,1,0.99612451,0.79173807
3851,0,0.06305235,0.32742811
3852,1,0.99465985,0.67356426
3853,1,0.9734332,0.73144693
3854,1,0.97599111,0.83701706
3855,1,0.81769703,0.63896082
3856,1,0.94343728,0.52576755
3857,0,0.27028398,0.47800524
3858,1,0.71171452,0.44532325
3859,1,0.65405405,0.51952318
3860,1,0.08139983,0.32502475
3861,0,0.05533088,0.24464527
3862,1,0.89807083,0.41301084
3863,1,0.93755172,0.69889062
3864,1,0.93144172,0.56675946
3865,0,0.06915644,0.32742811
3866,1,0.8506143,0.31123615
3867,1,0.97494082,0.79614441
3868,0,0.04824089,0.32502475
3869,0,0.06092935,0.22091568
3870,0,0.05409277,0.32593609
3871,0,0.07819958,0.37928029
3872,1,0.91068728,0.69447632
3873,1,0.91068728,0.69447632
3874,0,0.06092935,0.22091568
3875,0,0.05989814,0.32742811
3876,1,0.97494082,0.79614441
3877,1,0.95223822,0.44327478
3878,1,0.96248503,0.78795724
3879,0,0.45778913,0.31653861
3880,0,0.1089039,0.25810771
3881,0,0.05058261,0.25359988
3882,0,0.0849042,0.3338977
3883,1,0.91068728,0.69447632
3884,1,0.91068728,0.69447632
3885,1,0.97494082,0.79614441
3886,0,0.1089039,0.25810771
3887,1,0.99825992,0.64989872
3888,0,0.23422343,0.34282762
3889,0,0.36722343,0.25119182
3890,0,0.06305235,0.32742811
3891,1,0.91149577,0.6038124
3892,1,0.90170269,0.37841997
3893,0,0.96248503,0.78795724
3894,1,0.97494082,0.79614441
3895,1,0.98266602,0.81738504
3896,1,0.61035052,0.34282762
3897,1,0.93500734,0.47143778
3898,0,0.05409277,0.32593609
3899,0,0.05821156,0.25415741
3900,0,0.05409277,0.32593609
3901,0,0.04587947,0.25233576
3902,1,0.96890542,0.4534349
3903,1,0.89663656,0.73334368
3904,0,0.05507699,0.23819394
3905,0,0.05064575,0.24464527
3906,0,0.05507699,0.23819394
3907,1,0.85109261,0.26249894
3908,0,0.05953688,0.32502475
3909,0,0.05103572,0.23054442
3910,0,0.06305235,0.32742811
3911,0,0.13201617,0.44413316
3912,0,0.07178213,0.36551188
3913,0,0.0720581,0.2551271
3914,0,0.05533088,0.24464527
3915,1,0.97494082,0.79614441
3916,1,0.9754131,0.81133682
3917,1,0.98872737,0.62652888
3918,0,0.10507901,0.25810771
3919,0,0.0171369,0.2373687
3920,1,0.99609428,0.52641177
3921,0,0.05516713,0.23819394
3922,1,0.9749409,0.79614441
3923,1,0.86565458,0.64733932
3924,0,0.05137542,0.2373687
3925,1,0.66673697,0.6979918
3926,0,0.04972267,0.32502475
3927,0,0.05424252,0.25119725
3928,0,0.05855748,0.23054442
3929,1,0.06915644,0.32742811
3930,0,0.04884787,0.23054442
3931,0,0.0867988,0.2821329
3932,0,0.04972267,0.32502475
3933,0,0.0586372,0.31980666
3934,0,0.0515001,0.24464527
3935,0,0.0867988,0.2821329
3936,1,0.99248032,0.53318834
3937,1,0.77121956,0.66461758
3938,1,0.95096159,0.57314993
3939,1,0.9865353,0.7015262
3940,0,0.06915644,0.32742811
3941,0,0.0455415,0.25415741
3942,0,0.05409277,0.32593609
3943,0,0.0720581,0.2551271
3944,0,0.04587947,0.25233576
3945,0,0.04692332,0.24941352
3946,1,0.97928554,0.53893598
3947,1,0.99256671,0.53318834
3948,0,0.21251221,0.28178819
3949,0,0.02789544,0.25359988
3950,0,0.04587947,0.25233576
3951,0,0.05409277,0.32593609
3952,0,0.06748719,0.23188465
3953,0,0.05533088,0.24464527
3954,0,0.04692332,0.24941352
3955,0,0.06092935,0.22091568
3956,0,0.0153532,0.25924627
3957,0,0.06305235,0.32742811
3958,0,0.05905881,0.22091568
3959,0,0.05821156,0.25415741
3960,0,0.05409277,0.32593609
3961,0,0.04587947,0.25233576
3962,0,0.06305235,0.32742811
3963,0,0.05905881,0.22091568
3964,0,0.06092935,0.22091568
3965,0,0.05409277,0.32593609
3966,1,0.9967737,0.72328621
3967,1,0.05507699,0.23819394
3968,1,0.27431084,0.26698783
3969,1,0.1089039,0.25810771
3970,1,0.90933003,0.40928197
3971,1,0.88159792,0.31123615
3972,1,0.85783529,0.27088533
3973,1,0.85768427,0.31123615
3974,0,0.06915644,0.32742811
3975,0,0.05987495,0.25359988
3976,0,0.04171199,0.24464527
3977,0,0.05784098,0.22091568
3978,0,0.0503378,0.2373687
3979,0,0.13285483,0.44413316
3980,1,0.97621619,0.79829543
3981,0,0.05953688,0.32502475
3982,0,0.05770717,0.22091568
3983,0,0.04653868,0.23317033
3984,0,0.05987495,0.25359988
3985,0,0.03957337,0.26115305
3986,1,0.71822506,0.34163074
3987,0,0.05533088,0.24464527
3988,0,0.05409277,0.32593609
3989,1,0.05219828,0.2373687
3990,0,0.1089039,0.25810771
3991,0,0.02982584,0.24610784
3992,0,0.1089039,0.25810771
3993,0,0.05409277,0.32593609
3994,0,0.06529069,0.31957272
3995,1,0.04653868,0.23317033
3996,0,0.07516988,0.2373687
3997,0,0.04969479,0.28740385
3998,0,0.05409277,0.32593609
3999,0,0.05905881,0.22091568
4000,0,0.02982584,0.24610784
4001,0,0.05137542,0.2373687
4002,0,0.05103572,0.23054442
4003,0,0.07389464,0.23054442
4004,0,0.06305235,0.32742811
4005,0,0.07516988,0.2373687
4006,0,0.04244941,0.32227812
4007,1,0.84095744,0.28549531
4008,1,0.04244941,0.32227812
4009,1,0.39638858,0.28549531
4010,1,0.06305235,0.32742811
4011,1,0.6546562,0.42368806
4012,1,0.08238139,0.27073041
4013,1,0.17892321,0.25810771
4014,1,0.1089039,0.25810771
4015,1,0.60521196,0.30111356
4016,1,0.71822506,0.34163074
4017,1,0.9185873,0.41992582
4018,1,0.06135606,0.2551271
4019,1,0.81987132,0.49684323
4020,0,0.05507699,0.23819394
4021,1,0.96776625,0.59063618
4022,0,0.05533088,0.24464527
4023,1,0.96562183,0.41089099
4024,0,0.0325636,0.24464527
4025,0,0.0584563,0.23645384
4026,0,0.06233057,0.41236365
4027,0,0.06305235,0.32742811
4028,0,0.04709411,0.2373687
4029,1,0.86062873,0.52534085
4030,1,0.85423818,0.66609513
4031,1,0.98724204,0.53332468
4032,1,0.91275086,0.36103222
4033,1,0.85768427,0.31123615
4034,1,0.06305235,0.32742811
4035,1,0.89291711,0.34163074
4036,1,0.82469489,0.30078469
4037,1,0.93696628,0.37615017
4038,1,0.81987132,0.49684323
4039,1,0.82044242,0.30202788
4040,1,0.54257742,0.37150018
4041,0,0.09157168,0.3246541
4042,1,0.98230768,0.67286393
4043,1,0.6546562,0.42368806
4044,0,0.11780457,0.34282762
4045,1,0.70819774,0.34163074
4046,0,0.06305235,0.32742811
4047,1,0.59194605,0.699791
4048,0,0.05409277,0.32593609
4049,0,0.05987495,0.25359988
4050,0,0.05778136,0.23092616
4051,0,0.04623139,0.32512656
4052,1,0.97410775,0.79678372
4053,1,0.95344408,0.44065254
4054,0,0.05533088,0.24464527
4055,0,0.05533088,0.24464527
4056,0,0.03033572,0.22091568
4057,0,0.05409277,0.32593609
4058,0,0.06305235,0.32742811
4059,0,0.05987495,0.25359988
4060,0,0.05375427,0.22091568
4061,0,0.079166,0.33370129
4062,1,0.97047646,0.79307487
4063,1,0.97494082,0.79614441
4064,1,0.96684031,0.82871832
4065,0,0.05693094,0.34405564
4066,1,0.69570477,0.73279354
4067,1,0.9730464,0.54780385
4068,1,0.99751085,0.77158212
4069,1,0.99869493,0.80969445
4070,1,0.99698801,0.81622209
4071,1,0.99681829,0.74728997
4072,1,0.99825435,0.82309182
4073,1,0.99825435,0.82309182
4074,1,0.99786097,0.81961801
4075,1,0.99834166,0.79444221
4076,1,0.97673254,0.77076261
4077,1,0.97601982,0.75428747
4078,1,0.99764447,0.77873736
4079,1,0.99804977,0.79722475
4080,1,0.99797678,0.79455117
4081,1,0.9992101,0.71631747
4082,1,0.96320155,0.72180797
4083,1,0.99768497,0.81961801
4084,1,0.99869497,0.80969445
4085,1,0.99786345,0.77855324
4086,1,0.99886377,0.6995145
4087,1,0.99834169,0.79652882
4088,1,0.99878256,0.6993148
4089,1,0.98706571,0.79547328
4090,1,0.99896955,0.76073776
4091,1,0.99797693,0.79455117
4092,1,0.99869495,0.81069445
4093,1,0.99928041,0.69738334
4094,1,0.99925859,0.80588374
4095,1,0.99950302,0.73103656
4096,1,0.99763732,0.77581258
4097,1,0.98927885,0.71217926
4098,1,0.99786097,0.81961801
4099,1,0.98706571,0.79547328
4100,1,0.99904726,0.80678133
4101,1,0.99864541,0.80312425
4102,1,0.99971319,0.72378508
4103,1,0.99798153,0.79444221
4104,1,0.99857146,0.77907761
4105,1,0.99834166,0.80260586
4106,1,0.99786097,0.81961801
4107,1,0.97601884,0.70382542
4108,1,0.99681828,0.74728997
4109,1,0.99446241,0.68787112
4110,1,0.99905503,0.68046043
4111,1,0.9901993,0.82227344
4112,1,0.99668509,0.80128624
4113,1,0.99092047,0.75233325
4114,1,0.99524706,0.79468051
4115,1,0.88311801,0.41051044
4116,1,0.94560572,0.61067717
4117,1,0.9698869,0.61519385
4118,1,0.8937007,0.62663127
4119,1,0.95172755,0.52860197
4120,0,0.03082911,0.25233576
4121,1,0.87409601,0.35040664
4122,1,0.05769139,0.27734789
4123,1,0.97081782,0.55862331
4124,1,0.83158113,0.34027933
4125,1,0.96914718,0.39824771
4126,0,0.04587845,0.25233576
4127,1,0.13551356,0.2551271
4128,1,0.94781433,0.61067717
4129,0,0.05443143,0.22091568
4130,0,0.09363986,0.25274768
4131,0,0.05443143,0.22091568
4132,1,0.22841734,0.38188151
4133,0,0.13691374,0.22091568
4134,0,0.06022269,0.29794943
4135,0,0.05219828,0.2373687
4136,0,0.05219828,0.2373687
4137,0,0.03936323,0.24737962
4138,0,0.04587947,0.25233576
4139,0,0.0936423,0.25415741
4140,0,0.04194283,0.27734789
4141,0,0.05219828,0.2373687
4142,0,0.0720581,0.2551271
4143,0,0.05219828,0.2373687
4144,0,0.04989383,0.23577264
4145,0,0.08510379,0.26114904
4146,0,0.40028324,0.22091568
4147,0,0.05219828,0.2373687
4148,0,0.08510379,0.26114904
4149,0,0.02534739,0.2551271
4150,0,0.05476889,0.2551271
4151,0,0.04194283,0.27734789
4152,0,0.08661375,0.24727549
4153,0,0.05219828,0.2373687
4154,0,0.0720581,0.2551271
4155,0,0.05219828,0.2373687
4156,0,0.0469223,0.24941352
4157,0,0.03826607,0.2373687
4158,0,0.05219828,0.2373687
4159,0,0.05769139,0.27734789
4160,0,0.05468602,0.2373687
4161,0,0.05219828,0.2373687
4162,1,0.87205352,0.34125809
4163,1,0.8937007,0.62663127
4164,1,0.90560176,0.3421221
4165,1,0.98815766,0.42958845
4166,0,0.32164821,0.31294798
4167,0,0.50527784,0.30283641
4168,1,0.04692332,0.24941352
4169,1,0.92726818,0.42996186
4170,0,0.08102621,0.34282495
4171,1,0.96776625,0.59063618
4172,1,0.89457201,0.41818978
4173,1,0.94970393,0.63862405
4174,1,0.97988208,0.49539677
4175,1,0.67320353,0.36721176
4176,1,0.98528358,0.62273
4177,1,0.99968828,0.54485367
4178,1,0.9510891,0.7344081
4179,0,0.03090222,0.18515054
4180,0,0.05219828,0.2373687
4181,0,0.14661961,0.34543438
4182,0,0.05316095,0.22091568
4183,1,0.927905,0.57733498
4184,0,0.02185802,0.24318432
4185,1,0.99395265,0.73057854
4186,0,0.0867988,0.2821329
4187,0,0.06705323,0.26505807
4188,0,0.02405843,0.25002591
4189,0,0.04246273,0.12945274
4190,0,0.04257451,0.22478018
4191,0,0.0517893,0.27734789
4192,0,0.38552026,0.24941352
4193,0,0.06135606,0.2551271
4194,0,0.05716035,0.25359988
4195,1,0.05219828,0.2373687
4196,0,0.03936323,0.24737962
4197,0,0.06943779,0.25415741
4198,0,0.09560412,0.31294289
4199,1,0.44413956,0.26889947
4200,0,0.05458902,0.22208772
4201,0,0.04388691,0.23819394
4202,0,0.05461708,0.22360057
4203,0,0.079166,0.33370129
4204,0,0.05103572,0.23054442
4205,0,0.05009088,0.26094747
4206,1,0.87052441,0.43412283
4207,0,0.04795704,0.32227812
4208,0,0.05953688,0.32502475
4209,0,0.04388691,0.23819394
4210,0,0.05953688,0.32502475
4211,0,0.0738315,0.22813727
4212,1,0.94330454,0.31490211
4213,0,0.04751559,0.2551271
4214,1,0.14704849,0.24590193
4215,0,0.04098428,0.25359988
4216,1,0.99330424,0.68346458
4217,0,0.03021767,0.22118548
4218,1,0.88108338,0.48435473
4219,0,0.07114966,0.2624424
4220,0,0.0374845,0.2470725
4221,1,0.9084709,0.30552257
4222,0,0.04104386,0.2373687
4223,1,0.44749814,0.25526675
4224,1,0.06735316,0.3608723
4225,1,0.90448725,0.36103222
4226,0,0.027531,0.25002591
4227,0,0.0867988,0.2821329
4228,0,0.01515396,0.26052183
4229,0,0.07516988,0.2373687
4230,0,0.05457162,0.32502475
4231,0,0.05319992,0.27734789
4232,0,0.05821156,0.25415741
4233,0,0.06209522,0.16911306
4234,0,0.05118135,0.25773412
4235,0,0.06305235,0.32742811
4236,0,0.10247934,0.32898745
4237,0,0.07516988,0.2373687
4238,0,0.05821156,0.25415741
4239,0,0.04492528,0.22091568
4240,0,0.05432895,0.26191072
4241,0,0.07293137,0.22091568
4242,0,0.05047731,0.23092616
4243,0,0.0507226,0.2373687
4244,0,0.05778136,0.23092616
4245,0,0.03475318,0.25002591
4246,0,0.05821156,0.25415741
4247,0,0.03493994,0.25002591
4248,0,0.4488339,0.26602484
4249,0,0.03586161,0.27114186
4250,0,0.05953688,0.32502475
4251,0,0.0476771,0.20487764
4252,0,0.08813716,0.3243222
4253,0,0.05821156,0.25415741
4254,0,0.2633553,0.23819394
4255,0,0.05465189,0.2551271
4256,0,0.00824642,0.22218712
4257,0,0.04959438,0.23039753
4258,0,0.05219828,0.2373687
4259,1,0.17926707,0.23054442
4260,0,0.03541088,0.25293881
4261,0,0.05769139,0.27734789
4262,0,0.05507699,0.23819394
4263,0,0.05806079,0.25415741
4264,0,0.05219828,0.2373687
4265,0,0.0503378,0.2373687
4266,0,0.01262478,0.22895202
4267,0,0.04946406,0.28862595
4268,0,0.05507699,0.23819394
4269,0,0.08800225,0.22453214
4270,0,0.05219828,0.2373687
4271,0,0.06882308,0.2423449
4272,0,0.05185827,0.22813727
4273,0,0.06092935,0.22091568
4274,0,0.05219828,0.2373687
4275,0,0.0122323,0.23819394
4276,0,0.06305235,0.32742811
4277,0,0.05219828,0.2373687
4278,0,0.06305235,0.32742811
4279,1,0.93538277,0.61133958
4280,0,0.06305235,0.32742811
4281,0,0.05533088,0.24464527
4282,0,0.05953688,0.32502475
4283,0,0.05533088,0.24464527
4284,1,0.89533221,0.60689725
4285,0,0.06135606,0.2551271
4286,0,0.07071174,0.31595341
4287,0,0.05533088,0.24464527
4288,0,0.1089039,0.25810771
4289,0,0.05533088,0.24464527
4290,0,0.06092935,0.22091568
4291,0,0.40945795,0.26131663
4292,0,0.06305235,0.32742811
4293,0,0.02896597,0.25359988
4294,0,0.05502119,0.22091568
4295,0,0.05987495,0.25359988
4296,0,0.06092935,0.22091568
4297,0,0.08238139,0.27073041
4298,0,0.17359098,0.32742811
4299,0,0.06092935,0.22091568
4300,0,0.02743548,0.27420059
4301,0,0.04491833,0.25233576
4302,0,0.04957678,0.3434004
4303,0,0.032757,0.25359988
4304,0,0.03473097,0.24464527
4305,0,0.07951795,0.31790462
4306,1,0.96822971,0.82807901
4307,0,0.05953688,0.32502475
4308,0,0.05769139,0.27734789
4309,0,0.0585896,0.2551271
4310,0,0.05651742,0.22091568
4311,0,0.05651742,0.22091568
4312,0,0.05409277,0.32593609
4313,0,0.05409277,0.32593609
4314,0,0.03598604,0.25359988
4315,0,0.07951795,0.31790462
4316,1,0.04653868,0.23317033
4317,0,0.04653868,0.23317033
4318,0,0.02661279,0.25233576
4319,1,0.99612451,0.79173807
4320,0,0.05953688,0.32502475
4321,1,0.97666069,0.74416118
4322,0,0.1089039,0.25810771
4323,0,0.05533088,0.24464527
4324,1,0.95411981,0.51700142
4325,0,0.05533088,0.24464527
4326,0,0.05533088,0.24464527
4327,1,0.1089039,0.25810771
4328,0,0.05905881,0.22091568
4329,1,0.05987495,0.25359988
4330,0,0.05987495,0.25359988
4331,0,0.02896597,0.25359988
4332,0,0.05711636,0.32742811
4333,1,0.79487592,0.53721729
4334,0,0.05855748,0.23054442
4335,0,0.17359098,0.32742811
4336,0,0.08238139,0.27073041
4337,0,0.03598604,0.25359988
4338,0,0.0598538,0.25359988
4339,0,0.05987495,0.25359988
4340,0,0.05533088,0.24464527
4341,0,0.06305235,0.32742811
4342,0,0.03021767,0.22118548
4343,0,0.02862468,0.27005408
4344,0,0.05260248,0.22047539
4345,0,0.03021767,0.22118548
4346,0,0.01844326,0.30611303
4347,1,0.75429597,0.31551357
4348,0,0.03469373,0.25002591
4349,0,0.04372958,0.23819394
4350,0,0.06384078,0.25293881
4351,0,0.28722521,0.28077935
4352,0,0.03780163,0.23092616
4353,0,0.05362824,0.25293881
4354,0,0.04388691,0.23819394
4355,0,0.03757614,0.22208772
4356,0,0.06627942,0.20730881
4357,0,0.16418769,0.23819394
4358,0,0.07309149,0.22813727
4359,0,0.04612908,0.40996028
4360,0,0.03850886,0.32227812
4361,0,0.05268753,0.20205625
4362,0,0.05821156,0.25415741
4363,0,0.02168468,0.22118548
4364,0,0.05213758,0.20303893
4365,1,0.8404261,0.32751569
4366,0,0.05213758,0.20303893
4367,0,0.06595906,0.20604179
4368,0,0.03021767,0.22118548
4369,0,0.05243161,0.23819394
4370,0,0.03075675,0.24966294
4371,0,0.05821156,0.25415741
4372,0,0.05821156,0.25415741
4373,0,0.02854457,0.25002591
4374,0,0.05820649,0.25415741
4375,0,0.04535185,0.20628254
4376,1,0.53077492,0.42834114
4377,0,0.02982584,0.24610784
4378,0,0.0416787,0.25415741
4379,0,0.04535185,0.20628254
4380,0,0.05445637,0.25415741
4381,0,0.05821156,0.25415741
4382,0,0.05268753,0.20205625
4383,0,0.05036211,0.25415741
4384,0,0.05821156,0.25415741
4385,0,0.0302028,0.22118548
4386,0,0.05268753,0.20205625
4387,1,0.99737191,0.36222946
4388,1,0.84834961,0.2911748
4389,0,0.05566769,0.20724821
4390,0,0.05268753,0.20205625
4391,0,0.06627942,0.20730881
4392,0,0.05953688,0.32502475
4393,0,0.06627942,0.20730881
4394,0,0.05268753,0.20205625
4395,0,0.05821156,0.25415741
4396,0,0.05821156,0.25415741
4397,0,0.05243161,0.23819394
4398,0,0.06092935,0.22091568
4399,0,0.05507699,0.23819394
4400,0,0.03701911,0.21879295
4401,0,0.05268753,0.20205625
4402,1,0.96162135,0.68154799
4403,0,0.05047709,0.23092616
4404,0,0.06627942,0.20730881
4405,0,0.05821156,0.25415741
4406,0,0.06595906,0.20604179
4407,0,0.05797013,0.22167628
4408,0,0.05268753,0.20205625
4409,0,0.06135606,0.2551271
4410,0,0.05077085,0.21264888
4411,0,0.07392857,0.22678803
4412,0,0.06595906,0.20604179
4413,0,0.05268753,0.20205625
4414,0,0.06627942,0.20730881
4415,0,0.06595906,0.20604179
4416,0,0.06627942,0.20730881
4417,1,0.03021767,0.22118548
4418,0,0.04217607,0.23225273
4419,0,0.05268753,0.20205625
4420,1,0.66897548,0.34213704
4421,0,0.58382325,0.26202502
4422,0,0.06092935,0.22091568
4423,0,0.02244476,0.21242174
4424,0,0.06092935,0.22091568
4425,0,0.06092935,0.22091568
4426,0,0.03701911,0.21879295
4427,0,0.03021767,0.22118548
4428,0,0.05550754,0.25415741
4429,0,0.0486348,0.22935036
4430,0,0.06092935,0.22091568
4431,0,0.03021767,0.22118548
4432,0,0.81718567,0.29008239
4433,1,0.89097105,0.42461819
4434,0,0.06092935,0.22091568
4435,1,0.93400564,0.64843142
4436,1,0.89038846,0.53018882
4437,1,0.11474355,0.30611303
4438,1,0.83757198,0.31637752
4439,0,0.0738315,0.22813727
4440,0,0.05507699,0.23819394
4441,0,0.06214016,0.30718511
4442,1,0.07373237,0.42038528
4443,0,0.05370356,0.2271915
4444,1,0.37350335,0.27357055
4445,0,0.03193489,0.23028919
4446,0,0.06092935,0.22091568
4447,0,0.04008253,0.22091568
4448,0,0.04890873,0.25359988
4449,0,0.05432895,0.26191072
4450,0,0.05445637,0.25415741
4451,0,0.05213758,0.20303893
4452,0,0.26924412,0.30446914
4453,0,0.0998981,0.24640338
4454,0,0.05268753,0.20205625
4455,0,0.03021767,0.22118548
4456,0,0.05363333,0.30086735
4457,0,0.03021767,0.22118548
4458,0,0.06305235,0.32742811
4459,0,0.04388691,0.23819394
4460,0,0.05402819,0.22324602
4461,0,0.05268753,0.20205625
4462,0,0.05085258,0.2356446
4463,1,0.03358966,0.22118548
4464,0,0.03185817,0.22118548
4465,1,0.80864505,0.51987171
4466,0,0.07950316,0.27184924
4467,0,0.0455415,0.25415741
4468,1,0.84786501,0.30679185
4469,0,0.14318471,0.38460738
4470,0,0.05219828,0.2373687
4471,0,0.03701911,0.21879295
4472,0,0.05268753,0.20205625
4473,0,0.05821156,0.25415741
4474,0,0.05662645,0.23028919
4475,0,0.05409277,0.32593609
4476,0,0.06092935,0.22091568
4477,1,0.04726709,0.22218512
4478,1,0.80580129,0.31123615
4479,0,0.10655834,0.22091568
4480,0,0.06092935,0.22091568
4481,0,0.05268753,0.20205625
4482,0,0.07001971,0.2271915
4483,0,0.03021767,0.22118548
4484,0,0.12375742,0.43958464
4485,0,0.03160957,0.26052183
4486,0,0.08109521,0.25293881
4487,0,0.13494969,0.23288206
4488,0,0.05268753,0.20205625
4489,1,0.79678222,0.29798261
4490,0,0.05936705,0.23819394
4491,0,0.05770994,0.33867793
4492,0,0.02450381,0.24990055
4493,0,0.07474083,0.25587438
4494,0,0.0448115,0.12968481
4495,0,0.05315007,0.22091568
4496,0,0.03965068,0.2373687
4497,0,0.02813975,0.23911135
4498,0,0.05236233,0.22091568
4499,0,0.04803982,0.2373687
4500,0,0.05219828,0.2373687
4501,0,0.05052959,0.2373687
4502,0,0.0455186,0.22091568
4503,0,0.04724529,0.15738629
4504,0,0.05768439,0.22091568
4505,0,0.06092995,0.22091568
4506,0,0.06092935,0.22091568
4507,0,0.05025651,0.23054442
4508,0,0.05305259,0.20530103
4509,0,0.05262659,0.22091568
4510,0,0.0527954,0.21697131
4511,0,0.04571057,0.24941352
4512,0,0.01814919,0.24552784
4513,0,0.05043845,0.2373687
4514,0,0.0489819,0.27168504
4515,0,0.05643873,0.20654027
4516,0,0.04144486,0.22091568
4517,1,0.87658035,0.38778271
4518,0,0.04237631,0.22091568
4519,0,0.05219828,0.2373687
4520,0,0.04237631,0.22091568
4521,0,0.05219828,0.2373687
4522,0,0.05464726,0.22091568
4523,0,0.05855748,0.23054442
4524,0,0.08558018,0.22091568
4525,0,0.03473492,0.24941352
4526,0,0.04406619,0.25139594
4527,0,0.04104386,0.2373687
4528,0,0.05643873,0.20654027
4529,0,0.05821156,0.25415741
4530,0,0.05136578,0.2373687
4531,0,0.05219828,0.2373687
4532,0,0.05769139,0.27734789
4533,0,0.05226,0.2373687
4534,0,0.04692332,0.24941352
4535,0,0.06092935,0.22091568
4536,0,0.05464726,0.22091568
4537,0,0.05643873,0.20654027
4538,0,0.05930871,0.22091568
4539,0,0.06135606,0.2551271
4540,0,0.05219828,0.2373687
4541,1,0.53414686,0.27998064
4542,0,0.48672522,0.27734789
4543,0,0.03016069,0.2373687
4544,0,0.06135606,0.2551271
4545,0,0.06135606,0.2551271
4546,0,0.05583989,0.2551271
4547,0,0.05010695,0.20232346
4548,1,0.99656473,0.65857029
4549,0,0.05219828,0.2373687
4550,0,0.05507699,0.23819394
4551,0,0.06092935,0.22091568
4552,1,0.97185392,0.62044447
4553,0,0.0867988,0.2821329
4554,0,0.04692332,0.24941352
4555,0,0.03997073,0.23819394
4556,0,0.05219828,0.2373687
4557,0,0.04920355,0.2551271
4558,0,0.04803982,0.2373687
4559,0,0.04550512,0.2373687
4560,0,0.07150341,0.24941352
4561,1,0.85109261,0.26249894
4562,0,0.05219828,0.2373687
4563,0,0.05371376,0.20571488
4564,0,0.07150341,0.24941352
4565,0,0.05219828,0.2373687
4566,0,0.06135606,0.2551271
4567,0,0.04692332,0.24941352
4568,1,0.87053998,0.28549531
4569,0,0.05769139,0.27734789
4570,0,0.22425574,0.27734789
4571,0,0.04184817,0.14772253
4572,0,0.04787889,0.24755429
4573,0,0.06092935,0.22091568
4574,0,0.05025651,0.23054442
4575,0,0.05219828,0.2373687
4576,0,0.05769139,0.27734789
4577,0,0.02106624,0.2456774
4578,0,0.05855748,0.23054442
4579,0,0.05219828,0.2373687
4580,0,0.05243885,0.2373687
4581,0,0.05219828,0.2373687
4582,0,0.04720474,0.27168504
4583,0,0.04494024,0.20654027
4584,0,0.05768439,0.22091568
4585,0,0.04803982,0.2373687
4586,0,0.05188561,0.24755429
4587,0,0.17096324,0.30261671
4588,0,0.06831724,0.25415741
4589,0,0.0282349,0.23929307
4590,1,0.83232134,0.40618015
4591,0,0.02169181,0.24710462
4592,0,0.0400879,0.32300539
4593,1,0.89966267,0.42778241
4594,0,0.05542885,0.32789067
4595,0,0.06654772,0.33737535
4596,0,0.05858357,0.40996028
4597,0,0.04795704,0.32227812
4598,0,0.04569127,0.23163308
4599,0,0.06994613,0.30718511
4600,1,0.06305516,0.33250934
4601,1,0.91516351,0.50686178
4602,0,0.05846027,0.25415741
4603,1,0.8967604,0.38095205
4604,1,0.04466828,0.22895202
4605,1,0.7991003,0.39031533
4606,1,0.89778914,0.40286333
4607,0,0.08143643,0.40750457
4608,0,0.03866591,0.28002002
4609,0,0.02842508,0.22775047
4610,0,0.07802804,0.38790348
4611,0,0.0487734,0.40996028
4612,0,0.21521562,0.23163308
4613,0,0.05492607,0.32789067
4614,0,0.03431646,0.22739647
4615,1,0.90922341,0.5038526
4616,0,0.06175493,0.30611303
4617,0,0.0359255,0.31457881
4618,1,0.93851031,0.62100855
4619,1,0.9937046,0.54194835
4620,1,0.97227732,0.48271323
4621,0,0.17678175,0.39245875
4622,1,0.90216399,0.62743481
4623,1,0.88210154,0.63292735
4624,1,0.57154216,0.43735951
4625,1,0.89354475,0.30342327
4626,1,0.94029512,0.62164589
4627,0,0.07632893,0.34282762
4628,1,0.89401956,0.4848901
4629,1,0.92633734,0.49820207
4630,1,0.93585956,0.48706277
4631,1,0.8930601,0.31849254
4632,1,0.65803701,0.68615095
4633,1,0.90012416,0.70098247
4634,1,0.89444357,0.3878479
4635,0,0.20233889,0.34612553
4636,1,0.91919067,0.59000287
4637,1,0.96940473,0.66591917
4638,1,0.79701449,0.52668408
4639,1,0.98129743,0.52872933
4640,1,0.74819765,0.52939399
4641,1,0.86499588,0.52583384
4642,1,0.62424404,0.70613012
4643,1,0.8421595,0.45258911
4644,1,0.9317239,0.65491957
4645,1,0.9323602,0.44352095
4646,1,0.06654772,0.33737535
4647,1,0.95411981,0.51700142
4648,1,0.92916516,0.57486939
4649,0,0.06755963,0.24006261
4650,0,0.1023317,0.47796085
4651,1,0.634173,0.72030561
4652,1,0.90478844,0.43839187
4653,1,0.80924078,0.53531649
4654,0,0.03550668,0.25233576
4655,0,0.03550668,0.25233576
4656,0,0.04526343,0.24610784
4657,0,0.04526343,0.24610784
4658,0,0.05953688,0.32502475
4659,0,0.05574068,0.25415741
4660,0,0.04526343,0.24610784
4661,0,0.05813334,0.25732941
4662,0,0.04526343,0.24610784
4663,0,0.04526343,0.24610784
4664,0,0.05769139,0.27734789
4665,0,0.05769139,0.27734789
4666,0,0.06152197,0.26807566
4667,0,0.05769139,0.27734789
4668,0,0.05769139,0.27734789
4669,0,0.07614734,0.26150932
4670,0,0.03550668,0.25233576
4671,0,0.05821156,0.25415741
4672,0,0.05648677,0.23054442
4673,0,0.06092935,0.22091568
4674,0,0.06092935,0.22091568
4675,0,0.25723359,0.24360861
4676,0,0.05219828,0.2373687
4677,0,0.05219828,0.2373687
4678,1,0.98765108,0.47978258
4679,0,0.05953688,0.32502475
4680,0,0.06305516,0.33250934
4681,0,0.05953688,0.32502475
4682,0,0.05953688,0.32502475
4683,1,0.99438523,0.61722808
4684,1,0.99922271,0.74505217
4685,0,0.05769139,0.27734789
4686,1,0.99640374,0.81190615
4687,1,0.9216381,0.61722808
4688,1,0.9879545,0.81573441
4689,1,0.88110538,0.41852925
4690,1,0.91328308,0.66957007
4691,1,0.14143498,0.39500093
4692,1,0.9879545,0.81573441
4693,0,0.06092935,0.22091568
4694,1,0.96858534,0.68730143
4695,0,0.18127197,0.32502475
4696,1,0.99180602,0.79900041
4697,1,0.9572965,0.44232603
4698,1,0.97181167,0.62044447
4699,1,0.46797438,0.55383752
4700,0,0.05769139,0.27734789
4701,1,0.99467533,0.8112936
4702,0,0.03425743,0.27734789
4703,1,0.98284638,0.67956916
4704,0,0.05848232,0.21862098
4705,0,0.04481882,0.23735767
4706,0,0.03799985,0.22448265
4707,0,0.04355187,0.20972549
4708,0,0.04317757,0.22003767
4709,0,0.05156552,0.1419649
4710,0,0.06449563,0.20982878
4711,0,0.05792412,0.21231389
4712,0,0.04952563,0.21842098
4713,0,0.05507699,0.23819394
4714,0,0.0320674,0.23653289
4715,0,0.03201106,0.23748103
4716,0,0.05938892,0.21224196
4717,0,0.06402616,0.21862098
4718,0,0.12330977,0.22091568
4719,0,0.03465734,0.2327157
4720,0,0.13759921,0.24582075
4721,0,0.14623396,0.24400257
4722,0,0.11327495,0.26727507
4723,0,0.11527886,0.21173862
4724,0,0.04949946,0.22080107
4725,0,0.14962024,0.20640322
4726,0,0.06449563,0.20982878
4727,0,0.03440328,0.2520962
4728,0,0.07607909,0.23645384
4729,0,0.05869417,0.22523532
4730,1,0.59478968,0.42719901
4731,0,0.02916754,0.23274044
4732,0,0.1334043,0.40163724
4733,0,0.0306028,0.24635169
4734,0,0.04221435,0.24059352
4735,0,0.06117547,0.22409924
4736,0,0.03122432,0.2257172
4737,0,0.0393689,0.24369444
4738,0,0.04448936,0.24474796
4739,0,0.06782598,0.23602434
4740,0,0.04473129,0.25415741
4741,0,0.06476458,0.20731231
4742,0,0.05048717,0.22533379
4743,0,0.06534245,0.20982878
4744,0,0.05182068,0.25359988
4745,0,0.04942127,0.2473776
4746,1,0.99196263,0.61222456
4747,1,0.99482231,0.68398615
4748,1,0.99455641,0.71006966
4749,1,0.99042014,0.5797117
4750,1,0.95471326,0.61950772
4751,1,0.91564456,0.50304492
4752,1,0.93343728,0.43875358
4753,1,0.96802276,0.53278264
4754,1,0.48166226,0.48400852
4755,1,0.8197857,0.26179317
4756,1,0.96119614,0.39446848
4757,1,0.34364468,0.33970029
4758,0,0.05496232,0.2449747
4759,0,0.05243885,0.2373687
4760,0,0.06509377,0.24516666
4761,0,0.08026846,0.26507732
4762,0,0.05493822,0.2373687
4763,1,0.82905781,0.33350856
4764,0,0.05607795,0.23819394
4765,0,0.07951795,0.31790462
4766,0,0.05243885,0.2373687
4767,0,0.04690005,0.2373687
4768,0,0.06142494,0.22150958
4769,0,0.05219828,0.2373687
4770,0,0.11218856,0.25359988
4771,0,0.05855748,0.23054442
4772,0,0.0154335,0.2039075
4773,0,0.05243885,0.2373687
4774,0,0.05821156,0.25415741
4775,0,0.05022143,0.2373687
4776,1,0.8988624,0.32672797
4777,0,0.05507699,0.23819394
4778,0,0.05219828,0.2373687
4779,0,0.05775354,0.32502475
4780,0,0.05348688,0.20457714
4781,0,0.07981225,0.24706289
4782,0,0.05900481,0.2551271
4783,0,0.06241001,0.20616793
4784,0,0.05987495,0.25359988
4785,0,0.03727017,0.25359988
4786,0,0.83475064,0.31027492
4787,0,0.10430652,0.26726336
4788,0,0.07981225,0.24706289
4789,0,0.0745303,0.24706289
4790,0,0.04081093,0.25359988
4791,0,0.04785655,0.2373687
4792,0,0.05905881,0.22091568
4793,0,0.05533088,0.24464527
4794,0,0.07516988,0.2373687
4795,0,0.03754205,0.25233576
4796,0,0.05219828,0.2373687
4797,0,0.18194425,0.32502475
4798,0,0.07613143,0.32502475
4799,0,0.05402819,0.22324602
4800,0,0.05219828,0.2373687
4801,0,0.04343644,0.2373687
4802,0,0.05103572,0.23054442
4803,0,0.05769139,0.27734789
4804,0,0.08026846,0.26507732
4805,0,0.13241203,0.22628736
4806,0,0.05987495,0.25359988
4807,0,0.09967167,0.32502475
4808,1,0.99181514,0.79900041
4809,0,0.04851378,0.25415741
4810,1,0.98785656,0.81618115
4811,1,0.97829304,0.69868338
4812,0,0.03420183,0.25415741
4813,1,0.88149168,0.3715224
4814,1,0.99348844,0.58906564
4815,1,0.91419595,0.48435473
4816,1,0.99503321,0.68751627
4817,0,0.06461108,0.36358674
4818,0,0.05282129,0.3199202
4819,1,0.95498566,0.66957029
4820,0,0.05660178,0.36368413
4821,1,0.94536748,0.55498294
4822,1,0.92608178,0.65228639
4823,0,0.04892788,0.25359988
4824,1,0.99851352,0.68914684
4825,1,0.99438532,0.61722808
4826,1,0.89518375,0.50295117
4827,0,0.04583424,0.39064271
4828,1,0.90334625,0.37582963
4829,0,0.05141684,0.22091568
4830,1,0.99141594,0.81224623
4831,1,0.91904764,0.60563998
4832,1,0.99329059,0.83527417
4833,1,0.99952736,0.68764329
4834,1,0.9997466,0.81268591
4835,1,0.99976368,0.78340155
4836,1,0.53181261,0.53503715
4837,1,0.97137513,0.62250406
4838,1,0.90257818,0.45351493
4839,1,0.98785656,0.81618115
4840,1,0.9879545,0.81573441
4841,1,0.90451119,0.48435473
4842,0,0.0406231,0.22091568
4843,1,0.9879545,0.81573441
4844,1,0.92854912,0.69064665
4845,0,0.06559042,0.32502475
4846,1,0.99208413,0.83963251
4847,0,0.0537832,0.25415741
4848,1,0.98958259,0.81614883
4849,1,0.99855511,0.66351951
4850,1,0.98484962,0.79758043
4851,0,0.05953688,0.32502475
4852,0,0.04110099,0.32512214
4853,1,0.98912061,0.71358871
4854,1,0.98728837,0.65961855
4855,1,0.95511682,0.6596083
4856,0,0.06178654,0.21697131
4857,0,0.05953688,0.32502475
4858,0,0.14027,0.22091568
4859,0,0.10021516,0.35329117
4860,0,0.05672197,0.26672134
4861,0,0.05920774,0.2373687
4862,0,0.04252048,0.32502475
4863,1,0.90407339,0.48598234
4864,1,0.98792072,0.77990603
4865,0,0.05953688,0.32502475
4866,0,0.05953688,0.32502475
4867,0,0.06926114,0.25359988
4868,1,0.99924256,0.64785954
4869,1,0.79625227,0.54490585
4870,1,0.87868716,0.49572965
4871,0,0.11432486,0.32502475
4872,1,0.97634172,0.68601369
4873,0,0.06092935,0.22091568
4874,1,0.98722193,0.52030909
4875,1,0.9274807,0.55645936
4876,0,0.07696304,0.27602662
4877,0,0.04065467,0.22091568
4878,1,0.98602805,0.7794593
4879,1,0.93821933,0.65213195
4880,0,0.04693632,0.32502475
4881,0,0.10818557,0.32898745
4882,0,0.06092935,0.22091568
4883,0,0.05513413,0.32502475
4884,0,0.05884556,0.32898745
4885,0,0.06092935,0.22091568
4886,1,0.97539549,0.66102034
4887,1,0.98785656,0.81618115
4888,1,0.98648268,0.78232344
4889,0,0.07933363,0.31222519
4890,0,0.05476889,0.2551271
4891,0,0.05490525,0.2373687
4892,1,0.99892047,0.8065521
4893,1,0.912675,0.44906507
4894,0,0.05953688,0.32502475
4895,1,0.99761338,0.6899539
4896,1,0.8791575,0.54972602
4897,1,0.90287799,0.48435473
4898,0,0.04851378,0.25415741
4899,1,0.9692116,0.37582963
4900,0,0.07124333,0.27752172
4901,0,0.0977502,0.32898745
4902,1,0.92764073,0.84585126
4903,1,0.9864259,0.58906564
4904,0,0.05243885,0.2373687
4905,0,0.05808693,0.32502475
4906,0,0.05219828,0.2373687
4907,0,0.06152197,0.26807566
4908,0,0.10745164,0.25415741
4909,1,0.93366958,0.5974713
4910,0,0.03847557,0.23819394
4911,0,0.04301923,0.26507732
4912,0,0.55700119,0.29628012
4913,0,0.05905881,0.22091568
4914,0,0.05432374,0.26191072
4915,0,0.02921501,0.25415741
4916,0,0.05219828,0.2373687
4917,0,0.11487144,0.22091568
4918,0,0.09821486,0.25415741
4919,1,0.77426473,0.36396661
4920,0,0.0539597,0.25415741
4921,0,0.05280974,0.2551271
4922,0,0.02040461,0.21849196
4923,0,0.01740721,0.23163308
4924,0,0.09166614,0.23755309
4925,1,0.8923601,0.32533339
4926,0,0.04144447,0.23028919
4927,0,0.05243885,0.2373687
4928,0,0.02500184,0.2373687
4929,0,0.05821156,0.25415741
4930,0,0.04851378,0.25415741
4931,0,0.06098474,0.22091568
4932,0,0.07516988,0.2373687
4933,0,0.03603026,0.21104037
4934,0,0.08026846,0.26507732
4935,0,0.05821156,0.25415741
4936,0,0.05821156,0.25415741
4937,0,0.03937789,0.2373687
4938,0,0.0297752,0.23572731
4939,0,0.05643873,0.20654027
4940,0,0.04803083,0.22091568
4941,0,0.05120516,0.2373687
4942,0,0.05855748,0.23054442
4943,0,0.05062704,0.22091568
4944,0,0.06092935,0.22091568
4945,0,0.05573609,0.23054442
4946,1,0.94235371,0.58839058
4947,0,0.03937789,0.2373687
4948,1,0.86646708,0.32846807
4949,0,0.04762362,0.22091568
4950,0,0.06092935,0.22091568
4951,0,0.05643873,0.20654027
4952,0,0.09838381,0.31316453
4953,0,0.0390786,0.2288218
4954,0,0.0396979,0.22760813
4955,0,0.07756725,0.2551271
4956,0,0.05432895,0.26191072
4957,0,0.03326614,0.21849196
4958,1,0.9792732,0.53547202
4959,0,0.05507699,0.23819394
4960,0,0.05322444,0.15958001
4961,0,0.05892201,0.20996551
4962,1,0.96840804,0.64726886
4963,0,0.06092935,0.22091568
4964,0,0.05219828,0.2373687
4965,0,0.09061571,0.37620222
4966,0,0.04762362,0.22091568
4967,0,0.05792769,0.26675491
4968,0,0.05769139,0.27734789
4969,0,0.05506605,0.23054442
4970,1,0.93366958,0.5974713
4971,0,0.05219828,0.2373687
4972,0,0.08961622,0.23572731
4973,0,0.05669262,0.3426102
4974,0,0.0532797,0.20654027
4975,0,0.05219828,0.2373687
4976,0,0.06092935,0.22091568
4977,0,0.03655111,0.22091568
4978,0,0.03632093,0.2373687
4979,0,0.06135606,0.2551271
4980,1,0.94698185,0.36103222
4981,1,0.99503469,0.67036604
4982,0,0.05809419,0.40799265
4983,0,0.03493994,0.25002591
4984,0,0.05219828,0.2373687
4985,0,0.04762362,0.22091568
4986,0,0.05219828,0.2373687
4987,1,0.93366958,0.5974713
4988,0,0.03906864,0.27465263
4989,0,0.05457872,0.23092616
4990,1,0.98806222,0.68204829
4991,0,0.05179373,0.2494302
4992,1,0.97120142,0.61067214
4993,0,0.05821837,0.25415741
4994,0,0.04762362,0.22091568
4995,0,0.04872172,0.22091568
4996,1,0.89500988,0.48435473
4997,0,0.09892691,0.27184924
4998,0,0.09892691,0.27184924
4999,0,0.05821156,0.25415741
5000,0,0.03493994,0.25002591
5001,0,0.11097076,0.24709261
5002,0,0.06092358,0.22091568
5003,0,0.07500976,0.23819394
5004,0,0.05409277,0.32593609
5005,1,0.99954638,0.63317755
5006,0,0.0406231,0.22091568
5007,0,0.06092935,0.22091568
5008,1,0.98171234,0.67939284
5009,0,0.08653153,0.25002591
5010,0,0.05219828,0.2373687
5011,0,0.03021767,0.22118548
5012,0,0.09656615,0.2373687
5013,0,0.05649484,0.24054872
5014,1,0.90817019,0.6737816
5015,0,0.04762362,0.22091568
5016,0,0.10303688,0.24941352
5017,1,0.98467043,0.50991913
5018,0,0.27869207,0.23028919
5019,1,0.898005,0.35057339
5020,0,0.04762362,0.22091568
5021,0,0.05532968,0.27734789
5022,0,0.05878812,0.23819394
5023,1,0.91068728,0.69447632
5024,0,0.10173482,0.25173568
5025,0,0.04692332,0.24941352
5026,0,0.05219828,0.2373687
5027,0,0.05550754,0.25415741
5028,0,0.05506605,0.23054442
5029,1,0.99954638,0.63317755
5030,0,0.02976341,0.2373687
5031,1,0.91068728,0.69447632
5032,0,0.04821761,0.25124142
5033,0,0.02734744,0.23163308
5034,0,0.05275655,0.28002002
5035,0,0.04473129,0.25415741
5036,0,0.05409277,0.32593609
5037,0,0.02853527,0.24649734
5038,0,0.05938892,0.21224196
5039,0,0.05938892,0.21224196
5040,0,0.03799985,0.22448265
5041,0,0.05351442,0.23819394
5042,0,0.05351442,0.23819394
5043,0,0.05980996,0.22909858
5044,0,0.04448936,0.24474796
5045,0,0.06588632,0.25257251
5046,0,0.0587334,0.22909858
5047,0,0.04136375,0.25514048
5048,0,0.07455397,0.24205806
5049,0,0.03465734,0.2327157
5050,1,0.96812157,0.62580441
5051,1,0.91810127,0.54445312
5052,1,0.44492063,0.48588133
5053,1,0.97805197,0.57484317
5054,1,0.92240028,0.501612
5055,1,0.86878684,0.55854655
5056,1,0.57085573,0.50497183
5057,1,0.90917246,0.48207591
5058,1,0.98532901,0.62757336
5059,1,0.98679311,0.63615096
5060,1,0.91855251,0.65990197
5061,0,0.05840819,0.33250934
5062,1,0.99055448,0.70877084
5063,0,0.06535876,0.30924225
5064,1,0.06430488,0.38723973
5065,1,0.32921911,0.35534868
5066,0,0.05855721,0.30361113
5067,0,0.04951026,0.25002591
5068,0,0.02633467,0.23819394
5069,0,0.03884255,0.2356446
5070,0,0.05507699,0.23819394
5071,0,0.07460393,0.21922502
5072,1,0.89867059,0.30992705
5073,1,0.87164569,0.32446959
5074,1,0.90266763,0.58183917
5075,1,0.8902449,0.40381367
5076,0,0.03399282,0.2520962
5077,0,0.03399282,0.2520962
5078,0,0.03399282,0.2520962
5079,0,0.05507699,0.23819394
5080,0,0.20045573,0.23074437
5081,0,0.05507699,0.23819394
5082,0,0.04705817,0.23819394
5083,0,0.05549748,0.25709458
5084,0,0.19218024,0.27412085
5085,0,0.07167746,0.14190711
5086,0,0.05538782,0.2331946
5087,0,0.06284013,0.22119865
5088,1,0.91366421,0.36203566
5089,0,0.04055828,0.21168201
5090,0,0.03920514,0.2494302
5091,0,0.05687893,0.2494302
5092,0,0.04419816,0.23819394
5093,1,0.94535379,0.36404319
5094,0,0.04397924,0.23953323
5095,0,0.03957337,0.26115305
5096,1,0.81315974,0.29935117
5097,0,0.06822915,0.25038397
5098,0,0.03406305,0.23645384
5099,0,0.0426937,0.2494302
5100,0,0.0221473,0.23356792
5101,0,0.05507699,0.23819394
5102,1,0.88926508,0.3421221
5103,0,0.04868858,0.23819394
5104,1,0.94139903,0.37900462
5105,1,0.89403196,0.34218827
5106,1,0.88039162,0.3421221
5107,1,0.84810475,0.33959255
5108,1,0.82903848,0.30735117
5109,0,0.04909204,0.23819394
5110,0,0.03399282,0.2520962
5111,1,0.80425219,0.31004635
5112,0,0.03144786,0.2301565
5113,1,0.89389127,0.4357771
5114,0,0.01478707,0.23597496
5115,1,0.89592178,0.35153175
5116,1,0.86841727,0.32894772
5117,0,0.02370638,0.2520962
5118,0,0.05219828,0.2373687
5119,1,0.83780436,0.48357095
5120,0,0.04106765,0.41005768
5121,1,0.48019054,0.27864743
5122,0,0.05219828,0.2373687
5123,0,0.04868716,0.22091568
5124,0,0.43051643,0.23920656
5125,1,0.92359604,0.41675988
5126,0,0.04892788,0.25359988
5127,0,0.05432895,0.26191072
5128,0,0.02175823,0.23645384
5129,0,0.05158418,0.2449747
5130,1,0.92948292,0.55497311
5131,1,0.90231215,0.3461904
5132,1,0.88538842,0.34414021
5133,1,0.86399601,0.3218854
5134,0,0.06996113,0.32192968
5135,0,0.15178359,0.25002591
5136,0,0.05095077,0.23819394
5137,0,0.05369644,0.23819394
5138,1,0.96746808,0.73340621
5139,0,0.06092935,0.22091568
5140,0,0.05507699,0.23819394
5141,0,0.04892788,0.25359988
5142,0,0.02823895,0.25359988
5143,0,0.03307411,0.23356792
5144,0,0.03546669,0.22091568
5145,0,0.05219828,0.2373687
5146,0,0.05649484,0.24054872
5147,0,0.10859182,0.36940661
5148,0,0.05507699,0.23819394
5149,1,0.94108709,0.32846807
5150,0,0.03399282,0.2520962
5151,0,0.35673681,0.31562817
5152,0,0.0368526,0.23819394
5153,0,0.01493185,0.25607887
5154,0,0.09982561,0.2714516
5155,0,0.04810129,0.23270772
5156,0,0.05223133,0.23819394
5157,0,0.03496718,0.26807566
5158,0,0.03708005,0.23054442
5159,0,0.03169189,0.23819394
5160,0,0.05858357,0.40996028
5161,0,0.05346793,0.25415741
5162,0,0.03504025,0.29495958
5163,0,0.05302379,0.22091568
5164,0,0.04603793,0.27734789
5165,0,0.03366585,0.24706659
5166,0,0.05850183,0.22091568
5167,0,0.0368526,0.23819394
5168,0,0.05507699,0.23819394
5169,0,0.05091334,0.2373687
5170,0,0.02356655,0.25687095
5171,0,0.02748572,0.22324602
5172,0,0.03290434,0.22804972
5173,0,0.06124819,0.22918607
5174,0,0.0399165,0.32502475
5175,0,0.0436984,0.23547918
5176,0,0.05061946,0.23819394
5177,0,0.02401078,0.23065101
5178,0,0.01088229,0.25002591
5179,0,0.03021767,0.22118548
5180,0,0.05527688,0.32207866
5181,0,0.02107074,0.23819394
5182,0,0.04112205,0.2373687
5183,0,0.04453189,0.2484274
5184,0,0.05649484,0.24054872
5185,0,0.05858357,0.40996028
5186,0,0.0461174,0.23819394
5187,0,0.04078905,0.24558748
5188,0,0.07551203,0.25530092
5189,0,0.12863702,0.2271915
5190,0,0.04749511,0.2373687
5191,0,0.05124341,0.24524502
5192,0,0.04893815,0.25415741
5193,0,0.05905428,0.23645384
5194,1,0.60613691,0.29442052
5195,0,0.02618386,0.22895202
5196,1,0.84779516,0.31752279
5197,1,0.9748197,0.50947585
5198,1,0.36600615,0.32672797
5199,1,0.88693955,0.43197789
5200,0,0.04993613,0.25069988
5201,0,0.18457459,0.39400036
5202,1,0.86147107,0.31519635
5203,1,0.95342904,0.59417243
5204,1,0.67244981,0.30735117
5205,1,0.88181364,0.34218827
5206,0,0.03748627,0.2551271
5207,0,0.0368526,0.23819394
5208,0,0.05778136,0.23092616
5209,0,0.05930483,0.23819394
5210,0,0.01670563,0.25935883
5211,0,0.05507699,0.23819394
5212,0,0.04172151,0.23065101
5213,1,0.92554418,0.5198531
5214,0,0.0487442,0.25454115
5215,0,0.0259159,0.23819394
5216,0,0.13428231,0.23645384
5217,0,0.07255281,0.23645384
5218,0,0.04019465,0.2494302
5219,0,0.06274725,0.23645384
5220,0,0.05848232,0.21862098
5221,1,0.06692507,0.39331582
5222,0,0.05821156,0.25415741
5223,0,0.04587947,0.25233576
5224,0,0.02955285,0.25530092
5225,0,0.03493994,0.25002591
5226,0,0.05953688,0.32502475
5227,0,0.03666956,0.27663361
5228,0,0.03881468,0.24558748
5229,0,0.0268519,0.25415741
5230,0,0.04979763,0.32571395
5231,0,0.1070612,0.24304048
5232,0,0.05219828,0.2373687
5233,0,0.16336491,0.3146544
5234,0,0.05916275,0.23922953
5235,0,0.102787,0.23645384
5236,0,0.15940429,0.23819394
5237,0,0.05095942,0.23645384
5238,0,0.05507699,0.23819394
5239,0,0.04909985,0.23953323
5240,0,0.04052875,0.23583578
5241,0,0.04397565,0.23583578
5242,0,0.05007353,0.23819394
5243,0,0.05943288,0.24536854
5244,0,0.20045573,0.23074437
5245,0,0.03625417,0.25359988
5246,0,0.05691818,0.22091568
5247,0,0.05987564,0.20996551
5248,0,0.03973419,0.2551271
5249,0,0.04453189,0.2484274
5250,0,0.07365143,0.21697131
5251,0,0.05953688,0.32502475
5252,0,0.06354506,0.22616434
5253,0,0.04608073,0.23645384
5254,0,0.0541266,0.23819394
5255,0,0.05953688,0.32502475
5256,0,0.03302731,0.32502475
5257,1,0.94198877,0.48692734
5258,0,0.05533088,0.24464527
5259,0,0.05533088,0.24464527
5260,0,0.05342448,0.23819394
5261,0,0.1089039,0.25810771
5262,0,0.04972267,0.32502475
5263,0,0.08544098,0.25359988
5264,0,0.03965068,0.2373687
5265,1,0.81737935,0.30999399
5266,0,0.1089039,0.25810771
5267,0,0.03598604,0.25359988
5268,0,0.04589775,0.24941352
5269,0,0.05953688,0.32502475
5270,1,0.71650929,0.71392378
5271,0,0.04587947,0.25233576
5272,0,0.05905881,0.22091568
5273,0,0.05395943,0.24464527
5274,0,0.02538837,0.32593609
5275,0,0.05953688,0.32502475
5276,0,0.31130799,0.22091568
5277,0,0.05409277,0.32593609
5278,0,0.07389464,0.23054442
5279,0,0.05953688,0.32502475
5280,0,0.05987495,0.25359988
5281,0,0.03854093,0.2551271
5282,1,0.88124543,0.57269498
5283,0,0.1089039,0.25810771
5284,0,0.05929765,0.25359988
5285,0,0.85433024,0.32846807
5286,0,0.03758387,0.23229121
5287,0,0.19023739,0.2551271
5288,0,0.04963517,0.23645384
5289,0,0.05533088,0.24464527
5290,0,0.05094949,0.25261137
5291,0,0.07453116,0.24706289
5292,0,0.05943974,0.31408412
5293,0,0.08774415,0.23952325
5294,0,0.05250473,0.22091568
5295,0,0.05533088,0.24464527
5296,1,0.71822506,0.34163074
5297,0,0.03424509,0.32502475
5298,0,0.00231884,0.24512172
5299,0,0.07627915,0.20616793
5300,0,0.03758387,0.23229121
5301,0,0.02762736,0.25359988
5302,0,0.07039154,0.26989707
5303,0,0.04709411,0.2373687
5304,0,0.05987495,0.25359988
5305,0,0.06529069,0.31957272
5306,0,0.08139983,0.32502475
5307,0,0.05987495,0.25359988
5308,0,0.05674983,0.2551271
5309,0,0.0867988,0.2821329
5310,0,0.05987495,0.25359988
5311,0,0.08139983,0.32502475
5312,1,0.89562797,0.36741552
5313,0,0.0742193,0.2373687
5314,0,0.1089039,0.25810771
5315,0,0.05533088,0.24464527
5316,0,0.86223789,0.30342327
5317,0,0.04172151,0.23065101
5318,0,0.24757184,0.32502475
5319,0,0.07951795,0.31790462
5320,0,0.0686147,0.32502475
5321,1,0.89306429,0.47422455
5322,0,0.03370528,0.2373687
5323,0,0.05219828,0.2373687
5324,0,0.0785875,0.25052228
5325,0,0.06092935,0.22091568
5326,0,0.04434237,0.2551271
5327,0,0.05074421,0.20654027
5328,0,0.05900481,0.2551271
5329,0,0.04410341,0.2551271
5330,0,0.05409277,0.32593609
5331,0,0.06165644,0.25576018
5332,0,0.09584984,0.32203333
5333,0,0.05900481,0.2551271
5334,0,0.03871715,0.24362964
5335,0,0.07560319,0.2373687
5336,1,0.92015902,0.48176293
5337,0,0.0294372,0.32593609
5338,0,0.06437775,0.25810771
5339,0,0.03977925,0.25359988
5340,0,0.01723932,0.25415741
5341,1,0.99966451,0.61394491
5342,1,0.88623582,0.483472
5343,0,0.02330301,0.23093624
5344,0,0.02487123,0.22091568
5345,0,0.04640849,0.23819394
5346,0,0.0584563,0.23645384
5347,0,0.55684218,0.25687095
5348,0,0.01621258,0.22091568
5349,0,0.06135606,0.2551271
5350,1,0.95902089,0.71427508
5351,1,0.9710539,0.56065494
5352,0,0.25320181,0.42795306
5353,0,0.02584104,0.24197413
5354,1,0.98063139,0.48266305
5355,1,0.99942061,0.67903503
5356,1,0.97615735,0.56784869
5357,1,0.94388424,0.6754168
5358,1,0.98799534,0.64810557
5359,1,0.09944075,0.2430504
5360,1,0.98168616,0.69043528
5361,1,0.93777803,0.60544871
5362,1,0.87475661,0.49310018
5363,1,0.98729446,0.56585118
5364,0,0.06305235,0.32742811
5365,0,0.04315174,0.24095718
5366,0,0.02116834,0.23117358
5367,0,0.05953688,0.32502475
5368,0,0.05953688,0.32502475
5369,0,0.05953688,0.32502475
5370,1,0.76467572,0.31177804
5371,0,0.07247597,0.22324602
5372,0,0.05953688,0.32502475
5373,0,0.05402819,0.22324602
5374,0,0.05953688,0.32502475
5375,0,0.05821156,0.25415741
5376,1,0.97283011,0.60209994
5377,1,0.94326454,0.44411349
5378,1,0.87636465,0.41437857
5379,1,0.44815482,0.25233576
5380,0,0.05559327,0.31957272
5381,0,0.06762767,0.23002666
5382,0,0.05120755,0.2494302
5383,0,0.01679875,0.26211717
5384,0,0.07984918,0.24309927
5385,1,0.90818661,0.3996511
5386,0,0.05507699,0.23819394
5387,0,0.03399282,0.2520962
5388,0,0.05894285,0.22091568
5389,0,0.05219828,0.2373687
5390,0,0.05219828,0.2373687
5391,0,0.05445637,0.25415741
5392,0,0.05103572,0.23054442
5393,1,0.89500988,0.48435473
5394,0,0.0720581,0.2551271
5395,0,0.0404355,0.31417135
5396,1,0.89223271,0.33769988
5397,0,0.03288297,0.28667778
5398,0,0.05507699,0.23819394
5399,0,0.05769139,0.27734789
5400,0,0.05916275,0.23922953
5401,0,0.04154299,0.23028919
5402,0,0.04711121,0.25799961
5403,0,0.06135606,0.2551271
5404,0,0.05219828,0.2373687
5405,0,0.14717226,0.23645384
5406,1,0.88460232,0.30992705
5407,0,0.05006574,0.2373687
5408,0,0.06208785,0.22760813
5409,0,0.0494404,0.23819394
5410,0,0.0720581,0.2551271
5411,0,0.0627413,0.23645384
5412,0,0.05445637,0.25415741
5413,0,0.05507699,0.23819394
5414,0,0.0584563,0.23645384
5415,0,0.02356655,0.25687095
5416,0,0.05649245,0.25359988
5417,0,0.10747185,0.25415741
5418,0,0.04544076,0.2373687
5419,0,0.03134018,0.23356792
5420,1,0.84582569,0.30115605
5421,0,0.05299944,0.24059403
5422,0,0.05507699,0.23819394
5423,0,0.0499807,0.23819394
5424,0,0.05953688,0.32502475
5425,0,0.10805727,0.27734789
5426,0,0.05905881,0.22091568
5427,0,0.05507699,0.23819394
5428,0,0.06135606,0.2551271
5429,1,0.90132451,0.44726275
5430,1,0.99825731,0.74642308
5431,1,0.76105961,0.39503227
5432,0,0.05181327,0.23819394
5433,0,0.05507699,0.23819394
5434,0,0.0715325,0.2494302
5435,0,0.04052875,0.23583578
5436,0,0.05219828,0.2373687
5437,0,0.05362824,0.25293881
5438,0,0.03506483,0.25293881
5439,0,0.05219828,0.2373687
5440,0,0.05507699,0.23819394
5441,0,0.05507699,0.23819394
5442,0,0.04997182,0.37628335
5443,0,0.05916275,0.23922953
5444,0,0.03134018,0.23356792
5445,0,0.07205557,0.2551271
5446,0,0.02853392,0.23270772
5447,0,0.0539597,0.25415741
5448,0,0.05006574,0.2373687
5449,0,0.05402819,0.22324602
5450,0,0.05496232,0.2449747
5451,0,0.05145065,0.2373687
5452,0,0.05219828,0.2373687
5453,0,0.0288926,0.25233576
5454,0,0.06135606,0.2551271
5455,0,0.01784658,0.26132509
5456,0,0.05409277,0.32593609
5457,0,0.03784069,0.22091568
5458,0,0.03399282,0.2520962
5459,0,0.05006574,0.2373687
5460,0,0.05945911,0.23819394
5461,0,0.06595877,0.25415741
5462,0,0.05139948,0.21063502
5463,0,0.03399282,0.2520962
5464,0,0.05507699,0.23819394
5465,1,0.90798722,0.3657513
5466,0,0.07390567,0.22938305
5467,0,0.05362125,0.2449747
5468,0,0.05729216,0.22132173
5469,0,0.05103572,0.23054442
5470,0,0.05347337,0.2494302
5471,0,0.05848232,0.21862098
5472,0,0.05303264,0.23054442
5473,0,0.04118363,0.23819394
5474,1,0.87606155,0.41295119
5475,0,0.0504779,0.23819394
5476,0,0.01904836,0.2494302
5477,0,0.04997857,0.2373687
5478,0,0.03405728,0.23922953
5479,0,0.06135606,0.2551271
5480,0,0.10247934,0.32898745
5481,1,0.96292208,0.34624108
5482,1,0.9541327,0.39291532
5483,0,0.03946303,0.25648451
5484,1,0.05391475,0.25415741
5485,0,0.06598597,0.32742811
5486,0,0.04726709,0.22218512
5487,0,0.10664344,0.25415741
5488,0,0.03021767,0.22118548
5489,0,0.05953688,0.32502475
5490,0,0.05821156,0.25415741
5491,0,0.05402819,0.22324602
5492,0,0.02888471,0.21996376
5493,0,0.06678689,0.31567631
5494,0,0.03021767,0.22118548
5495,0,0.02981957,0.23819394
5496,0,0.05523629,0.25002591
5497,0,0.03021767,0.22118548
5498,0,0.05953688,0.32502475
5499,0,0.08003514,0.22360057
5500,0,0.05103572,0.23054442
5501,0,0.08749055,0.28901932
5502,1,0.8777952,0.4266965
5503,0,0.06305235,0.32742811
5504,0,0.05953688,0.32502475
5505,1,0.95533128,0.29798261
5506,0,0.00755789,0.22118548
5507,0,0.06305235,0.32742811
5508,0,0.04711948,0.30207655
5509,0,0.04215673,0.25415741
5510,0,0.06305235,0.32742811
5511,0,0.03493994,0.25002591
5512,1,0.89710329,0.39537873
5513,0,0.05461708,0.22360057
5514,0,0.05953688,0.32502475
5515,0,0.05219828,0.2373687
5516,0,0.05402819,0.22324602
5517,0,0.05953688,0.32502475
5518,1,0.91302657,0.38525791
5519,0,0.042325,0.22118548
5520,0,0.05953688,0.32502475
5521,1,0.86097851,0.43768924
5522,0,0.05461708,0.22360057
5523,0,0.0738315,0.22813727
5524,0,0.05821156,0.25415741
5525,0,0.05524259,0.30086735
5526,1,0.55655876,0.26745268
5527,1,0.80618514,0.2911748
5528,0,0.05402819,0.22324602
5529,0,0.09101626,0.31644146
5530,0,0.04726709,0.22218512
5531,0,0.05953688,0.32502475
5532,1,0.94665895,0.5560033
5533,0,0.05821156,0.25415741
5534,0,0.02983593,0.22118548
5535,0,0.05136578,0.2373687
5536,0,0.06305235,0.32742811
5537,0,0.03545798,0.2373687
5538,1,0.84986191,0.48704185
5539,0,0.05180041,0.2494302
5540,0,0.08512281,0.31778362
5541,0,0.03049187,0.2939466
5542,0,0.01996181,0.31835202
5543,0,0.0268519,0.25415741
5544,0,0.03134018,0.23356792
5545,0,0.05426552,0.23645384
5546,0,0.05958717,0.33109865
5547,0,0.02174692,0.22360057
5548,0,0.0711205,0.23943859
5549,0,0.03021767,0.22118548
5550,1,0.721157,0.38063409
5551,0,0.05507699,0.23819394
5552,0,0.07510194,0.23517935
5553,0,0.04909204,0.23819394
5554,0,0.05180041,0.2494302
5555,0,0.03493994,0.25002591
5556,0,0.03021767,0.22118548
5557,0,0.06305235,0.32742811
5558,0,0.05953688,0.32502475
5559,0,0.03021767,0.22118548
5560,0,0.00755789,0.22118548
5561,0,0.06143957,0.32742811
5562,1,0.90470025,0.39537873
5563,0,0.05402819,0.22324602
5564,1,0.90205011,0.28550393
5565,1,0.98799713,0.59204852
5566,1,0.92341858,0.42015021
5567,0,0.05421413,0.40996028
5568,0,0.05821156,0.25415741
5569,0,0.05392516,0.22047539
5570,0,0.07783137,0.2392559
5571,1,0.91765086,0.31668736
5572,1,0.58530689,0.27734789
5573,0,0.04692332,0.24941352
5574,0,0.07783137,0.2392559
5575,0,0.05953688,0.32502475
5576,0,0.05821156,0.25415741
5577,0,0.07783137,0.2392559
5578,0,0.04716376,0.25415741
5579,0,0.05071365,0.2551271
5580,0,0.05821156,0.25415741
5581,0,0.04599959,0.24863225
5582,0,0.05104989,0.2373687
5583,0,0.04526343,0.24610784
5584,0,0.07825632,0.24009572
5585,0,0.05243885,0.2373687
5586,0,0.05402819,0.22324602
5587,0,0.05243885,0.2373687
5588,0,0.04892788,0.25359988
5589,0,0.05243885,0.2373687
5590,1,0.96010891,0.64074689
5591,0,0.05821156,0.25415741
5592,0,0.07783137,0.2392559
5593,0,0.05821156,0.25415741
5594,0,0.05821156,0.25415741
5595,1,0.48319068,0.30748662
5596,0,0.05821156,0.25415741
5597,0,0.03891186,0.23902307
5598,0,0.07783137,0.2392559
5599,0,0.05583585,0.25415741
5600,0,0.0720581,0.2551271
5601,0,0.04526343,0.24610784
5602,0,0.05821156,0.25415741
5603,0,0.04719084,0.25415741
5604,0,0.05243885,0.2373687
5605,0,0.05821156,0.25415741
5606,0,0.0867988,0.2821329
5607,0,0.05953688,0.32502475
5608,0,0.19447448,0.27381899
5609,1,0.48319068,0.30748662
5610,0,0.08836958,0.2392559
5611,0,0.05243885,0.2373687
5612,0,0.05821156,0.25415741
5613,0,0.05136578,0.2373687
5614,0,0.05243885,0.2373687
5615,0,0.06175493,0.30611303
5616,0,0.06537404,0.22813727
5617,0,0.19447448,0.27381899
5618,0,0.03608336,0.25233576
5619,0,0.05821156,0.25415741
5620,0,0.05507699,0.23819394
5621,1,0.48319068,0.30748662
5622,0,0.04526343,0.24610784
5623,0,0.0850041,0.21063502
5624,1,0.48319068,0.30748662
5625,1,0.48319068,0.30748662
5626,0,0.0850041,0.21063502
5627,0,0.05524259,0.30086735
5628,0,0.48319068,0.30748662
5629,0,0.05606633,0.25415741
5630,1,0.88467935,0.2966235
5631,0,0.05219828,0.2373687
5632,0,0.05821156,0.25415741
5633,1,0.94407598,0.59306376
5634,0,0.07783137,0.2392559
5635,1,0.48319068,0.30748662
5636,1,0.48319068,0.30748662
5637,0,0.07783137,0.2392559
5638,0,0.05716389,0.2373687
5639,0,0.05524259,0.30086735
5640,1,0.05953688,0.32502475
5641,0,0.07783137,0.2392559
5642,0,0.05212593,0.22324602
5643,1,0.90018487,0.5452706
5644,0,0.05268753,0.20205625
5645,0,0.04521125,0.23028919
5646,0,0.05361586,0.23819394
5647,0,0.05858357,0.40996028
5648,0,0.05821156,0.25415741
5649,0,0.05542377,0.32502475
5650,0,0.48319068,0.30748662
5651,0,0.05243885,0.2373687
5652,0,0.05243885,0.2373687
5653,0,0.05821156,0.25415741
5654,0,0.04581027,0.2373687
5655,0,0.05104989,0.2373687
5656,0,0.05821156,0.25415741
5657,0,0.04599959,0.24863225
5658,0,0.48319068,0.30748662
5659,0,0.03021767,0.22118548
5660,0,0.03021767,0.22118548
5661,0,0.03608336,0.25233576
5662,0,0.07778204,0.2392559
5663,0,0.07825632,0.24009572
5664,0,0.05821156,0.25415741
